{"type": "FeatureCollection", "features": [{"type": "Feature", "properties": {"nom": "Vercheny"}, "geometry": {"type": "Polygon", "coordinates": [[[5.25346, 44.69787], [5.24366, 44.69575], [5.23947, 44.69276], [5.23808, 44.68989], [5.23692, 44.69033], [5.23695, 44.69236], [5.23384, 44.69716], [5.2313, 44.69939], [5.23206, 44.70333], [5.23117, 44.70756], [5.23251, 44.71494], [5.2306, 44.71733], [5.23127, 44.72046], [5.23029, 44.72494], [5.23307, 44.7301], [5.23477, 44.73136], [5.23257, 44.73533], [5.23267, 44.7373], [5.23477, 44.73519], [5.23663, 44.73596], [5.2382, 44.73443], [5.23937, 44.73551], [5.24026, 44.73475], [5.24402, 44.73446], [5.24499, 44.73363], [5.24947, 44.73347], [5.25738, 44.72888], [5.26149, 44.72849], [5.26517, 44.72927], [5.27026, 44.72902], [5.26814, 44.72145], [5.26965, 44.71184], [5.26922, 44.70915], [5.26608, 44.70456], [5.26439, 44.70336], [5.26292, 44.70057], [5.26021, 44.69832], [5.25346, 44.69787]]]}}, {"type": "Feature", "properties": {"nom": "Recoubeau-Jansac"}, "geometry": {"type": "Polygon", "coordinates": [[[5.41879, 44.67078], [5.4224, 44.67051], [5.4245, 44.67176], [5.42632, 44.67147], [5.42825, 44.66655], [5.42852, 44.662], [5.42996, 44.65687], [5.42967, 44.65426], [5.42343, 44.64943], [5.42443, 44.64753], [5.4238, 44.6458], [5.41964, 44.64411], [5.41589, 44.64115], [5.41196, 44.64234], [5.40921, 44.64172], [5.40841, 44.63958], [5.40717, 44.63905], [5.40127, 44.63092], [5.3978, 44.63025], [5.3979, 44.6298], [5.39203, 44.62784], [5.38981, 44.63007], [5.38696, 44.63108], [5.38578, 44.63264], [5.3794, 44.63601], [5.3777, 44.63609], [5.37546, 44.63908], [5.37947, 44.64198], [5.38015, 44.64567], [5.38389, 44.6508], [5.38657, 44.65732], [5.38907, 44.65773], [5.39459, 44.66162], [5.39519, 44.6631], [5.39418, 44.66431], [5.39633, 44.66643], [5.40131, 44.66912], [5.40173, 44.67248], [5.40462, 44.6738], [5.4079, 44.673], [5.41044, 44.67382], [5.41316, 44.67244], [5.41564, 44.6727], [5.41879, 44.67078]]]}}, {"type": "Feature", "properties": {"nom": "Mirabel-et-Blacons"}, "geometry": {"type": "Polygon", "coordinates": [[[5.14029, 44.69728], [5.13589, 44.69571], [5.12302, 44.6964], [5.1203, 44.69747], [5.1204, 44.70126], [5.11809, 44.70317], [5.11213, 44.7023], [5.11128, 44.70259], [5.11071, 44.70434], [5.10894, 44.70516], [5.10122, 44.70497], [5.09764, 44.70659], [5.09202, 44.70655], [5.07886, 44.71163], [5.07635, 44.71438], [5.08035, 44.71716], [5.0834, 44.72226], [5.08395, 44.72523], [5.08594, 44.7265], [5.08592, 44.7291], [5.08734, 44.73032], [5.10319, 44.73048], [5.10428, 44.72992], [5.10795, 44.73514], [5.1118, 44.7328], [5.114, 44.72979], [5.12315, 44.7233], [5.12625, 44.72319], [5.12729, 44.72248], [5.13273, 44.72145], [5.13486, 44.72028], [5.13877, 44.71984], [5.14412, 44.71717], [5.1464, 44.71776], [5.15052, 44.72234], [5.15466, 44.72066], [5.16169, 44.72152], [5.16422, 44.72274], [5.16683, 44.72267], [5.1706, 44.72377], [5.17312, 44.72199], [5.17306, 44.71159], [5.17144, 44.71121], [5.17032, 44.70998], [5.16738, 44.70872], [5.16757, 44.70757], [5.15639, 44.70288], [5.14523, 44.70129], [5.14178, 44.70225], [5.14302, 44.70041], [5.14324, 44.69745], [5.14029, 44.69728]]]}}, {"type": "Feature", "properties": {"nom": "Espenel"}, "geometry": {"type": "Polygon", "coordinates": [[[5.23071, 44.71696], [5.23251, 44.71494], [5.23117, 44.70756], [5.23206, 44.70333], [5.2313, 44.69939], [5.23384, 44.69716], [5.23695, 44.69236], [5.23692, 44.69033], [5.23776, 44.68969], [5.23947, 44.69276], [5.24366, 44.69575], [5.25545, 44.69808], [5.25893, 44.69808], [5.2599, 44.69654], [5.25979, 44.69266], [5.26116, 44.689], [5.25856, 44.68485], [5.26168, 44.68228], [5.26196, 44.68159], [5.26085, 44.68071], [5.26147, 44.67957], [5.25994, 44.67861], [5.25315, 44.66632], [5.24461, 44.66215], [5.24358, 44.66076], [5.23615, 44.66304], [5.23316, 44.66326], [5.22809, 44.66616], [5.22617, 44.66877], [5.22289, 44.66875], [5.22198, 44.66779], [5.22001, 44.66775], [5.21375, 44.66993], [5.21387, 44.67442], [5.21219, 44.67696], [5.21496, 44.67774], [5.21532, 44.68038], [5.21711, 44.68304], [5.21594, 44.68879], [5.21312, 44.68974], [5.21161, 44.68949], [5.21187, 44.69343], [5.21508, 44.69465], [5.21536, 44.6957], [5.2129, 44.69765], [5.21392, 44.70071], [5.21187, 44.70538], [5.21277, 44.71059], [5.21542, 44.71239], [5.21988, 44.71353], [5.22096, 44.71436], [5.22372, 44.71414], [5.22823, 44.71799], [5.23082, 44.71795], [5.23071, 44.71696]]]}}, {"type": "Feature", "properties": {"nom": "Chichilianne"}, "geometry": {"type": "Polygon", "coordinates": [[[5.57789, 44.77996], [5.57542, 44.78046], [5.57175, 44.78272], [5.56646, 44.78425], [5.56149, 44.78916], [5.55778, 44.78953], [5.55152, 44.79305], [5.55062, 44.79414], [5.54452, 44.79567], [5.54414, 44.78892], [5.55399, 44.77933], [5.55413, 44.77725], [5.55265, 44.77568], [5.55493, 44.77223], [5.55493, 44.77115], [5.55628, 44.77021], [5.55454, 44.76747], [5.53466, 44.77608], [5.53163, 44.77491], [5.52409, 44.7771], [5.51961, 44.77722], [5.51665, 44.77861], [5.511, 44.77935], [5.50536, 44.78148], [5.49493, 44.78263], [5.48156, 44.78602], [5.48099, 44.78722], [5.47647, 44.78862], [5.47683, 44.79002], [5.47979, 44.79186], [5.48026, 44.79285], [5.46923, 44.79338], [5.46416, 44.79242], [5.45851, 44.80045], [5.46271, 44.80304], [5.46603, 44.80399], [5.46919, 44.80622], [5.47614, 44.80698], [5.47676, 44.81566], [5.47841, 44.81664], [5.48188, 44.82099], [5.48487, 44.82248], [5.4849, 44.82311], [5.4945, 44.83044], [5.49976, 44.83327], [5.51781, 44.84579], [5.52584, 44.85], [5.52863, 44.85005], [5.52579, 44.84909], [5.52663, 44.84686], [5.52933, 44.84549], [5.52414, 44.84189], [5.52592, 44.84089], [5.52758, 44.84116], [5.53671, 44.83912], [5.54104, 44.83961], [5.54357, 44.8407], [5.54737, 44.83958], [5.54922, 44.84098], [5.55294, 44.84186], [5.55367, 44.84134], [5.5557, 44.84143], [5.5564, 44.84051], [5.56284, 44.84024], [5.56504, 44.83869], [5.56887, 44.83826], [5.57285, 44.83698], [5.57489, 44.83592], [5.57464, 44.83306], [5.57552, 44.83232], [5.58247, 44.83341], [5.58955, 44.83002], [5.59299, 44.8316], [5.59325, 44.83027], [5.59226, 44.83071], [5.59052, 44.8281], [5.58731, 44.82626], [5.58687, 44.8248], [5.58567, 44.82482], [5.58295, 44.82267], [5.58644, 44.82083], [5.59058, 44.82061], [5.59105, 44.81936], [5.59447, 44.81935], [5.59982, 44.81335], [5.60162, 44.8092], [5.60559, 44.80449], [5.60628, 44.80195], [5.60953, 44.79898], [5.61177, 44.79487], [5.6115, 44.79357], [5.61258, 44.7925], [5.60969, 44.78623], [5.60833, 44.77969], [5.60664, 44.77785], [5.60432, 44.7767], [5.60125, 44.77832], [5.60032, 44.7801], [5.59796, 44.78213], [5.59524, 44.78289], [5.59716, 44.78362], [5.59873, 44.78522], [5.58911, 44.78333], [5.58752, 44.78232], [5.58707, 44.78056], [5.58189, 44.77783], [5.57789, 44.77996]]]}}, {"type": "Feature", "properties": {"nom": "Chalancon"}, "geometry": {"type": "Polygon", "coordinates": [[[5.32193, 44.54341], [5.32671, 44.54208], [5.33269, 44.54272], [5.33352, 44.54349], [5.33597, 44.54314], [5.33879, 44.54387], [5.34419, 44.5466], [5.348, 44.54976], [5.35223, 44.5519], [5.35358, 44.55374], [5.35875, 44.55684], [5.36, 44.5589], [5.36353, 44.5592], [5.36727, 44.56034], [5.37259, 44.56016], [5.38171, 44.56255], [5.38366, 44.54393], [5.38247, 44.53759], [5.38237, 44.5313], [5.38064, 44.52718], [5.37486, 44.52081], [5.36877, 44.51922], [5.37071, 44.51166], [5.3716, 44.51111], [5.36944, 44.50519], [5.36743, 44.50421], [5.36631, 44.50442], [5.36635, 44.50498], [5.36461, 44.50372], [5.36403, 44.49804], [5.35683, 44.49242], [5.35047, 44.48993], [5.34464, 44.49501], [5.34263, 44.49533], [5.33549, 44.49926], [5.33364, 44.49954], [5.32545, 44.50726], [5.32477, 44.50728], [5.32334, 44.50946], [5.32272, 44.50785], [5.32102, 44.50647], [5.31225, 44.5093], [5.30945, 44.51085], [5.30903, 44.5101], [5.30633, 44.51053], [5.30066, 44.51415], [5.29741, 44.51445], [5.29668, 44.51618], [5.29318, 44.51789], [5.29236, 44.51918], [5.29235, 44.52191], [5.29004, 44.51858], [5.28727, 44.51982], [5.28772, 44.52205], [5.28463, 44.52712], [5.28433, 44.5313], [5.28212, 44.53617], [5.28356, 44.53892], [5.28278, 44.54015], [5.28483, 44.54116], [5.28331, 44.54474], [5.28434, 44.54752], [5.28386, 44.54923], [5.28769, 44.54953], [5.29208, 44.54755], [5.29447, 44.54735], [5.29729, 44.54449], [5.30499, 44.53939], [5.30588, 44.5399], [5.30704, 44.53917], [5.31025, 44.54031], [5.31504, 44.53841], [5.31829, 44.53825], [5.31882, 44.5405], [5.31816, 44.54193], [5.32081, 44.54425], [5.32193, 44.54341]]]}}, {"type": "Feature", "properties": {"nom": "Charens"}, "geometry": {"type": "Polygon", "coordinates": [[[5.50298, 44.5679], [5.50798, 44.56645], [5.51492, 44.56218], [5.52284, 44.55584], [5.52541, 44.5529], [5.52695, 44.55215], [5.52846, 44.55234], [5.52857, 44.54762], [5.5304, 44.54614], [5.5293, 44.54365], [5.52988, 44.54098], [5.52827, 44.53725], [5.52828, 44.53028], [5.52679, 44.52612], [5.51728, 44.51994], [5.51344, 44.51865], [5.5075, 44.52074], [5.49891, 44.52154], [5.49611, 44.52319], [5.49572, 44.52409], [5.49484, 44.52421], [5.49536, 44.52544], [5.49385, 44.52796], [5.49409, 44.53056], [5.49002, 44.53336], [5.48884, 44.53535], [5.49123, 44.53645], [5.49421, 44.54331], [5.49497, 44.55128], [5.4901, 44.55638], [5.49085, 44.56034], [5.48988, 44.56161], [5.48995, 44.56326], [5.49432, 44.56709], [5.49769, 44.56792], [5.5002, 44.56735], [5.50298, 44.5679]]]}}, {"type": "Feature", "properties": {"nom": "Saint-Sauveur-en-Diois"}, "geometry": {"type": "Polygon", "coordinates": [[[5.15664, 44.66483], [5.15735, 44.66759], [5.15567, 44.67358], [5.15626, 44.67524], [5.15507, 44.67679], [5.15223, 44.67795], [5.15215, 44.67881], [5.15296, 44.6839], [5.15624, 44.68659], [5.15695, 44.68821], [5.15672, 44.68957], [5.15448, 44.69223], [5.15611, 44.69435], [5.15542, 44.69672], [5.16149, 44.69442], [5.16649, 44.69509], [5.16729, 44.68852], [5.1702, 44.68747], [5.17256, 44.68744], [5.17408, 44.68662], [5.17562, 44.67992], [5.17763, 44.67776], [5.1766, 44.67675], [5.18018, 44.6767], [5.17944, 44.6755], [5.18162, 44.67097], [5.18044, 44.66289], [5.18099, 44.6596], [5.17833, 44.6548], [5.17266, 44.65526], [5.16481, 44.6584], [5.1572, 44.65891], [5.15664, 44.66483]]]}}, {"type": "Feature", "properties": {"nom": "Grane"}, "geometry": {"type": "Polygon", "coordinates": [[[4.8901, 44.67383], [4.88816, 44.67633], [4.88959, 44.6813], [4.8881, 44.68305], [4.87814, 44.67957], [4.87874, 44.68617], [4.87808, 44.69078], [4.87674, 44.69121], [4.87633, 44.69742], [4.87274, 44.70164], [4.86919, 44.70427], [4.87257, 44.70997], [4.87472, 44.71172], [4.87513, 44.71459], [4.86847, 44.71837], [4.86071, 44.71958], [4.85943, 44.72305], [4.85787, 44.72486], [4.86101, 44.72885], [4.86132, 44.7305], [4.85898, 44.73118], [4.85633, 44.73116], [4.85311, 44.73247], [4.85068, 44.73155], [4.84877, 44.73198], [4.84893, 44.73359], [4.85099, 44.73705], [4.85141, 44.74019], [4.85048, 44.74283], [4.8516, 44.74663], [4.84833, 44.75344], [4.85067, 44.7577], [4.85081, 44.75954], [4.85735, 44.75804], [4.86788, 44.75755], [4.86941, 44.75706], [4.86899, 44.75919], [4.87645, 44.75697], [4.87723, 44.75835], [4.9443, 44.7414], [4.94406, 44.73807], [4.94321, 44.73804], [4.9386, 44.72474], [4.93744, 44.72457], [4.93539, 44.72302], [4.93459, 44.71995], [4.93946, 44.71604], [4.93981, 44.71504], [4.93835, 44.7137], [4.93699, 44.70776], [4.93545, 44.70688], [4.93422, 44.70422], [4.93663, 44.6981], [4.93828, 44.69717], [4.93912, 44.69735], [4.93857, 44.69609], [4.93768, 44.69516], [4.93373, 44.69359], [4.92667, 44.68822], [4.92546, 44.68875], [4.9221, 44.68687], [4.91475, 44.68533], [4.91347, 44.6833], [4.91075, 44.68172], [4.90774, 44.67858], [4.90648, 44.67638], [4.90471, 44.67742], [4.90438, 44.67596], [4.8901, 44.67383]]]}}, {"type": "Feature", "properties": {"nom": "Beaumont-en-Diois"}, "geometry": {"type": "Polygon", "coordinates": [[[5.48614, 44.53547], [5.48407, 44.5365], [5.48324, 44.53619], [5.47979, 44.54071], [5.47732, 44.5401], [5.47542, 44.54118], [5.4674, 44.54106], [5.45844, 44.54463], [5.45333, 44.55011], [5.45101, 44.55075], [5.44843, 44.55399], [5.44879, 44.55648], [5.4534, 44.56025], [5.45155, 44.56116], [5.4492, 44.56431], [5.4485, 44.56426], [5.44523, 44.56674], [5.44336, 44.56713], [5.44059, 44.56936], [5.43703, 44.57079], [5.44025, 44.57345], [5.44068, 44.57728], [5.44704, 44.5771], [5.44882, 44.57864], [5.45001, 44.58287], [5.45452, 44.58689], [5.46053, 44.59], [5.46489, 44.58567], [5.46726, 44.58675], [5.46763, 44.58786], [5.47176, 44.59151], [5.47286, 44.58957], [5.4769, 44.58884], [5.47648, 44.58475], [5.47749, 44.58267], [5.48394, 44.5798], [5.49276, 44.57432], [5.4991, 44.57285], [5.50217, 44.57008], [5.50197, 44.56764], [5.5002, 44.56735], [5.49769, 44.56792], [5.49432, 44.56709], [5.48995, 44.56326], [5.48988, 44.56161], [5.49085, 44.56034], [5.4901, 44.55638], [5.49497, 44.55128], [5.49421, 44.54331], [5.49123, 44.53645], [5.48884, 44.53535], [5.48614, 44.53547]]]}}, {"type": "Feature", "properties": {"nom": "Poyols"}, "geometry": {"type": "Polygon", "coordinates": [[[5.44025, 44.57345], [5.43703, 44.57079], [5.43488, 44.57239], [5.43234, 44.573], [5.42656, 44.57702], [5.42058, 44.57957], [5.41732, 44.5834], [5.41555, 44.58448], [5.41446, 44.58663], [5.41245, 44.58693], [5.41117, 44.58584], [5.40515, 44.58584], [5.40293, 44.58484], [5.39962, 44.58564], [5.39937, 44.58643], [5.39652, 44.5877], [5.38821, 44.58949], [5.38932, 44.59522], [5.39212, 44.60055], [5.3956, 44.61167], [5.39911, 44.6111], [5.40464, 44.6117], [5.40676, 44.61093], [5.41251, 44.61196], [5.41487, 44.61102], [5.41794, 44.61139], [5.42629, 44.61478], [5.42754, 44.61709], [5.43197, 44.61967], [5.43338, 44.62194], [5.43602, 44.62329], [5.43963, 44.61705], [5.43947, 44.61613], [5.44192, 44.61312], [5.4375, 44.61136], [5.44051, 44.60357], [5.43723, 44.60113], [5.43679, 44.59914], [5.43334, 44.59436], [5.43299, 44.58945], [5.43613, 44.5828], [5.44068, 44.57728], [5.44025, 44.57345]]]}}, {"type": "Feature", "properties": {"nom": "Boulc"}, "geometry": {"type": "Polygon", "coordinates": [[[5.53995, 44.61842], [5.54292, 44.62223], [5.54592, 44.62379], [5.54358, 44.62904], [5.54351, 44.63214], [5.53957, 44.63339], [5.538, 44.63555], [5.53462, 44.63631], [5.53427, 44.63811], [5.52814, 44.64008], [5.52392, 44.64288], [5.5213, 44.64279], [5.52467, 44.6477], [5.52457, 44.65065], [5.52048, 44.66069], [5.52023, 44.66414], [5.52377, 44.66755], [5.52429, 44.67136], [5.53184, 44.67488], [5.53188, 44.67605], [5.53548, 44.67465], [5.53514, 44.67224], [5.53994, 44.67011], [5.54278, 44.66784], [5.54384, 44.6676], [5.5447, 44.66814], [5.54695, 44.66567], [5.55444, 44.66902], [5.55657, 44.67138], [5.55801, 44.67161], [5.5602, 44.67379], [5.56188, 44.67402], [5.56264, 44.67652], [5.56458, 44.67709], [5.5688, 44.67459], [5.57158, 44.67487], [5.57544, 44.67274], [5.57996, 44.67204], [5.58609, 44.66941], [5.59103, 44.66899], [5.59327, 44.66793], [5.59305, 44.6673], [5.59837, 44.66566], [5.60019, 44.66308], [5.60128, 44.66258], [5.60431, 44.66234], [5.60785, 44.66292], [5.6112, 44.66196], [5.61663, 44.66215], [5.6181, 44.66156], [5.61922, 44.66052], [5.61851, 44.66029], [5.6194, 44.65783], [5.6233, 44.6537], [5.62777, 44.65098], [5.63013, 44.65025], [5.63365, 44.65012], [5.63667, 44.65175], [5.64168, 44.65141], [5.64154, 44.64991], [5.64012, 44.64799], [5.64165, 44.63829], [5.63927, 44.63504], [5.64162, 44.63118], [5.64112, 44.62792], [5.64269, 44.62669], [5.64314, 44.62215], [5.6457, 44.62165], [5.64947, 44.61937], [5.64963, 44.61788], [5.64793, 44.6153], [5.64619, 44.60938], [5.64201, 44.61014], [5.64134, 44.60956], [5.63513, 44.60902], [5.63657, 44.60454], [5.63456, 44.60109], [5.63197, 44.59975], [5.63083, 44.59652], [5.62908, 44.59541], [5.62748, 44.59497], [5.6242, 44.59577], [5.62202, 44.59557], [5.61841, 44.5973], [5.61679, 44.6], [5.62048, 44.60179], [5.62071, 44.60349], [5.61724, 44.60584], [5.60936, 44.60809], [5.60184, 44.60876], [5.59939, 44.61013], [5.59736, 44.60889], [5.5962, 44.60643], [5.59408, 44.60533], [5.58921, 44.60521], [5.58539, 44.60435], [5.58045, 44.60846], [5.57267, 44.61143], [5.56792, 44.61], [5.56597, 44.60995], [5.5623, 44.61208], [5.55861, 44.61328], [5.55383, 44.61253], [5.5464, 44.6096], [5.5422, 44.60924], [5.54049, 44.60985], [5.53949, 44.61109], [5.53904, 44.61537], [5.53801, 44.61711], [5.53995, 44.61842]]]}}, {"type": "Feature", "properties": {"nom": "Marignac-en-Diois"}, "geometry": {"type": "Polygon", "coordinates": [[[5.33419, 44.82922], [5.34089, 44.8321], [5.34807, 44.83234], [5.35099, 44.83153], [5.35246, 44.83047], [5.3554, 44.83018], [5.36204, 44.8269], [5.36433, 44.82689], [5.36869, 44.82298], [5.3656, 44.81997], [5.36312, 44.811], [5.36105, 44.80881], [5.35868, 44.80333], [5.35866, 44.79937], [5.35707, 44.79171], [5.35798, 44.7884], [5.35515, 44.78898], [5.35159, 44.79157], [5.34768, 44.7917], [5.34549, 44.79052], [5.34063, 44.78567], [5.33909, 44.78512], [5.33444, 44.78659], [5.32406, 44.79158], [5.3216, 44.79322], [5.31878, 44.79734], [5.31353, 44.79969], [5.31109, 44.80164], [5.2963, 44.80588], [5.29266, 44.80642], [5.2911, 44.80798], [5.28991, 44.81068], [5.28994, 44.81602], [5.30194, 44.8157], [5.30987, 44.81855], [5.31151, 44.81815], [5.32573, 44.82571], [5.33198, 44.82985], [5.33419, 44.82922]]]}}, {"type": "Feature", "properties": {"nom": "Saint-And\u00e9ol"}, "geometry": {"type": "Polygon", "coordinates": [[[5.28666, 44.80372], [5.28912, 44.80086], [5.28874, 44.79857], [5.29086, 44.79405], [5.28617, 44.79395], [5.28194, 44.79221], [5.27944, 44.79236], [5.27526, 44.79073], [5.27396, 44.78958], [5.27093, 44.78935], [5.2698, 44.79166], [5.26627, 44.79449], [5.25443, 44.79272], [5.24355, 44.79324], [5.23811, 44.79498], [5.23568, 44.79943], [5.23617, 44.80072], [5.23533, 44.80223], [5.2386, 44.8096], [5.23909, 44.81285], [5.24098, 44.81402], [5.24131, 44.8164], [5.24287, 44.81837], [5.24261, 44.82408], [5.24099, 44.82638], [5.24155, 44.82948], [5.24103, 44.83264], [5.24526, 44.83133], [5.25037, 44.8286], [5.2558, 44.82693], [5.2561, 44.82572], [5.25719, 44.82513], [5.26642, 44.82292], [5.27353, 44.81851], [5.28507, 44.81596], [5.2881, 44.81756], [5.28994, 44.81602], [5.28991, 44.81068], [5.29223, 44.80663], [5.28666, 44.80372]]]}}, {"type": "Feature", "properties": {"nom": "Autichamp"}, "geometry": {"type": "Polygon", "coordinates": [[[4.99061, 44.682], [4.98789, 44.67803], [4.98841, 44.6772], [4.98707, 44.6731], [4.98436, 44.67456], [4.97973, 44.67517], [4.97827, 44.67482], [4.97696, 44.6715], [4.9726, 44.67137], [4.97113, 44.67056], [4.96943, 44.66598], [4.96602, 44.66368], [4.96372, 44.65994], [4.96212, 44.66377], [4.96272, 44.66547], [4.96804, 44.67032], [4.96879, 44.67236], [4.96733, 44.67535], [4.95936, 44.67238], [4.96036, 44.6735], [4.96041, 44.67596], [4.96141, 44.67795], [4.95699, 44.6805], [4.95591, 44.68028], [4.95319, 44.6823], [4.95355, 44.6836], [4.95524, 44.68496], [4.95822, 44.68579], [4.95699, 44.68851], [4.95452, 44.68909], [4.95826, 44.69148], [4.9615, 44.69224], [4.96676, 44.69672], [4.97129, 44.69707], [4.97688, 44.69624], [4.98426, 44.69281], [4.98623, 44.69238], [4.98927, 44.69284], [4.98971, 44.68969], [4.98834, 44.68661], [4.98891, 44.68566], [4.99112, 44.68495], [4.99061, 44.682]]]}}, {"type": "Feature", "properties": {"nom": "Pi\u00e9gros-la-Clastre"}, "geometry": {"type": "Polygon", "coordinates": [[[5.05279, 44.671], [5.05588, 44.67358], [5.05606, 44.6772], [5.06055, 44.68077], [5.06021, 44.68277], [5.06252, 44.68311], [5.06591, 44.68563], [5.0683, 44.68578], [5.06774, 44.68663], [5.06875, 44.68671], [5.06586, 44.6916], [5.06957, 44.69557], [5.06925, 44.69706], [5.07044, 44.69765], [5.0708, 44.69872], [5.06932, 44.7021], [5.06796, 44.71321], [5.07459, 44.7149], [5.07683, 44.71409], [5.07886, 44.71163], [5.09202, 44.70655], [5.09764, 44.70659], [5.10122, 44.70497], [5.10894, 44.70516], [5.11071, 44.70434], [5.11128, 44.70259], [5.11213, 44.7023], [5.11809, 44.70317], [5.12016, 44.70187], [5.12005, 44.69792], [5.12188, 44.6967], [5.1249, 44.69606], [5.13551, 44.69574], [5.13548, 44.69219], [5.13217, 44.6825], [5.13304, 44.68054], [5.13577, 44.67776], [5.13462, 44.67574], [5.13598, 44.6736], [5.13494, 44.67038], [5.13502, 44.66079], [5.11879, 44.66168], [5.11372, 44.66392], [5.10744, 44.6647], [5.09918, 44.66873], [5.09603, 44.66884], [5.0919, 44.66814], [5.08793, 44.6694], [5.07947, 44.67077], [5.07522, 44.67024], [5.06922, 44.66575], [5.06255, 44.66645], [5.05703, 44.66446], [5.05296, 44.66505], [5.05279, 44.671]]]}}, {"type": "Feature", "properties": {"nom": "Chabrillan"}, "geometry": {"type": "Polygon", "coordinates": [[[4.94866, 44.74033], [4.96143, 44.73454], [4.96962, 44.73307], [4.97149, 44.73219], [4.97947, 44.73157], [4.97883, 44.7284], [4.98011, 44.72521], [4.97951, 44.72463], [4.9805, 44.72436], [4.98056, 44.72323], [4.98216, 44.72201], [4.98232, 44.7191], [4.98413, 44.71722], [4.98317, 44.71371], [4.98798, 44.71315], [4.99001, 44.71169], [4.98895, 44.70496], [4.9863, 44.70088], [4.98873, 44.69824], [4.98927, 44.69284], [4.98623, 44.69238], [4.97688, 44.69624], [4.96866, 44.69699], [4.96676, 44.69672], [4.9615, 44.69224], [4.95899, 44.69178], [4.95452, 44.68909], [4.95314, 44.68899], [4.94646, 44.69027], [4.94489, 44.69203], [4.94177, 44.69387], [4.9395, 44.69742], [4.93828, 44.69717], [4.93663, 44.6981], [4.93422, 44.70422], [4.93545, 44.70688], [4.93699, 44.70776], [4.93835, 44.7137], [4.93981, 44.71504], [4.93946, 44.71604], [4.93459, 44.71995], [4.93539, 44.72302], [4.93744, 44.72457], [4.9386, 44.72474], [4.94321, 44.73804], [4.94406, 44.73807], [4.9443, 44.7414], [4.94866, 44.74033]]]}}, {"type": "Feature", "properties": {"nom": "Val-Maravel"}, "geometry": {"type": "Polygon", "coordinates": [[[5.60664, 44.56682], [5.60203, 44.56693], [5.60073, 44.56831], [5.5955, 44.56846], [5.59218, 44.56994], [5.58995, 44.56947], [5.58929, 44.57153], [5.58604, 44.57386], [5.57565, 44.57851], [5.57168, 44.57849], [5.56947, 44.57982], [5.56681, 44.57948], [5.55605, 44.58033], [5.55343, 44.58096], [5.5517, 44.58209], [5.55314, 44.58695], [5.55192, 44.59011], [5.55227, 44.59258], [5.5504, 44.59753], [5.55117, 44.59813], [5.55165, 44.60098], [5.54757, 44.61004], [5.55383, 44.61253], [5.55861, 44.61328], [5.5623, 44.61208], [5.56597, 44.60995], [5.56792, 44.61], [5.57267, 44.61143], [5.58045, 44.60846], [5.58539, 44.60435], [5.58921, 44.60521], [5.59408, 44.60533], [5.5962, 44.60643], [5.59736, 44.60889], [5.59939, 44.61013], [5.60184, 44.60876], [5.60936, 44.60809], [5.61484, 44.60672], [5.61865, 44.60509], [5.62071, 44.60349], [5.6208, 44.60219], [5.61679, 44.6], [5.61697, 44.5992], [5.61841, 44.5973], [5.62115, 44.59578], [5.6242, 44.59577], [5.62748, 44.59497], [5.62772, 44.59164], [5.62573, 44.58957], [5.62685, 44.58783], [5.62502, 44.58585], [5.62204, 44.58584], [5.62014, 44.58437], [5.61786, 44.58401], [5.616, 44.5794], [5.61601, 44.57701], [5.61531, 44.57652], [5.61598, 44.57474], [5.61532, 44.57329], [5.61356, 44.57149], [5.609, 44.57097], [5.60664, 44.56682]]]}}, {"type": "Feature", "properties": {"nom": "La Roche-sur-Grane"}, "geometry": {"type": "Polygon", "coordinates": [[[4.94515, 44.65824], [4.94404, 44.65782], [4.94484, 44.65665], [4.94121, 44.65353], [4.93729, 44.6557], [4.93717, 44.65685], [4.93511, 44.65933], [4.93544, 44.6611], [4.93459, 44.66172], [4.93475, 44.66304], [4.93025, 44.6654], [4.92972, 44.66599], [4.93071, 44.66655], [4.93032, 44.66743], [4.92845, 44.66874], [4.92332, 44.66897], [4.9191, 44.66995], [4.90978, 44.675], [4.90481, 44.67465], [4.90424, 44.67504], [4.90471, 44.67742], [4.90648, 44.67638], [4.90774, 44.67858], [4.91075, 44.68172], [4.91347, 44.6833], [4.91475, 44.68533], [4.9221, 44.68687], [4.92546, 44.68875], [4.92667, 44.68822], [4.92751, 44.68861], [4.93373, 44.69359], [4.93813, 44.69548], [4.9395, 44.69742], [4.94177, 44.69387], [4.94489, 44.69203], [4.94646, 44.69027], [4.95699, 44.68851], [4.95822, 44.68579], [4.95524, 44.68496], [4.95355, 44.6836], [4.95319, 44.6823], [4.95591, 44.68028], [4.95699, 44.6805], [4.96141, 44.67795], [4.96041, 44.67596], [4.96036, 44.6735], [4.95936, 44.67238], [4.96754, 44.67532], [4.96879, 44.67219], [4.96804, 44.67032], [4.96272, 44.66547], [4.96212, 44.66377], [4.96372, 44.65994], [4.96252, 44.65873], [4.94515, 44.65824]]]}}, {"type": "Feature", "properties": {"nom": "Divajeu"}, "geometry": {"type": "Polygon", "coordinates": [[[5.01163, 44.67923], [5.01247, 44.68096], [5.01124, 44.68366], [5.00954, 44.68567], [5.00746, 44.68623], [5.00757, 44.68699], [5.00618, 44.68762], [5.00577, 44.68657], [5.00452, 44.68619], [5.003, 44.68459], [4.99659, 44.68301], [4.98876, 44.68586], [4.98831, 44.68707], [4.98971, 44.68969], [4.98886, 44.69398], [4.98921, 44.69665], [4.98868, 44.69835], [4.9863, 44.70088], [4.98895, 44.70496], [4.99001, 44.71169], [4.98798, 44.71315], [4.98317, 44.71371], [4.98413, 44.71722], [4.98232, 44.7191], [4.98216, 44.72201], [4.98056, 44.72323], [4.9805, 44.72436], [4.97951, 44.72463], [4.98011, 44.72521], [4.97883, 44.7284], [4.97947, 44.73157], [4.98562, 44.73187], [4.98981, 44.73138], [4.98896, 44.72813], [4.99329, 44.72606], [4.99425, 44.72503], [4.99342, 44.72405], [4.99501, 44.72096], [4.99517, 44.71823], [4.99705, 44.71565], [4.99636, 44.71266], [4.99791, 44.71192], [5.00012, 44.7083], [5.00259, 44.70876], [5.01221, 44.70827], [5.01395, 44.70927], [5.01419, 44.71278], [5.02059, 44.71065], [5.02022, 44.7053], [5.02567, 44.70293], [5.03354, 44.70252], [5.04018, 44.70534], [5.03953, 44.70476], [5.04049, 44.70122], [5.03866, 44.69674], [5.03679, 44.69502], [5.03667, 44.69351], [5.03868, 44.68821], [5.04059, 44.68654], [5.04053, 44.68545], [5.03914, 44.68534], [5.03705, 44.68342], [5.03441, 44.68283], [5.03343, 44.68189], [5.03184, 44.68226], [5.03204, 44.6827], [5.02985, 44.68239], [5.02915, 44.68283], [5.02447, 44.68084], [5.02251, 44.67829], [5.02005, 44.67798], [5.01904, 44.67709], [5.01663, 44.67768], [5.01519, 44.67713], [5.01163, 44.67923]]]}}, {"type": "Feature", "properties": {"nom": "Saint-Nazaire-le-D\u00e9sert"}, "geometry": {"type": "Polygon", "coordinates": [[[5.22962, 44.57196], [5.23024, 44.57425], [5.23214, 44.5769], [5.23979, 44.57626], [5.24273, 44.57172], [5.24435, 44.57465], [5.24426, 44.57626], [5.24616, 44.57884], [5.24518, 44.58581], [5.2465, 44.5869], [5.24951, 44.58756], [5.24812, 44.5901], [5.24808, 44.59221], [5.24457, 44.5948], [5.24604, 44.59457], [5.24804, 44.59775], [5.25091, 44.59835], [5.25155, 44.60012], [5.25096, 44.602], [5.25536, 44.60297], [5.25628, 44.60641], [5.26563, 44.60676], [5.26638, 44.60305], [5.27054, 44.6029], [5.27538, 44.60021], [5.27547, 44.59927], [5.27829, 44.59658], [5.27967, 44.59403], [5.28838, 44.59159], [5.29224, 44.58951], [5.2967, 44.58852], [5.30195, 44.58071], [5.30967, 44.5765], [5.3094, 44.57579], [5.31013, 44.5755], [5.30943, 44.57399], [5.31227, 44.57244], [5.31864, 44.57078], [5.32166, 44.56699], [5.32144, 44.56549], [5.32246, 44.5657], [5.32353, 44.5647], [5.32487, 44.56459], [5.32496, 44.56077], [5.32558, 44.56041], [5.32422, 44.55648], [5.32471, 44.55529], [5.32339, 44.55451], [5.32296, 44.55091], [5.31933, 44.5478], [5.31928, 44.54677], [5.32099, 44.54482], [5.31816, 44.54193], [5.31882, 44.5405], [5.31829, 44.53825], [5.31504, 44.53841], [5.31025, 44.54031], [5.30704, 44.53917], [5.30588, 44.5399], [5.30499, 44.53939], [5.29729, 44.54449], [5.29447, 44.54735], [5.29208, 44.54755], [5.28769, 44.54953], [5.28386, 44.54923], [5.28434, 44.54752], [5.28331, 44.54474], [5.28483, 44.54116], [5.28275, 44.5401], [5.28357, 44.53917], [5.28212, 44.53617], [5.28284, 44.53506], [5.28048, 44.53369], [5.28128, 44.53168], [5.27942, 44.52843], [5.27754, 44.52783], [5.27534, 44.52565], [5.27531, 44.5247], [5.27381, 44.52485], [5.27249, 44.52366], [5.27114, 44.52378], [5.26993, 44.52295], [5.2668, 44.52236], [5.26563, 44.5204], [5.26382, 44.51982], [5.26255, 44.518], [5.25666, 44.51644], [5.25475, 44.51386], [5.25243, 44.5124], [5.25014, 44.51293], [5.24687, 44.51265], [5.24124, 44.51026], [5.2403, 44.51118], [5.24076, 44.51423], [5.23776, 44.52012], [5.24044, 44.5208], [5.24163, 44.52388], [5.238, 44.5297], [5.23628, 44.537], [5.23313, 44.54446], [5.23137, 44.55242], [5.22959, 44.55611], [5.22865, 44.56609], [5.22762, 44.56837], [5.22811, 44.57187], [5.22962, 44.57196]]]}}, {"type": "Feature", "properties": {"nom": "Le Chaffal"}, "geometry": {"type": "Polygon", "coordinates": [[[5.17228, 44.8855], [5.17351, 44.88768], [5.17813, 44.888], [5.1817, 44.89125], [5.18657, 44.8929], [5.19208, 44.89661], [5.19001, 44.89313], [5.19373, 44.89509], [5.19544, 44.89159], [5.19562, 44.88784], [5.19489, 44.88667], [5.19787, 44.88349], [5.19977, 44.88325], [5.19985, 44.88469], [5.20955, 44.88405], [5.20826, 44.881], [5.20797, 44.87467], [5.20645, 44.86796], [5.20319, 44.86691], [5.2016, 44.87037], [5.20237, 44.87194], [5.20069, 44.87355], [5.19938, 44.87642], [5.1893, 44.87626], [5.19002, 44.87273], [5.18877, 44.86532], [5.18987, 44.86349], [5.18897, 44.86184], [5.19021, 44.86101], [5.18878, 44.85891], [5.19, 44.85688], [5.19153, 44.85615], [5.19079, 44.85285], [5.18581, 44.85346], [5.18413, 44.85652], [5.18331, 44.85611], [5.18256, 44.85734], [5.18143, 44.85766], [5.18124, 44.86015], [5.17762, 44.85943], [5.17485, 44.85781], [5.17099, 44.85753], [5.16757, 44.85445], [5.16409, 44.85299], [5.16459, 44.85092], [5.16726, 44.85003], [5.1661, 44.84895], [5.15774, 44.85051], [5.15829, 44.85375], [5.15739, 44.86219], [5.15798, 44.86697], [5.15912, 44.86826], [5.15851, 44.87007], [5.16089, 44.87602], [5.15293, 44.87452], [5.15365, 44.87568], [5.1536, 44.87842], [5.15646, 44.88259], [5.16124, 44.88734], [5.17228, 44.8855]]]}}, {"type": "Feature", "properties": {"nom": "Jonch\u00e8res"}, "geometry": {"type": "Polygon", "coordinates": [[[5.38252, 44.53582], [5.38354, 44.54755], [5.38217, 44.555], [5.38224, 44.56056], [5.38058, 44.5638], [5.38069, 44.56951], [5.37894, 44.57838], [5.37903, 44.58257], [5.38099, 44.58652], [5.38276, 44.58779], [5.38821, 44.58949], [5.39652, 44.5877], [5.39937, 44.58643], [5.39962, 44.58564], [5.40293, 44.58484], [5.40515, 44.58584], [5.41117, 44.58584], [5.41245, 44.58693], [5.41446, 44.58663], [5.41555, 44.58448], [5.41732, 44.5834], [5.42058, 44.57957], [5.42656, 44.57702], [5.43234, 44.573], [5.43488, 44.57239], [5.43922, 44.56965], [5.43894, 44.56832], [5.43473, 44.56458], [5.4263, 44.56595], [5.42397, 44.5652], [5.42109, 44.566], [5.42114, 44.56182], [5.42019, 44.56132], [5.42096, 44.55963], [5.41944, 44.55738], [5.4195, 44.55381], [5.41543, 44.55193], [5.41484, 44.55039], [5.41517, 44.54699], [5.41271, 44.54749], [5.40258, 44.54662], [5.40037, 44.54479], [5.39816, 44.54153], [5.39289, 44.53898], [5.39207, 44.53638], [5.39039, 44.53566], [5.38252, 44.53582]]]}}, {"type": "Feature", "properties": {"nom": "Aucelon"}, "geometry": {"type": "Polygon", "coordinates": [[[5.3739, 44.58702], [5.37056, 44.58802], [5.3711, 44.59293], [5.37024, 44.59514], [5.36841, 44.5965], [5.36742, 44.59859], [5.36392, 44.59938], [5.36133, 44.60077], [5.35422, 44.6013], [5.35005, 44.60483], [5.34081, 44.60693], [5.33696, 44.60653], [5.33466, 44.60473], [5.33076, 44.60534], [5.32926, 44.60473], [5.32452, 44.60471], [5.31461, 44.60934], [5.31245, 44.6094], [5.30933, 44.60844], [5.30755, 44.6069], [5.30631, 44.60734], [5.30206, 44.61168], [5.30008, 44.61479], [5.29966, 44.61377], [5.29823, 44.614], [5.29581, 44.61724], [5.29381, 44.61827], [5.28893, 44.61875], [5.28885, 44.62027], [5.29051, 44.62162], [5.28918, 44.62338], [5.2904, 44.62664], [5.29233, 44.62736], [5.29636, 44.62748], [5.29973, 44.62889], [5.30279, 44.62893], [5.3035, 44.62819], [5.3045, 44.62876], [5.30521, 44.62837], [5.30335, 44.62701], [5.30328, 44.6262], [5.30717, 44.62594], [5.30819, 44.62526], [5.30984, 44.6255], [5.31168, 44.62323], [5.31269, 44.62372], [5.31504, 44.62303], [5.31843, 44.62423], [5.32043, 44.62354], [5.32097, 44.6243], [5.32277, 44.62461], [5.32418, 44.62384], [5.3261, 44.62446], [5.33001, 44.62335], [5.3324, 44.62401], [5.33307, 44.62613], [5.33511, 44.62591], [5.34099, 44.62782], [5.3431, 44.62758], [5.34443, 44.62861], [5.34677, 44.62831], [5.34691, 44.62896], [5.34406, 44.6319], [5.3469, 44.63547], [5.34652, 44.63995], [5.34254, 44.6447], [5.34893, 44.64501], [5.35867, 44.64335], [5.36561, 44.64312], [5.37162, 44.64167], [5.37546, 44.63908], [5.3777, 44.63609], [5.3794, 44.63601], [5.38578, 44.63264], [5.38799, 44.63032], [5.38981, 44.63007], [5.3915, 44.62849], [5.39289, 44.62629], [5.39522, 44.61658], [5.39474, 44.61475], [5.3956, 44.61167], [5.39212, 44.60055], [5.38932, 44.59522], [5.38821, 44.58949], [5.38276, 44.58779], [5.38099, 44.58652], [5.3739, 44.58702]]]}}, {"type": "Feature", "properties": {"nom": "La R\u00e9para-Auriples"}, "geometry": {"type": "Polygon", "coordinates": [[[5.01732, 44.67386], [5.01727, 44.67265], [5.01914, 44.67041], [5.01949, 44.66829], [5.02399, 44.66302], [5.00915, 44.65732], [5.01191, 44.65646], [5.01647, 44.65214], [5.01569, 44.64967], [5.00828, 44.64669], [5.00587, 44.64325], [5.00163, 44.64476], [4.99966, 44.64382], [4.99954, 44.6429], [4.99622, 44.64224], [4.99474, 44.6426], [4.99327, 44.6414], [4.99125, 44.64254], [4.99152, 44.6405], [4.9902, 44.63718], [4.9911, 44.62683], [4.99066, 44.62455], [4.98895, 44.62297], [4.98833, 44.61965], [4.98767, 44.61951], [4.98546, 44.62233], [4.98631, 44.62681], [4.98585, 44.63495], [4.98482, 44.63713], [4.98595, 44.64046], [4.98496, 44.64239], [4.98356, 44.6432], [4.9819, 44.64747], [4.97849, 44.65026], [4.97375, 44.6485], [4.97183, 44.65227], [4.97074, 44.6523], [4.96939, 44.65067], [4.96876, 44.65084], [4.97078, 44.65632], [4.96824, 44.65666], [4.96252, 44.65873], [4.96602, 44.66368], [4.96943, 44.66598], [4.97113, 44.67056], [4.9726, 44.67137], [4.97696, 44.6715], [4.97821, 44.67478], [4.97973, 44.67517], [4.98436, 44.67456], [4.98707, 44.6731], [4.98841, 44.6772], [4.98789, 44.67803], [4.99061, 44.682], [4.99112, 44.68495], [4.99659, 44.68301], [5.003, 44.68459], [5.00452, 44.68619], [5.00577, 44.68657], [5.00618, 44.68762], [5.00757, 44.68699], [5.00746, 44.68623], [5.00954, 44.68567], [5.01124, 44.68366], [5.01247, 44.68096], [5.01163, 44.67923], [5.01519, 44.67713], [5.01732, 44.67386]]]}}, {"type": "Feature", "properties": {"nom": "Ponet-et-Saint-Auban"}, "geometry": {"type": "Polygon", "coordinates": [[[5.28874, 44.79857], [5.28912, 44.80086], [5.28666, 44.80372], [5.29223, 44.80663], [5.31109, 44.80164], [5.31353, 44.79969], [5.31878, 44.79734], [5.3216, 44.79322], [5.32406, 44.79158], [5.33444, 44.78659], [5.33866, 44.78526], [5.33028, 44.76737], [5.32328, 44.76792], [5.31964, 44.76879], [5.31433, 44.76777], [5.31478, 44.7664], [5.3187, 44.76541], [5.31988, 44.76297], [5.32446, 44.76302], [5.32625, 44.75915], [5.32895, 44.75737], [5.32995, 44.75208], [5.32768, 44.74846], [5.32464, 44.74814], [5.32237, 44.7489], [5.3186, 44.74535], [5.31731, 44.74544], [5.31296, 44.74759], [5.30909, 44.74816], [5.30771, 44.74985], [5.30944, 44.75409], [5.30807, 44.75658], [5.30238, 44.7585], [5.30232, 44.76087], [5.30345, 44.76316], [5.30675, 44.76456], [5.30982, 44.76678], [5.30488, 44.77015], [5.30568, 44.77192], [5.30548, 44.77572], [5.30283, 44.77699], [5.29775, 44.78145], [5.29554, 44.78741], [5.29287, 44.79014], [5.28874, 44.79857]]]}}, {"type": "Feature", "properties": {"nom": "Barsac"}, "geometry": {"type": "Polygon", "coordinates": [[[5.31296, 44.74759], [5.31731, 44.74544], [5.3186, 44.74535], [5.3195, 44.74387], [5.32043, 44.74012], [5.31833, 44.73828], [5.31804, 44.73608], [5.3203, 44.73232], [5.31882, 44.72992], [5.31871, 44.72738], [5.32148, 44.72787], [5.32217, 44.72724], [5.3261, 44.72647], [5.32974, 44.72457], [5.33332, 44.72429], [5.33476, 44.7221], [5.3384, 44.7203], [5.34191, 44.71736], [5.34315, 44.71467], [5.34206, 44.71349], [5.34062, 44.71228], [5.33435, 44.71026], [5.32892, 44.70739], [5.32478, 44.70643], [5.32224, 44.70483], [5.31851, 44.7041], [5.31713, 44.70561], [5.31346, 44.70743], [5.31241, 44.70879], [5.30881, 44.71037], [5.30566, 44.71029], [5.30143, 44.70896], [5.30139, 44.71116], [5.29855, 44.71334], [5.29901, 44.71539], [5.29993, 44.71531], [5.29994, 44.71621], [5.30065, 44.71622], [5.29998, 44.71771], [5.29822, 44.7179], [5.29855, 44.7189], [5.29793, 44.71891], [5.29768, 44.71799], [5.29173, 44.71869], [5.28882, 44.72007], [5.28595, 44.71958], [5.28146, 44.72102], [5.2788, 44.72104], [5.27828, 44.71828], [5.27642, 44.71783], [5.2761, 44.71488], [5.27501, 44.7137], [5.27354, 44.71307], [5.27233, 44.71355], [5.26937, 44.71316], [5.26806, 44.71968], [5.27026, 44.72902], [5.2699, 44.73241], [5.27704, 44.73483], [5.28583, 44.7407], [5.2901, 44.75054], [5.29423, 44.75066], [5.29479, 44.74794], [5.29648, 44.74655], [5.29649, 44.7451], [5.29969, 44.74508], [5.30909, 44.74816], [5.31296, 44.74759]]]}}, {"type": "Feature", "properties": {"nom": "Solaure en Diois"}, "geometry": {"type": "Polygon", "coordinates": [[[5.42589, 44.69938], [5.42086, 44.6979], [5.41855, 44.69512], [5.41727, 44.69192], [5.41712, 44.68909], [5.40398, 44.68662], [5.39862, 44.68794], [5.39142, 44.68708], [5.38609, 44.68744], [5.38032, 44.69205], [5.37745, 44.69217], [5.37658, 44.69143], [5.3754, 44.69269], [5.37374, 44.69322], [5.37201, 44.69279], [5.36702, 44.69367], [5.36617, 44.69629], [5.36144, 44.6939], [5.35928, 44.69363], [5.35764, 44.69246], [5.35543, 44.69477], [5.35115, 44.69763], [5.34602, 44.69877], [5.34277, 44.70046], [5.34088, 44.70037], [5.33666, 44.70452], [5.33618, 44.70608], [5.3332, 44.70336], [5.33024, 44.70344], [5.32853, 44.70438], [5.32724, 44.70397], [5.3257, 44.7043], [5.32561, 44.70674], [5.32892, 44.70739], [5.33435, 44.71026], [5.34062, 44.71228], [5.34315, 44.71467], [5.34608, 44.71312], [5.35672, 44.71122], [5.35926, 44.71151], [5.36283, 44.71362], [5.36825, 44.71447], [5.37005, 44.71262], [5.37271, 44.7117], [5.37394, 44.71161], [5.3748, 44.71242], [5.37623, 44.71264], [5.3784, 44.71153], [5.38011, 44.71137], [5.38695, 44.71202], [5.39506, 44.71648], [5.39543, 44.71719], [5.39498, 44.72028], [5.39553, 44.72204], [5.39204, 44.72758], [5.39278, 44.72835], [5.39439, 44.72847], [5.39736, 44.72997], [5.39931, 44.72896], [5.40369, 44.73012], [5.41603, 44.72968], [5.42288, 44.73145], [5.42168, 44.73409], [5.41987, 44.73559], [5.42214, 44.73568], [5.42963, 44.72788], [5.42512, 44.7248], [5.421, 44.72451], [5.41747, 44.72339], [5.40881, 44.71949], [5.40809, 44.71969], [5.40662, 44.71819], [5.40452, 44.71864], [5.39974, 44.71846], [5.40057, 44.71591], [5.39601, 44.71498], [5.39667, 44.7135], [5.39856, 44.71273], [5.40289, 44.71409], [5.40569, 44.71588], [5.40856, 44.7165], [5.41147, 44.71583], [5.41453, 44.71331], [5.41617, 44.713], [5.41629, 44.71147], [5.41871, 44.71141], [5.42133, 44.7104], [5.42358, 44.71074], [5.42979, 44.70325], [5.42589, 44.69938]]]}}, {"type": "Feature", "properties": {"nom": "Valdr\u00f4me"}, "geometry": {"type": "Polygon", "coordinates": [[[5.5469, 44.52502], [5.54899, 44.52241], [5.5547, 44.52031], [5.55762, 44.52096], [5.56142, 44.51997], [5.56769, 44.5153], [5.57618, 44.51608], [5.57848, 44.51725], [5.57974, 44.51939], [5.58482, 44.51828], [5.58708, 44.52134], [5.59001, 44.51929], [5.59278, 44.51902], [5.59439, 44.51755], [5.59754, 44.51656], [5.59838, 44.51566], [5.60003, 44.51588], [5.60191, 44.51714], [5.60557, 44.51646], [5.60652, 44.51395], [5.60577, 44.51158], [5.60767, 44.50979], [5.60946, 44.50955], [5.61048, 44.50685], [5.62025, 44.5024], [5.62628, 44.49812], [5.6233, 44.4896], [5.62508, 44.4868], [5.62493, 44.48418], [5.62117, 44.48238], [5.61688, 44.47321], [5.61179, 44.47035], [5.61019, 44.46874], [5.60637, 44.46812], [5.60429, 44.46571], [5.5939, 44.46708], [5.5899, 44.46884], [5.5799, 44.4716], [5.5749, 44.47382], [5.57033, 44.4769], [5.56096, 44.47463], [5.55863, 44.47328], [5.55479, 44.47723], [5.54544, 44.48262], [5.53047, 44.48594], [5.52647, 44.48837], [5.52326, 44.48827], [5.51936, 44.49069], [5.51695, 44.49098], [5.51609, 44.49182], [5.51111, 44.49151], [5.51154, 44.49245], [5.50968, 44.4937], [5.50807, 44.50196], [5.50902, 44.50294], [5.50975, 44.50639], [5.51104, 44.50753], [5.51338, 44.51513], [5.51268, 44.51857], [5.51728, 44.51994], [5.52743, 44.52663], [5.53758, 44.52743], [5.54738, 44.52741], [5.54952, 44.52838], [5.5469, 44.52502]]]}}, {"type": "Feature", "properties": {"nom": "Allex"}, "geometry": {"type": "Polygon", "coordinates": [[[4.91232, 44.7781], [4.92065, 44.77583], [4.93759, 44.7755], [4.94217, 44.77606], [4.94457, 44.77538], [4.94626, 44.77794], [4.94789, 44.77698], [4.95266, 44.77146], [4.94882, 44.76393], [4.95426, 44.76231], [4.95233, 44.75995], [4.94886, 44.75283], [4.94456, 44.74127], [4.87723, 44.75835], [4.88077, 44.76318], [4.88071, 44.76713], [4.88564, 44.77737], [4.88521, 44.78006], [4.88682, 44.78175], [4.89005, 44.79117], [4.89032, 44.80228], [4.89905, 44.79649], [4.90138, 44.79373], [4.90341, 44.7931], [4.90784, 44.78825], [4.90919, 44.78737], [4.9106, 44.78801], [4.91195, 44.78408], [4.91232, 44.7781]]]}}, {"type": "Feature", "properties": {"nom": "Chamaloc"}, "geometry": {"type": "Polygon", "coordinates": [[[5.36994, 44.8243], [5.3795, 44.84627], [5.38968, 44.84693], [5.39426, 44.84593], [5.39711, 44.84327], [5.3985, 44.84082], [5.40113, 44.83995], [5.40442, 44.83235], [5.40847, 44.83085], [5.41297, 44.832], [5.41427, 44.83156], [5.41693, 44.8257], [5.41066, 44.81533], [5.41072, 44.8127], [5.40972, 44.81108], [5.40864, 44.80467], [5.39997, 44.79959], [5.39807, 44.79585], [5.39855, 44.79198], [5.39771, 44.78881], [5.40074, 44.78417], [5.39938, 44.783], [5.39748, 44.78339], [5.39254, 44.78214], [5.38931, 44.78304], [5.38643, 44.78504], [5.38381, 44.78444], [5.37367, 44.78011], [5.36988, 44.78165], [5.36743, 44.78424], [5.3664, 44.7839], [5.36336, 44.78511], [5.36163, 44.78444], [5.35966, 44.78448], [5.35883, 44.78541], [5.35707, 44.79171], [5.35866, 44.79937], [5.35868, 44.80333], [5.36105, 44.80881], [5.36312, 44.811], [5.3656, 44.81997], [5.36994, 44.8243]]]}}, {"type": "Feature", "properties": {"nom": "Aubenasson"}, "geometry": {"type": "Polygon", "coordinates": [[[5.15439, 44.65933], [5.15234, 44.65869], [5.14523, 44.66063], [5.14155, 44.66019], [5.13521, 44.66088], [5.13494, 44.67038], [5.13598, 44.6736], [5.13462, 44.67574], [5.13577, 44.67776], [5.13304, 44.68054], [5.13217, 44.6825], [5.13548, 44.69219], [5.13551, 44.69574], [5.14029, 44.69728], [5.1498, 44.69771], [5.15542, 44.69672], [5.15611, 44.69435], [5.15448, 44.69223], [5.15672, 44.68957], [5.15695, 44.68821], [5.15624, 44.68659], [5.15296, 44.6839], [5.15215, 44.67881], [5.15223, 44.67795], [5.15507, 44.67679], [5.15626, 44.67524], [5.15567, 44.67358], [5.15735, 44.66759], [5.15664, 44.66483], [5.1572, 44.65891], [5.15439, 44.65933]]]}}, {"type": "Feature", "properties": {"nom": "Miscon"}, "geometry": {"type": "Polygon", "coordinates": [[[5.52392, 44.64288], [5.52814, 44.64008], [5.53427, 44.63811], [5.53462, 44.63631], [5.538, 44.63555], [5.53957, 44.63339], [5.54351, 44.63214], [5.54358, 44.62904], [5.54507, 44.6267], [5.54579, 44.6236], [5.54292, 44.62223], [5.53995, 44.61842], [5.53753, 44.61678], [5.52201, 44.61203], [5.5085, 44.61137], [5.49913, 44.60987], [5.49694, 44.6088], [5.48921, 44.60841], [5.48658, 44.61179], [5.48756, 44.61183], [5.48635, 44.61537], [5.48273, 44.62182], [5.48371, 44.62501], [5.48667, 44.62525], [5.49032, 44.62636], [5.49125, 44.62751], [5.49489, 44.62801], [5.49516, 44.63044], [5.50255, 44.63584], [5.50567, 44.63724], [5.50852, 44.63737], [5.51056, 44.64124], [5.51708, 44.63998], [5.5213, 44.64279], [5.52392, 44.64288]]]}}, {"type": "Feature", "properties": {"nom": "Montlaur-en-Diois"}, "geometry": {"type": "Polygon", "coordinates": [[[5.43338, 44.62194], [5.43197, 44.61967], [5.42754, 44.61709], [5.42629, 44.61478], [5.42132, 44.6124], [5.41541, 44.611], [5.41251, 44.61196], [5.40698, 44.61094], [5.40464, 44.6117], [5.39818, 44.61118], [5.3956, 44.61167], [5.39474, 44.61475], [5.39522, 44.61658], [5.39203, 44.62784], [5.3979, 44.6298], [5.3978, 44.63025], [5.40127, 44.63092], [5.40717, 44.63905], [5.40841, 44.63958], [5.40921, 44.64172], [5.41196, 44.64234], [5.41589, 44.64115], [5.41964, 44.64411], [5.4238, 44.6458], [5.42314, 44.64503], [5.42398, 44.64372], [5.42906, 44.64077], [5.43093, 44.64041], [5.4327, 44.63771], [5.43477, 44.63748], [5.43682, 44.6356], [5.43741, 44.63361], [5.4366, 44.63064], [5.43561, 44.63001], [5.43916, 44.62867], [5.44108, 44.62606], [5.43338, 44.62194]]]}}, {"type": "Feature", "properties": {"nom": "Eurre"}, "geometry": {"type": "Polygon", "coordinates": [[[4.96, 44.77621], [4.96374, 44.77645], [4.96718, 44.77742], [4.97062, 44.77927], [4.9746, 44.7776], [4.97749, 44.77881], [4.97888, 44.77835], [4.98453, 44.77915], [4.98823, 44.78215], [4.99254, 44.78453], [4.99896, 44.78282], [5.00019, 44.78107], [5.00033, 44.77833], [5.00356, 44.77771], [5.00668, 44.77427], [5.00555, 44.7722], [5.00124, 44.76911], [5.00569, 44.76745], [5.00522, 44.76382], [5.00287, 44.75902], [5.00317, 44.75478], [4.99246, 44.74727], [4.98001, 44.73153], [4.97149, 44.73219], [4.96962, 44.73307], [4.96143, 44.73454], [4.94866, 44.74033], [4.94456, 44.74127], [4.94886, 44.75283], [4.95233, 44.75995], [4.95426, 44.76231], [4.94882, 44.76393], [4.95266, 44.77146], [4.96, 44.77621]]]}}, {"type": "Feature", "properties": {"nom": "Pontaix"}, "geometry": {"type": "Polygon", "coordinates": [[[5.23048, 44.7711], [5.23207, 44.77271], [5.23248, 44.77451], [5.23168, 44.77638], [5.23232, 44.77795], [5.23152, 44.7792], [5.23408, 44.77839], [5.23622, 44.77904], [5.23862, 44.77865], [5.24169, 44.77968], [5.24582, 44.77796], [5.24916, 44.77874], [5.25195, 44.77846], [5.25316, 44.77674], [5.25531, 44.7765], [5.26161, 44.7741], [5.26518, 44.77083], [5.26929, 44.77005], [5.27505, 44.76716], [5.27762, 44.76651], [5.27841, 44.7628], [5.27918, 44.7611], [5.28067, 44.76037], [5.28119, 44.75797], [5.2906, 44.75612], [5.29304, 44.75339], [5.29404, 44.75071], [5.2901, 44.75054], [5.28625, 44.74136], [5.28296, 44.73839], [5.27704, 44.73483], [5.2699, 44.73241], [5.27026, 44.72902], [5.26517, 44.72927], [5.26149, 44.72849], [5.25738, 44.72888], [5.24947, 44.73347], [5.24499, 44.73363], [5.24402, 44.73446], [5.24026, 44.73475], [5.23937, 44.73551], [5.2382, 44.73443], [5.23663, 44.73596], [5.23477, 44.73519], [5.23217, 44.73759], [5.22939, 44.74126], [5.22892, 44.74506], [5.23106, 44.7469], [5.23052, 44.7525], [5.23023, 44.75345], [5.2268, 44.75544], [5.22691, 44.76093], [5.23187, 44.76253], [5.23435, 44.76782], [5.23113, 44.76891], [5.23048, 44.7711]]]}}, {"type": "Feature", "properties": {"nom": "Ombl\u00e8ze"}, "geometry": {"type": "Polygon", "coordinates": [[[5.28928, 44.88855], [5.28754, 44.88663], [5.28515, 44.8854], [5.28303, 44.88329], [5.28228, 44.88133], [5.28105, 44.88062], [5.28143, 44.88018], [5.27948, 44.87823], [5.27923, 44.87626], [5.27728, 44.8745], [5.2744, 44.86839], [5.27219, 44.8665], [5.27162, 44.8613], [5.26826, 44.85908], [5.26769, 44.85787], [5.26523, 44.85669], [5.2601, 44.85572], [5.25791, 44.85331], [5.25333, 44.85677], [5.25038, 44.85489], [5.24149, 44.84621], [5.23976, 44.84073], [5.23542, 44.83493], [5.23311, 44.83374], [5.22401, 44.83384], [5.2187, 44.8305], [5.21642, 44.82755], [5.21142, 44.82428], [5.21001, 44.82014], [5.20504, 44.8117], [5.20362, 44.81111], [5.19869, 44.81137], [5.1947, 44.80984], [5.18689, 44.80969], [5.17936, 44.80536], [5.17415, 44.80374], [5.17657, 44.80602], [5.17562, 44.80783], [5.17755, 44.80817], [5.17878, 44.81005], [5.18026, 44.8107], [5.18071, 44.81212], [5.1892, 44.81632], [5.18819, 44.81748], [5.18995, 44.81832], [5.1909, 44.81995], [5.19629, 44.82294], [5.19496, 44.82378], [5.19587, 44.82558], [5.19229, 44.8272], [5.19269, 44.82867], [5.19144, 44.82917], [5.19198, 44.83074], [5.19041, 44.83163], [5.19113, 44.8333], [5.18947, 44.83385], [5.18669, 44.83753], [5.18934, 44.83844], [5.18983, 44.8405], [5.18773, 44.8423], [5.18867, 44.84235], [5.18797, 44.84412], [5.18857, 44.8475], [5.18581, 44.85346], [5.19079, 44.85285], [5.19153, 44.85615], [5.19, 44.85688], [5.18878, 44.85891], [5.19021, 44.86101], [5.18897, 44.86184], [5.18987, 44.86349], [5.18877, 44.86532], [5.19002, 44.87273], [5.1893, 44.87626], [5.19938, 44.87642], [5.20069, 44.87355], [5.20237, 44.87194], [5.2016, 44.87037], [5.20319, 44.86691], [5.20645, 44.86796], [5.20797, 44.87467], [5.20826, 44.881], [5.21184, 44.88962], [5.21127, 44.8933], [5.20955, 44.89534], [5.20954, 44.89814], [5.22696, 44.89901], [5.23146, 44.9], [5.23171, 44.89901], [5.23776, 44.89525], [5.24006, 44.89477], [5.24089, 44.89545], [5.24665, 44.89675], [5.24792, 44.89951], [5.24979, 44.90142], [5.24927, 44.90272], [5.25091, 44.90375], [5.25239, 44.90102], [5.2565, 44.90123], [5.25722, 44.90184], [5.25652, 44.9024], [5.25732, 44.90268], [5.26238, 44.90299], [5.26653, 44.90179], [5.2678, 44.90079], [5.26879, 44.90062], [5.27045, 44.90153], [5.2925, 44.89421], [5.28928, 44.88855]]]}}, {"type": "Feature", "properties": {"nom": "Arnayon"}, "geometry": {"type": "Polygon", "coordinates": [[[5.27613, 44.48658], [5.27553, 44.49147], [5.2759, 44.49952], [5.27786, 44.5024], [5.27655, 44.50574], [5.28002, 44.5097], [5.28315, 44.51122], [5.28401, 44.51344], [5.28376, 44.51657], [5.28625, 44.52051], [5.28603, 44.5244], [5.28772, 44.52205], [5.28722, 44.52004], [5.28803, 44.51911], [5.29004, 44.51858], [5.29235, 44.52191], [5.29236, 44.51918], [5.29318, 44.51789], [5.29668, 44.51618], [5.29741, 44.51445], [5.30066, 44.51415], [5.30633, 44.51053], [5.30903, 44.5101], [5.30945, 44.51085], [5.31225, 44.5093], [5.32102, 44.50647], [5.32272, 44.50785], [5.32334, 44.50946], [5.32477, 44.50728], [5.32545, 44.50726], [5.33364, 44.49954], [5.33549, 44.49926], [5.33958, 44.49668], [5.3449, 44.49484], [5.35147, 44.48873], [5.35525, 44.48247], [5.35865, 44.47427], [5.35869, 44.46882], [5.35823, 44.4682], [5.35757, 44.46857], [5.35628, 44.47042], [5.35465, 44.47132], [5.35361, 44.47383], [5.35096, 44.47507], [5.34736, 44.47841], [5.34456, 44.47742], [5.3406, 44.47692], [5.33785, 44.47329], [5.3362, 44.47248], [5.33615, 44.47094], [5.33458, 44.47322], [5.32992, 44.47316], [5.32727, 44.4746], [5.32549, 44.47404], [5.32191, 44.4751], [5.31775, 44.47754], [5.31492, 44.48082], [5.31142, 44.48304], [5.30324, 44.48578], [5.29646, 44.48258], [5.28664, 44.48037], [5.28552, 44.47831], [5.28002, 44.47752], [5.27867, 44.4781], [5.27433, 44.48308], [5.27504, 44.48616], [5.27613, 44.48658]]]}}, {"type": "Feature", "properties": {"nom": "Saint-Julien-en-Quint"}, "geometry": {"type": "Polygon", "coordinates": [[[5.23976, 44.84073], [5.24149, 44.84621], [5.25038, 44.85489], [5.25333, 44.85677], [5.25817, 44.85338], [5.2601, 44.85572], [5.26723, 44.85753], [5.26826, 44.85908], [5.27162, 44.8613], [5.27219, 44.8665], [5.2744, 44.86839], [5.27728, 44.8745], [5.27923, 44.87626], [5.27948, 44.87823], [5.28143, 44.88018], [5.28105, 44.88062], [5.28228, 44.88133], [5.28303, 44.88329], [5.28515, 44.8854], [5.28754, 44.88663], [5.28928, 44.88855], [5.29242, 44.89419], [5.29426, 44.89462], [5.29717, 44.89967], [5.29699, 44.90048], [5.29859, 44.90085], [5.30169, 44.90406], [5.30378, 44.90395], [5.30526, 44.90113], [5.30784, 44.89978], [5.30941, 44.89967], [5.31181, 44.89437], [5.31949, 44.89197], [5.32127, 44.88958], [5.32052, 44.8873], [5.32124, 44.88548], [5.3252, 44.88349], [5.32478, 44.88152], [5.32554, 44.8801], [5.32846, 44.8803], [5.33138, 44.88171], [5.33214, 44.88169], [5.33284, 44.8805], [5.33722, 44.88201], [5.33861, 44.88197], [5.33956, 44.88082], [5.34403, 44.87836], [5.34295, 44.87406], [5.34454, 44.8697], [5.34448, 44.8666], [5.34051, 44.85581], [5.33507, 44.8477], [5.33355, 44.84042], [5.33426, 44.83888], [5.33334, 44.83712], [5.33335, 44.83439], [5.33156, 44.83147], [5.33198, 44.82985], [5.32573, 44.82571], [5.31151, 44.81815], [5.30987, 44.81855], [5.30194, 44.8157], [5.29685, 44.81571], [5.28994, 44.81602], [5.2881, 44.81756], [5.28507, 44.81596], [5.27353, 44.81851], [5.26642, 44.82292], [5.25719, 44.82513], [5.2561, 44.82572], [5.2558, 44.82693], [5.25037, 44.8286], [5.24526, 44.83133], [5.24103, 44.83264], [5.23992, 44.8349], [5.24046, 44.83545], [5.23797, 44.83799], [5.23976, 44.84073]]]}}, {"type": "Feature", "properties": {"nom": "Lesches-en-Diois"}, "geometry": {"type": "Polygon", "coordinates": [[[5.53904, 44.61537], [5.53977, 44.61059], [5.5422, 44.60924], [5.54757, 44.61004], [5.55089, 44.60337], [5.55178, 44.60006], [5.5504, 44.59753], [5.55227, 44.59258], [5.55192, 44.59011], [5.55314, 44.58695], [5.5517, 44.58209], [5.54927, 44.58169], [5.54656, 44.58225], [5.53347, 44.57695], [5.53204, 44.57843], [5.5215, 44.57705], [5.51939, 44.57567], [5.50977, 44.57559], [5.50804, 44.57256], [5.50353, 44.57133], [5.50298, 44.5679], [5.50197, 44.56764], [5.50217, 44.57008], [5.49919, 44.57279], [5.49284, 44.57428], [5.49018, 44.57631], [5.48545, 44.57852], [5.48788, 44.58456], [5.48734, 44.58727], [5.48872, 44.59055], [5.48771, 44.59164], [5.48529, 44.59843], [5.4859, 44.59954], [5.4883, 44.60072], [5.48541, 44.60313], [5.48281, 44.60392], [5.48266, 44.6059], [5.48457, 44.60617], [5.48606, 44.60791], [5.49153, 44.60878], [5.49694, 44.6088], [5.49913, 44.60987], [5.50367, 44.61073], [5.5053, 44.61055], [5.51142, 44.61166], [5.51792, 44.61161], [5.51837, 44.61217], [5.52131, 44.61186], [5.53801, 44.61711], [5.53904, 44.61537]]]}}, {"type": "Feature", "properties": {"nom": "Menglon"}, "geometry": {"type": "Polygon", "coordinates": [[[5.42967, 44.65426], [5.42996, 44.65687], [5.42852, 44.662], [5.42825, 44.66655], [5.42612, 44.67173], [5.4245, 44.67176], [5.4224, 44.67051], [5.41847, 44.67098], [5.41651, 44.67328], [5.41683, 44.67649], [5.41564, 44.67739], [5.41567, 44.67827], [5.42373, 44.67819], [5.42553, 44.67924], [5.43071, 44.68007], [5.43393, 44.68142], [5.43714, 44.68171], [5.43788, 44.68236], [5.43943, 44.68215], [5.44087, 44.68106], [5.44674, 44.68224], [5.44926, 44.68109], [5.45194, 44.68222], [5.45586, 44.68248], [5.45781, 44.68354], [5.4624, 44.68365], [5.4699, 44.68523], [5.47648, 44.68804], [5.47679, 44.68697], [5.48136, 44.68507], [5.48356, 44.68184], [5.49193, 44.68029], [5.49517, 44.67656], [5.49962, 44.67384], [5.50518, 44.67163], [5.51228, 44.67338], [5.52023, 44.66414], [5.52013, 44.6618], [5.52443, 44.65116], [5.52467, 44.6477], [5.52115, 44.64242], [5.51786, 44.64018], [5.51056, 44.64124], [5.50852, 44.63737], [5.50567, 44.63724], [5.50255, 44.63584], [5.49516, 44.63044], [5.49489, 44.62801], [5.49125, 44.62751], [5.49032, 44.62636], [5.48541, 44.62505], [5.48398, 44.62558], [5.48254, 44.6275], [5.47629, 44.63179], [5.47406, 44.63122], [5.47241, 44.63217], [5.47065, 44.63235], [5.46959, 44.63382], [5.46209, 44.63492], [5.46154, 44.63561], [5.45628, 44.6368], [5.45374, 44.63686], [5.45304, 44.63791], [5.44822, 44.63918], [5.44497, 44.64114], [5.43876, 44.64605], [5.43221, 44.6472], [5.4274, 44.64699], [5.42504, 44.64902], [5.42343, 44.64943], [5.42967, 44.65426]]]}}, {"type": "Feature", "properties": {"nom": "Eygluy-Escoulin"}, "geometry": {"type": "Polygon", "coordinates": [[[5.24155, 44.82948], [5.24099, 44.82638], [5.24261, 44.82408], [5.24287, 44.81837], [5.24131, 44.8164], [5.24098, 44.81402], [5.23909, 44.81285], [5.2386, 44.8096], [5.23533, 44.80223], [5.23617, 44.80072], [5.23568, 44.79943], [5.23811, 44.79498], [5.23571, 44.7914], [5.23094, 44.78936], [5.22659, 44.78591], [5.23008, 44.78105], [5.23131, 44.7803], [5.23232, 44.77795], [5.23168, 44.77638], [5.2324, 44.7755], [5.23231, 44.7732], [5.23048, 44.7711], [5.23113, 44.76891], [5.22761, 44.76797], [5.22101, 44.76903], [5.22067, 44.76831], [5.21833, 44.76974], [5.21508, 44.76913], [5.21119, 44.76959], [5.21034, 44.77051], [5.20663, 44.77069], [5.20619, 44.7681], [5.19893, 44.76763], [5.19768, 44.76648], [5.19528, 44.76639], [5.19413, 44.7673], [5.19453, 44.77225], [5.19171, 44.77477], [5.1908, 44.77755], [5.18761, 44.77659], [5.18821, 44.77995], [5.18635, 44.7835], [5.18343, 44.78374], [5.18214, 44.7855], [5.17476, 44.78483], [5.17006, 44.7856], [5.16659, 44.78854], [5.16556, 44.79144], [5.16217, 44.79076], [5.15952, 44.79238], [5.16093, 44.79353], [5.1605, 44.79564], [5.16414, 44.79651], [5.16435, 44.79748], [5.16711, 44.79934], [5.16927, 44.79959], [5.17058, 44.80099], [5.17047, 44.80228], [5.17272, 44.80254], [5.17522, 44.80421], [5.17936, 44.80536], [5.18689, 44.80969], [5.1947, 44.80984], [5.19869, 44.81137], [5.20362, 44.81111], [5.20504, 44.8117], [5.21001, 44.82014], [5.21142, 44.82428], [5.21642, 44.82755], [5.2187, 44.8305], [5.22401, 44.83384], [5.23311, 44.83374], [5.23542, 44.83493], [5.23797, 44.83799], [5.24046, 44.83545], [5.23992, 44.8349], [5.24155, 44.82948]]]}}, {"type": "Feature", "properties": {"nom": "Saint-Benoit-en-Diois"}, "geometry": {"type": "Polygon", "coordinates": [[[5.25555, 44.63358], [5.25219, 44.63705], [5.252, 44.63831], [5.24615, 44.63859], [5.24452, 44.64399], [5.24293, 44.64671], [5.24037, 44.64898], [5.24087, 44.65065], [5.2433, 44.65217], [5.24635, 44.65666], [5.24358, 44.66076], [5.24408, 44.66152], [5.25315, 44.66632], [5.25994, 44.67861], [5.26147, 44.67957], [5.26474, 44.67966], [5.26637, 44.67863], [5.26512, 44.6764], [5.26754, 44.67377], [5.27035, 44.67287], [5.27187, 44.67368], [5.27715, 44.67325], [5.27948, 44.66825], [5.28205, 44.66903], [5.28244, 44.6668], [5.28443, 44.66704], [5.28172, 44.66322], [5.28124, 44.66113], [5.28273, 44.66035], [5.284, 44.65861], [5.28301, 44.65423], [5.28646, 44.65329], [5.28745, 44.64786], [5.29045, 44.64649], [5.29372, 44.64345], [5.29046, 44.64036], [5.29047, 44.6435], [5.28464, 44.6441], [5.28339, 44.64484], [5.28122, 44.64479], [5.28054, 44.6442], [5.26697, 44.64438], [5.26491, 44.64351], [5.26503, 44.64236], [5.26336, 44.6423], [5.26446, 44.64054], [5.2634, 44.63789], [5.26048, 44.63519], [5.26025, 44.6342], [5.25692, 44.63215], [5.25675, 44.63103], [5.25555, 44.63358]]]}}, {"type": "Feature", "properties": {"nom": "Montmaur-en-Diois"}, "geometry": {"type": "Polygon", "coordinates": [[[5.39592, 44.68251], [5.39931, 44.67884], [5.40068, 44.67849], [5.40005, 44.67605], [5.39728, 44.67349], [5.3937, 44.6727], [5.3907, 44.67276], [5.38312, 44.66838], [5.37975, 44.66838], [5.37982, 44.66689], [5.36868, 44.66733], [5.36302, 44.66571], [5.35229, 44.6665], [5.34796, 44.66513], [5.33682, 44.66364], [5.33179, 44.66707], [5.33136, 44.66964], [5.32926, 44.67186], [5.32871, 44.67414], [5.33485, 44.68], [5.33964, 44.68307], [5.34265, 44.68641], [5.3449, 44.68779], [5.35413, 44.69158], [5.35764, 44.69246], [5.35928, 44.69363], [5.36144, 44.6939], [5.36598, 44.69629], [5.36702, 44.69367], [5.37201, 44.69279], [5.37374, 44.69322], [5.3754, 44.69269], [5.37658, 44.69143], [5.37745, 44.69217], [5.38032, 44.69205], [5.38609, 44.68744], [5.39142, 44.68708], [5.39447, 44.68777], [5.39592, 44.68251]]]}}, {"type": "Feature", "properties": {"nom": "Ch\u00e2tillon-en-Diois"}, "geometry": {"type": "Polygon", "coordinates": [[[5.45426, 44.70497], [5.45831, 44.70644], [5.45987, 44.70976], [5.45893, 44.71363], [5.45949, 44.71541], [5.45895, 44.7192], [5.46405, 44.72655], [5.4643, 44.72793], [5.47089, 44.73158], [5.46996, 44.73783], [5.47044, 44.74313], [5.47609, 44.74261], [5.48218, 44.73999], [5.48245, 44.74568], [5.48493, 44.74744], [5.48218, 44.74997], [5.48047, 44.74993], [5.48229, 44.75086], [5.48184, 44.75365], [5.48005, 44.75603], [5.48025, 44.75988], [5.47632, 44.7608], [5.47488, 44.76237], [5.47498, 44.76421], [5.47731, 44.76581], [5.47746, 44.77045], [5.47891, 44.77209], [5.48214, 44.77401], [5.48359, 44.77668], [5.48339, 44.77937], [5.48178, 44.78114], [5.48156, 44.78602], [5.49493, 44.78263], [5.50536, 44.78148], [5.511, 44.77935], [5.51665, 44.77861], [5.51961, 44.77722], [5.52409, 44.7771], [5.53163, 44.77491], [5.53466, 44.77608], [5.55473, 44.76747], [5.55628, 44.77021], [5.55493, 44.77115], [5.55493, 44.77223], [5.55265, 44.77568], [5.55413, 44.77725], [5.55399, 44.77933], [5.54414, 44.78892], [5.54452, 44.79567], [5.54515, 44.79561], [5.55062, 44.79414], [5.55152, 44.79305], [5.55778, 44.78953], [5.56149, 44.78916], [5.56646, 44.78425], [5.57175, 44.78272], [5.57542, 44.78046], [5.57789, 44.77996], [5.58182, 44.77795], [5.58232, 44.7748], [5.58144, 44.77262], [5.58277, 44.77168], [5.58271, 44.77038], [5.58404, 44.76827], [5.58388, 44.76534], [5.58471, 44.76537], [5.58521, 44.76432], [5.5884, 44.76233], [5.59056, 44.76151], [5.5949, 44.76224], [5.59658, 44.76188], [5.60786, 44.75553], [5.62514, 44.75373], [5.62709, 44.75246], [5.62658, 44.75], [5.62906, 44.7448], [5.62552, 44.74335], [5.62526, 44.74259], [5.62225, 44.74265], [5.62, 44.74138], [5.61607, 44.74197], [5.61328, 44.7406], [5.61168, 44.74056], [5.60784, 44.73598], [5.60121, 44.73721], [5.59787, 44.73848], [5.59073, 44.73825], [5.58643, 44.73945], [5.58224, 44.73684], [5.57806, 44.73226], [5.57446, 44.72977], [5.57244, 44.72649], [5.57407, 44.72239], [5.56721, 44.71633], [5.57046, 44.71199], [5.57071, 44.70898], [5.57334, 44.70537], [5.57161, 44.70254], [5.57121, 44.69496], [5.57617, 44.69444], [5.5799, 44.69318], [5.58161, 44.69072], [5.57987, 44.6902], [5.57911, 44.68861], [5.57584, 44.68742], [5.57362, 44.6831], [5.57073, 44.68184], [5.57056, 44.68101], [5.56775, 44.67949], [5.56709, 44.67848], [5.56602, 44.67853], [5.56465, 44.67712], [5.5625, 44.67641], [5.56179, 44.67394], [5.5602, 44.67379], [5.55801, 44.67161], [5.55657, 44.67138], [5.55444, 44.66902], [5.54705, 44.66569], [5.5447, 44.66814], [5.54384, 44.6676], [5.54278, 44.66784], [5.53994, 44.67011], [5.53514, 44.67224], [5.53548, 44.67465], [5.53188, 44.67605], [5.53184, 44.67488], [5.52429, 44.67136], [5.52377, 44.66755], [5.52023, 44.66414], [5.51228, 44.67338], [5.50518, 44.67163], [5.49962, 44.67384], [5.49517, 44.67656], [5.49193, 44.68029], [5.48356, 44.68184], [5.48136, 44.68507], [5.47679, 44.68697], [5.47648, 44.68804], [5.4699, 44.68523], [5.4624, 44.68365], [5.45781, 44.68354], [5.45586, 44.68248], [5.45194, 44.68222], [5.44867, 44.68119], [5.4475, 44.68204], [5.44914, 44.68475], [5.44941, 44.68713], [5.44579, 44.68693], [5.444, 44.69143], [5.44641, 44.69402], [5.44862, 44.69503], [5.44971, 44.69688], [5.45049, 44.70199], [5.45308, 44.70505], [5.45426, 44.70497]]]}}, {"type": "Feature", "properties": {"nom": "Beaufort-sur-Gervanne"}, "geometry": {"type": "Polygon", "coordinates": [[[5.15952, 44.79238], [5.16181, 44.79084], [5.16556, 44.79144], [5.16659, 44.78854], [5.17055, 44.78541], [5.17476, 44.78483], [5.18214, 44.7855], [5.18342, 44.78384], [5.18321, 44.78185], [5.18287, 44.78136], [5.17956, 44.78095], [5.179, 44.7799], [5.17752, 44.78051], [5.17327, 44.78012], [5.17079, 44.77856], [5.17101, 44.77774], [5.17001, 44.77809], [5.16918, 44.7756], [5.16644, 44.7747], [5.16653, 44.77413], [5.16385, 44.7727], [5.16305, 44.77328], [5.16094, 44.77266], [5.15571, 44.77001], [5.15489, 44.77063], [5.15212, 44.76891], [5.15244, 44.76753], [5.14989, 44.76684], [5.14895, 44.76599], [5.14774, 44.76692], [5.14628, 44.76426], [5.14692, 44.76207], [5.1448, 44.76152], [5.14012, 44.75729], [5.13472, 44.75533], [5.13539, 44.75766], [5.12947, 44.75908], [5.12697, 44.76215], [5.12687, 44.76666], [5.12888, 44.76936], [5.12807, 44.77828], [5.14194, 44.78673], [5.14309, 44.79018], [5.14417, 44.79103], [5.14364, 44.79227], [5.14498, 44.79334], [5.14489, 44.79553], [5.14728, 44.79793], [5.15014, 44.79904], [5.15565, 44.79487], [5.15673, 44.79507], [5.16068, 44.79319], [5.15952, 44.79238]]]}}, {"type": "Feature", "properties": {"nom": "Die"}, "geometry": {"type": "Polygon", "coordinates": [[[5.32237, 44.7489], [5.32464, 44.74814], [5.32768, 44.74846], [5.32995, 44.75208], [5.32981, 44.75444], [5.32895, 44.75737], [5.32625, 44.75915], [5.32446, 44.76302], [5.31988, 44.76297], [5.3187, 44.76541], [5.31478, 44.7664], [5.31433, 44.76777], [5.31964, 44.76879], [5.32328, 44.76792], [5.33028, 44.76737], [5.33866, 44.78526], [5.34063, 44.78567], [5.34549, 44.79052], [5.34899, 44.79188], [5.35159, 44.79157], [5.35515, 44.78898], [5.35798, 44.7884], [5.35966, 44.78448], [5.36163, 44.78444], [5.36336, 44.78511], [5.3664, 44.7839], [5.36743, 44.78424], [5.36988, 44.78165], [5.37367, 44.78011], [5.38381, 44.78444], [5.38643, 44.78504], [5.38931, 44.78304], [5.39254, 44.78214], [5.39748, 44.78339], [5.39938, 44.783], [5.39835, 44.78189], [5.3982, 44.77866], [5.39307, 44.77501], [5.39598, 44.77295], [5.39989, 44.77276], [5.40164, 44.77096], [5.4015, 44.76479], [5.40382, 44.75842], [5.40706, 44.75744], [5.40672, 44.75306], [5.40748, 44.75153], [5.40817, 44.75128], [5.42386, 44.75604], [5.42918, 44.75626], [5.43955, 44.75863], [5.45729, 44.75717], [5.45677, 44.75584], [5.46103, 44.75045], [5.46121, 44.74905], [5.45907, 44.74569], [5.45254, 44.74524], [5.45052, 44.74402], [5.45051, 44.74229], [5.45347, 44.7426], [5.45339, 44.74084], [5.45523, 44.73629], [5.45478, 44.73513], [5.45295, 44.73495], [5.45085, 44.73302], [5.44444, 44.73296], [5.44024, 44.73212], [5.43951, 44.73112], [5.43128, 44.72653], [5.42214, 44.73568], [5.41987, 44.73559], [5.42168, 44.73409], [5.42288, 44.73145], [5.41603, 44.72968], [5.40369, 44.73012], [5.39931, 44.72896], [5.39723, 44.72993], [5.39439, 44.72847], [5.39278, 44.72835], [5.39204, 44.72758], [5.39553, 44.72204], [5.39506, 44.71648], [5.38695, 44.71202], [5.3802, 44.71137], [5.3784, 44.71153], [5.37632, 44.71263], [5.3748, 44.71242], [5.37394, 44.71161], [5.37207, 44.71185], [5.37005, 44.71262], [5.36825, 44.71447], [5.36283, 44.71362], [5.35798, 44.71127], [5.34608, 44.71312], [5.34315, 44.71467], [5.34191, 44.71736], [5.3384, 44.7203], [5.33476, 44.7221], [5.33332, 44.72429], [5.32974, 44.72457], [5.3261, 44.72647], [5.32217, 44.72724], [5.32148, 44.72787], [5.31871, 44.72738], [5.31882, 44.72992], [5.3203, 44.73232], [5.31804, 44.73608], [5.31833, 44.73828], [5.32043, 44.74012], [5.3186, 44.74535], [5.32237, 44.7489]]]}}, {"type": "Feature", "properties": {"nom": "La B\u00e2tie-des-Fonds"}, "geometry": {"type": "Polygon", "coordinates": [[[5.65727, 44.51107], [5.66263, 44.50563], [5.66471, 44.50188], [5.66236, 44.50153], [5.66055, 44.50225], [5.65679, 44.50227], [5.65039, 44.49911], [5.64415, 44.50201], [5.64162, 44.50238], [5.63951, 44.50182], [5.63519, 44.50252], [5.63016, 44.50145], [5.62628, 44.49812], [5.62025, 44.5024], [5.61048, 44.50685], [5.60946, 44.50955], [5.60767, 44.50979], [5.60577, 44.51158], [5.60652, 44.51395], [5.60557, 44.51646], [5.60156, 44.5171], [5.60452, 44.52448], [5.60681, 44.52658], [5.60739, 44.52815], [5.61299, 44.53188], [5.61624, 44.53293], [5.61661, 44.53371], [5.61977, 44.53449], [5.62022, 44.53414], [5.62279, 44.53559], [5.62723, 44.53466], [5.63669, 44.52651], [5.6444, 44.52087], [5.64703, 44.51964], [5.65727, 44.51107]]]}}, {"type": "Feature", "properties": {"nom": "Saillans"}, "geometry": {"type": "Polygon", "coordinates": [[[5.1498, 44.69771], [5.14324, 44.69745], [5.14302, 44.70041], [5.14178, 44.70225], [5.14523, 44.70129], [5.15639, 44.70288], [5.16757, 44.70757], [5.16738, 44.70872], [5.17032, 44.70998], [5.17144, 44.71121], [5.17306, 44.71159], [5.17312, 44.72199], [5.1706, 44.72377], [5.1711, 44.72615], [5.1746, 44.72808], [5.17623, 44.7316], [5.17808, 44.73303], [5.17796, 44.734], [5.17975, 44.73659], [5.18172, 44.73792], [5.18464, 44.74273], [5.18641, 44.74333], [5.18868, 44.74533], [5.19426, 44.74649], [5.19466, 44.74969], [5.19374, 44.75183], [5.19688, 44.75375], [5.2002, 44.75419], [5.20398, 44.75644], [5.20318, 44.75874], [5.20495, 44.76348], [5.20392, 44.76582], [5.20627, 44.76719], [5.20663, 44.77069], [5.21034, 44.77051], [5.21119, 44.76959], [5.21508, 44.76913], [5.21833, 44.76974], [5.22067, 44.76831], [5.22101, 44.76903], [5.22761, 44.76797], [5.23113, 44.76891], [5.23435, 44.76782], [5.23187, 44.76253], [5.22691, 44.76093], [5.2268, 44.75544], [5.23023, 44.75345], [5.23103, 44.74905], [5.23091, 44.7465], [5.22892, 44.74506], [5.22939, 44.74126], [5.23267, 44.7373], [5.23257, 44.73533], [5.23477, 44.73136], [5.23307, 44.7301], [5.23029, 44.72494], [5.23127, 44.72046], [5.23082, 44.71795], [5.22823, 44.71799], [5.22372, 44.71414], [5.22096, 44.71436], [5.21988, 44.71353], [5.21542, 44.71239], [5.21277, 44.71059], [5.21187, 44.70538], [5.21392, 44.70071], [5.2129, 44.69765], [5.21536, 44.6957], [5.21508, 44.69465], [5.21187, 44.69343], [5.2114, 44.6919], [5.21218, 44.69059], [5.21161, 44.68949], [5.21312, 44.68974], [5.21594, 44.68879], [5.21711, 44.68304], [5.21532, 44.68038], [5.21496, 44.67774], [5.21347, 44.67707], [5.19585, 44.67573], [5.19663, 44.67416], [5.19852, 44.67344], [5.19475, 44.67094], [5.18947, 44.67436], [5.19009, 44.67478], [5.18765, 44.67498], [5.18662, 44.6767], [5.1766, 44.67675], [5.17763, 44.67776], [5.17562, 44.67992], [5.17408, 44.68662], [5.17256, 44.68744], [5.1702, 44.68747], [5.16729, 44.68852], [5.16649, 44.69509], [5.16149, 44.69442], [5.15542, 44.69672], [5.1498, 44.69771]]]}}, {"type": "Feature", "properties": {"nom": "Gumiane"}, "geometry": {"type": "Polygon", "coordinates": [[[5.28625, 44.52051], [5.28376, 44.51657], [5.28401, 44.51344], [5.28315, 44.51122], [5.28002, 44.5097], [5.27655, 44.50574], [5.27786, 44.5024], [5.27589, 44.49945], [5.27553, 44.49147], [5.27613, 44.48658], [5.27504, 44.48616], [5.27165, 44.48684], [5.26703, 44.48657], [5.25688, 44.48771], [5.25486, 44.48866], [5.25342, 44.4904], [5.25228, 44.49409], [5.25414, 44.49728], [5.25232, 44.50093], [5.24963, 44.50324], [5.24918, 44.50723], [5.24822, 44.50812], [5.24233, 44.50905], [5.24124, 44.51026], [5.24687, 44.51265], [5.25014, 44.51293], [5.25243, 44.5124], [5.25475, 44.51386], [5.25666, 44.51644], [5.26255, 44.518], [5.26382, 44.51982], [5.26563, 44.5204], [5.26664, 44.52227], [5.26888, 44.52312], [5.26993, 44.52295], [5.27114, 44.52378], [5.27249, 44.52366], [5.27381, 44.52485], [5.27531, 44.5247], [5.27534, 44.52565], [5.27754, 44.52783], [5.27947, 44.52848], [5.28128, 44.53168], [5.28048, 44.53369], [5.28268, 44.53458], [5.28286, 44.5352], [5.28433, 44.5313], [5.28463, 44.52712], [5.28603, 44.5244], [5.28625, 44.52051]]]}}, {"type": "Feature", "properties": {"nom": "Chastel-Arnaud"}, "geometry": {"type": "Polygon", "coordinates": [[[5.20026, 44.64365], [5.19927, 44.64488], [5.20067, 44.64599], [5.19846, 44.64862], [5.19675, 44.64843], [5.19588, 44.6503], [5.19481, 44.65005], [5.19107, 44.6516], [5.18983, 44.65071], [5.18879, 44.65081], [5.1833, 44.65363], [5.18088, 44.65361], [5.17833, 44.6548], [5.18099, 44.6596], [5.18044, 44.66289], [5.18162, 44.67097], [5.17944, 44.6755], [5.18027, 44.67704], [5.18662, 44.6767], [5.18765, 44.67498], [5.19009, 44.67478], [5.18947, 44.67436], [5.19369, 44.67128], [5.19519, 44.67094], [5.19852, 44.67344], [5.19663, 44.67416], [5.19585, 44.67573], [5.21219, 44.67696], [5.21387, 44.67442], [5.21405, 44.66966], [5.22001, 44.66775], [5.22198, 44.66779], [5.22289, 44.66875], [5.22617, 44.66877], [5.22809, 44.66616], [5.23316, 44.66326], [5.23615, 44.66304], [5.24358, 44.66076], [5.24635, 44.65666], [5.2433, 44.65217], [5.24087, 44.65065], [5.23932, 44.64725], [5.23922, 44.64432], [5.232, 44.64698], [5.22619, 44.64519], [5.21324, 44.64527], [5.2119, 44.64461], [5.20578, 44.64515], [5.20187, 44.64379], [5.19996, 44.64248], [5.20026, 44.64365]]]}}, {"type": "Feature", "properties": {"nom": "Montclar-sur-Gervanne"}, "geometry": {"type": "Polygon", "coordinates": [[[5.13532, 44.75771], [5.13472, 44.75533], [5.14012, 44.75729], [5.1448, 44.76152], [5.14692, 44.76207], [5.14628, 44.76426], [5.14774, 44.76692], [5.14895, 44.76599], [5.14989, 44.76684], [5.15244, 44.76753], [5.15212, 44.76891], [5.15489, 44.77063], [5.15571, 44.77001], [5.16094, 44.77266], [5.16305, 44.77328], [5.16385, 44.7727], [5.16653, 44.77413], [5.16644, 44.7747], [5.16918, 44.7756], [5.17001, 44.77809], [5.17101, 44.77774], [5.17079, 44.77856], [5.17327, 44.78012], [5.17752, 44.78051], [5.179, 44.7799], [5.17956, 44.78095], [5.18287, 44.78136], [5.18343, 44.78374], [5.18662, 44.78323], [5.18727, 44.78071], [5.18821, 44.77995], [5.18761, 44.77659], [5.1908, 44.77755], [5.19171, 44.77477], [5.19453, 44.77225], [5.19413, 44.7673], [5.19528, 44.76639], [5.19768, 44.76648], [5.19893, 44.76763], [5.20619, 44.7681], [5.20627, 44.76719], [5.20392, 44.76582], [5.20495, 44.76348], [5.20318, 44.75874], [5.20398, 44.75644], [5.2002, 44.75419], [5.19688, 44.75375], [5.19374, 44.75183], [5.19466, 44.74969], [5.19426, 44.74649], [5.18868, 44.74533], [5.18641, 44.74333], [5.18464, 44.74273], [5.18172, 44.73792], [5.17975, 44.73659], [5.17796, 44.734], [5.17808, 44.73303], [5.17623, 44.7316], [5.1746, 44.72808], [5.1711, 44.72615], [5.1706, 44.72377], [5.16683, 44.72267], [5.16422, 44.72274], [5.16169, 44.72152], [5.15466, 44.72066], [5.15052, 44.72234], [5.1464, 44.71776], [5.14464, 44.71716], [5.13877, 44.71984], [5.13486, 44.72028], [5.13273, 44.72145], [5.12729, 44.72248], [5.12625, 44.72319], [5.12315, 44.7233], [5.114, 44.72979], [5.1118, 44.7328], [5.10795, 44.73514], [5.10821, 44.73855], [5.11002, 44.74108], [5.10959, 44.74231], [5.11105, 44.74502], [5.11147, 44.7455], [5.11411, 44.74443], [5.12209, 44.74666], [5.12211, 44.74794], [5.12514, 44.75346], [5.12771, 44.75525], [5.12904, 44.75783], [5.12733, 44.75805], [5.12835, 44.75974], [5.13532, 44.75771]]]}}, {"type": "Feature", "properties": {"nom": "Rochefourchat"}, "geometry": {"type": "Polygon", "coordinates": [[[5.25628, 44.60641], [5.25536, 44.60297], [5.25096, 44.602], [5.25155, 44.60012], [5.25091, 44.59835], [5.24804, 44.59775], [5.24604, 44.59457], [5.24457, 44.5948], [5.24808, 44.59221], [5.24812, 44.5901], [5.24951, 44.58756], [5.2465, 44.5869], [5.24518, 44.58581], [5.24616, 44.57884], [5.24229, 44.57157], [5.24118, 44.57496], [5.23979, 44.57626], [5.23214, 44.5769], [5.2304, 44.58214], [5.22712, 44.58665], [5.22768, 44.59417], [5.22646, 44.59713], [5.22695, 44.59959], [5.22588, 44.602], [5.22012, 44.60544], [5.21351, 44.61087], [5.21772, 44.61428], [5.21977, 44.61753], [5.22287, 44.62049], [5.228, 44.62115], [5.23354, 44.62094], [5.23578, 44.62004], [5.23769, 44.62048], [5.23913, 44.62143], [5.24037, 44.62459], [5.24227, 44.62414], [5.24407, 44.62466], [5.24845, 44.62256], [5.25077, 44.62241], [5.25149, 44.62097], [5.25247, 44.62063], [5.25499, 44.62116], [5.25621, 44.62279], [5.25939, 44.62344], [5.26163, 44.62285], [5.26737, 44.62423], [5.27101, 44.6185], [5.26963, 44.61429], [5.26967, 44.61181], [5.26588, 44.60815], [5.26563, 44.60676], [5.25628, 44.60641]]]}}, {"type": "Feature", "properties": {"nom": "Laval-d'Aix"}, "geometry": {"type": "Polygon", "coordinates": [[[5.48178, 44.78114], [5.48339, 44.77937], [5.48359, 44.77668], [5.48214, 44.77401], [5.47891, 44.77209], [5.47746, 44.77045], [5.47731, 44.76581], [5.47498, 44.76421], [5.47488, 44.76237], [5.47632, 44.7608], [5.48025, 44.75988], [5.48005, 44.75603], [5.48184, 44.75365], [5.48229, 44.75086], [5.48047, 44.74993], [5.48218, 44.74997], [5.48493, 44.74744], [5.48245, 44.74568], [5.48218, 44.73999], [5.47609, 44.74261], [5.47044, 44.74313], [5.46996, 44.73783], [5.47089, 44.73158], [5.4643, 44.72793], [5.46405, 44.72655], [5.45895, 44.7192], [5.45949, 44.71541], [5.45893, 44.71363], [5.45987, 44.70976], [5.45791, 44.70605], [5.45544, 44.70575], [5.45426, 44.70497], [5.45005, 44.7059], [5.44708, 44.70486], [5.44035, 44.70087], [5.43468, 44.70019], [5.42979, 44.70325], [5.42358, 44.71074], [5.42133, 44.7104], [5.41871, 44.71141], [5.41629, 44.71147], [5.41617, 44.713], [5.41453, 44.71331], [5.41147, 44.71583], [5.40856, 44.7165], [5.40569, 44.71588], [5.39958, 44.71284], [5.39823, 44.71275], [5.39667, 44.7135], [5.39598, 44.71522], [5.40057, 44.71591], [5.39974, 44.71846], [5.40452, 44.71864], [5.40662, 44.71819], [5.40809, 44.71969], [5.40881, 44.71949], [5.41747, 44.72339], [5.421, 44.72451], [5.42512, 44.7248], [5.42963, 44.72788], [5.43128, 44.72653], [5.43951, 44.73112], [5.44024, 44.73212], [5.44444, 44.73296], [5.45085, 44.73302], [5.45295, 44.73495], [5.45478, 44.73513], [5.45518, 44.73738], [5.45339, 44.74084], [5.45347, 44.7426], [5.45051, 44.74229], [5.45052, 44.74402], [5.45254, 44.74524], [5.45907, 44.74569], [5.46121, 44.74905], [5.46103, 44.75045], [5.45672, 44.75611], [5.45694, 44.75903], [5.45788, 44.75999], [5.45716, 44.76078], [5.4584, 44.76155], [5.4561, 44.76207], [5.45667, 44.76471], [5.45571, 44.76559], [5.45788, 44.77193], [5.46127, 44.77399], [5.46216, 44.77614], [5.46139, 44.77714], [5.46817, 44.78111], [5.47312, 44.78489], [5.4768, 44.78642], [5.48162, 44.78626], [5.48178, 44.78114]]]}}, {"type": "Feature", "properties": {"nom": "Aouste-sur-Sye"}, "geometry": {"type": "Polygon", "coordinates": [[[5.07326, 44.71492], [5.06796, 44.71321], [5.06932, 44.7021], [5.0708, 44.69872], [5.07044, 44.69765], [5.06925, 44.69706], [5.06957, 44.69557], [5.06586, 44.6916], [5.06875, 44.68671], [5.06774, 44.68663], [5.0683, 44.68578], [5.06591, 44.68563], [5.06252, 44.68311], [5.06021, 44.68277], [5.06063, 44.68089], [5.05606, 44.6772], [5.05588, 44.67358], [5.05279, 44.671], [5.05296, 44.66505], [5.04972, 44.66449], [5.04713, 44.66312], [5.04289, 44.66922], [5.0416, 44.66897], [5.04011, 44.67027], [5.04026, 44.67333], [5.04152, 44.67379], [5.04167, 44.6756], [5.04356, 44.6762], [5.0441, 44.67702], [5.04333, 44.67936], [5.03842, 44.67952], [5.03516, 44.68069], [5.0379, 44.68434], [5.03921, 44.68537], [5.04058, 44.68553], [5.04059, 44.68654], [5.03858, 44.68842], [5.03672, 44.69321], [5.03679, 44.69502], [5.03866, 44.69674], [5.04049, 44.70122], [5.03953, 44.70483], [5.04114, 44.70828], [5.04079, 44.71179], [5.04321, 44.7174], [5.03354, 44.72217], [5.03651, 44.72396], [5.03838, 44.72663], [5.04048, 44.72762], [5.04029, 44.72831], [5.04341, 44.73046], [5.04342, 44.73132], [5.04729, 44.73264], [5.04857, 44.73387], [5.05273, 44.73501], [5.05318, 44.73417], [5.05924, 44.73095], [5.05924, 44.72983], [5.06201, 44.72714], [5.06473, 44.72616], [5.06494, 44.72699], [5.06714, 44.72836], [5.06813, 44.73072], [5.06879, 44.73053], [5.06928, 44.7326], [5.07067, 44.73214], [5.07384, 44.73558], [5.07508, 44.73895], [5.07654, 44.73889], [5.07962, 44.74135], [5.08569, 44.74225], [5.08701, 44.73845], [5.08634, 44.73172], [5.08735, 44.7303], [5.08592, 44.7291], [5.08594, 44.7265], [5.08395, 44.72523], [5.0834, 44.72226], [5.08035, 44.71716], [5.07635, 44.71438], [5.07326, 44.71492]]]}}, {"type": "Feature", "properties": {"nom": "Crest"}, "geometry": {"type": "Polygon", "coordinates": [[[5.05765, 44.75684], [5.05777, 44.75409], [5.05989, 44.75232], [5.06225, 44.74879], [5.06139, 44.74659], [5.06193, 44.74609], [5.05839, 44.74221], [5.05631, 44.73835], [5.05351, 44.7364], [5.05294, 44.73517], [5.04857, 44.73387], [5.04729, 44.73264], [5.04331, 44.73125], [5.04341, 44.73046], [5.04029, 44.72831], [5.04048, 44.72762], [5.03838, 44.72663], [5.03651, 44.72396], [5.03354, 44.72217], [5.04321, 44.7174], [5.04079, 44.71179], [5.04115, 44.70836], [5.04018, 44.70534], [5.03354, 44.70252], [5.02567, 44.70293], [5.02022, 44.7053], [5.02059, 44.71065], [5.01419, 44.71278], [5.01395, 44.70927], [5.01221, 44.70827], [5.00259, 44.70876], [4.99985, 44.70843], [4.99791, 44.71192], [4.99636, 44.71266], [4.99705, 44.71565], [4.99517, 44.71823], [4.99501, 44.72096], [4.99342, 44.72405], [4.99425, 44.72503], [4.99329, 44.72606], [4.98896, 44.72813], [4.98981, 44.73138], [4.98562, 44.73187], [4.98001, 44.73153], [4.99246, 44.74727], [5.00317, 44.75478], [5.00306, 44.75679], [5.00699, 44.75708], [5.00888, 44.75627], [5.01134, 44.74994], [5.01909, 44.75334], [5.02257, 44.75287], [5.02366, 44.75218], [5.03443, 44.75171], [5.03446, 44.75265], [5.03725, 44.75286], [5.03732, 44.75586], [5.03877, 44.75849], [5.04582, 44.75693], [5.05435, 44.75978], [5.05765, 44.75684]]]}}, {"type": "Feature", "properties": {"nom": "Romeyer"}, "geometry": {"type": "Polygon", "coordinates": [[[5.47165, 44.82365], [5.47622, 44.82397], [5.48007, 44.8227], [5.48232, 44.82327], [5.4851, 44.82286], [5.48188, 44.82099], [5.47841, 44.81664], [5.47676, 44.81566], [5.47614, 44.80698], [5.46919, 44.80622], [5.46603, 44.80399], [5.46271, 44.80304], [5.45851, 44.80045], [5.46416, 44.79242], [5.46923, 44.79338], [5.48026, 44.79285], [5.47979, 44.79186], [5.47683, 44.79002], [5.47647, 44.78862], [5.48099, 44.78722], [5.48162, 44.78626], [5.47565, 44.78603], [5.46139, 44.77714], [5.46216, 44.77614], [5.46148, 44.7743], [5.45788, 44.77193], [5.45571, 44.76559], [5.45667, 44.76471], [5.4561, 44.76207], [5.4584, 44.76155], [5.45708, 44.76046], [5.45788, 44.75999], [5.45694, 44.75903], [5.45729, 44.75717], [5.43955, 44.75863], [5.42918, 44.75626], [5.42386, 44.75604], [5.40817, 44.75128], [5.40748, 44.75153], [5.40672, 44.75306], [5.40706, 44.75744], [5.40382, 44.75842], [5.4015, 44.76479], [5.40164, 44.77096], [5.39989, 44.77276], [5.39598, 44.77295], [5.39307, 44.77506], [5.3982, 44.77866], [5.39835, 44.78189], [5.40073, 44.78385], [5.39771, 44.78881], [5.39855, 44.79198], [5.39815, 44.79608], [5.39997, 44.79959], [5.40864, 44.80467], [5.40972, 44.81108], [5.41072, 44.8127], [5.41066, 44.81533], [5.41255, 44.81758], [5.41326, 44.82027], [5.41687, 44.82595], [5.41773, 44.82598], [5.4184, 44.8269], [5.42143, 44.82684], [5.42686, 44.82787], [5.42982, 44.82772], [5.43063, 44.82691], [5.43203, 44.82821], [5.43419, 44.82879], [5.43944, 44.82789], [5.4461, 44.82989], [5.44917, 44.82953], [5.45101, 44.82825], [5.45835, 44.82891], [5.46384, 44.82627], [5.47165, 44.82365]]]}}, {"type": "Feature", "properties": {"nom": "Saint-Roman"}, "geometry": {"type": "Polygon", "coordinates": [[[5.39931, 44.67884], [5.39592, 44.68251], [5.39447, 44.68777], [5.39862, 44.68794], [5.40398, 44.68662], [5.41586, 44.68862], [5.41712, 44.68909], [5.41727, 44.69192], [5.41855, 44.69512], [5.42086, 44.6979], [5.42589, 44.69938], [5.42979, 44.70325], [5.43468, 44.70019], [5.43772, 44.70022], [5.44035, 44.70087], [5.44708, 44.70486], [5.45005, 44.7059], [5.45308, 44.70505], [5.45049, 44.70199], [5.44971, 44.69688], [5.44862, 44.69503], [5.44641, 44.69402], [5.444, 44.69143], [5.44579, 44.68693], [5.44941, 44.68713], [5.44914, 44.68475], [5.4475, 44.68204], [5.44087, 44.68106], [5.43943, 44.68215], [5.43788, 44.68236], [5.43714, 44.68171], [5.43393, 44.68142], [5.43071, 44.68007], [5.42553, 44.67924], [5.42373, 44.67819], [5.42038, 44.67788], [5.41834, 44.67847], [5.41567, 44.67827], [5.41206, 44.67927], [5.40068, 44.67849], [5.39931, 44.67884]]]}}, {"type": "Feature", "properties": {"nom": "Pennes-le-Sec"}, "geometry": {"type": "Polygon", "coordinates": [[[5.33154, 44.64507], [5.33273, 44.64406], [5.3372, 44.643], [5.34254, 44.6447], [5.34499, 44.64205], [5.34652, 44.63995], [5.3469, 44.63547], [5.34406, 44.6319], [5.34691, 44.62896], [5.3465, 44.6282], [5.34443, 44.62861], [5.3431, 44.62758], [5.34099, 44.62782], [5.33511, 44.62591], [5.33307, 44.62613], [5.3324, 44.62401], [5.33019, 44.62338], [5.3261, 44.62446], [5.32418, 44.62384], [5.32277, 44.62461], [5.32097, 44.6243], [5.32043, 44.62354], [5.31843, 44.62423], [5.31504, 44.62303], [5.31269, 44.62372], [5.31175, 44.62322], [5.30984, 44.6255], [5.30819, 44.62526], [5.30717, 44.62594], [5.30343, 44.62613], [5.30328, 44.62691], [5.30511, 44.62854], [5.3035, 44.62819], [5.3029, 44.6289], [5.30158, 44.62899], [5.30132, 44.63112], [5.29666, 44.63101], [5.29557, 44.63291], [5.2962, 44.63414], [5.29562, 44.63506], [5.29344, 44.63534], [5.29193, 44.63729], [5.29046, 44.63773], [5.2915, 44.63894], [5.28842, 44.63998], [5.28894, 44.64041], [5.29025, 44.63972], [5.2924, 44.64059], [5.29531, 44.64036], [5.29907, 44.64231], [5.30583, 44.6427], [5.30406, 44.64814], [5.31523, 44.64759], [5.31868, 44.64964], [5.32224, 44.65286], [5.32486, 44.64993], [5.33077, 44.648], [5.33154, 44.64507]]]}}, {"type": "Feature", "properties": {"nom": "Beauri\u00e8res"}, "geometry": {"type": "Polygon", "coordinates": [[[5.54738, 44.52741], [5.53012, 44.52697], [5.52679, 44.52612], [5.52828, 44.53028], [5.52827, 44.53725], [5.52988, 44.54098], [5.5293, 44.54365], [5.5304, 44.54614], [5.52857, 44.54762], [5.52869, 44.5521], [5.52541, 44.5529], [5.52284, 44.55584], [5.51249, 44.56375], [5.50727, 44.56677], [5.50298, 44.5679], [5.50353, 44.57133], [5.50804, 44.57256], [5.50977, 44.57559], [5.51939, 44.57567], [5.5215, 44.57705], [5.53204, 44.57843], [5.53347, 44.57695], [5.54656, 44.58225], [5.54927, 44.58169], [5.5517, 44.58209], [5.55343, 44.58096], [5.55605, 44.58033], [5.56681, 44.57948], [5.56947, 44.57982], [5.57168, 44.57849], [5.57565, 44.57851], [5.58604, 44.57386], [5.58929, 44.57153], [5.58995, 44.56947], [5.59218, 44.56994], [5.5955, 44.56846], [5.60073, 44.56831], [5.60203, 44.56693], [5.60664, 44.56682], [5.6023, 44.55914], [5.60205, 44.55697], [5.59978, 44.55483], [5.59991, 44.55328], [5.59803, 44.54914], [5.59833, 44.54652], [5.59705, 44.54339], [5.5939, 44.54508], [5.58241, 44.5477], [5.57799, 44.54939], [5.57489, 44.55111], [5.57181, 44.55449], [5.56907, 44.5539], [5.56051, 44.55642], [5.55466, 44.55726], [5.55318, 44.55702], [5.55073, 44.55152], [5.55104, 44.54912], [5.54659, 44.54649], [5.54413, 44.54654], [5.54191, 44.54567], [5.54422, 44.54162], [5.5468, 44.53965], [5.54569, 44.53811], [5.54707, 44.5382], [5.54845, 44.53685], [5.55115, 44.53675], [5.55479, 44.53521], [5.55545, 44.53214], [5.55394, 44.53058], [5.54738, 44.52741]]]}}, {"type": "Feature", "properties": {"nom": "Glandage"}, "geometry": {"type": "Polygon", "coordinates": [[[5.64822, 44.65238], [5.64502, 44.65234], [5.64168, 44.65141], [5.63667, 44.65175], [5.63365, 44.65012], [5.62997, 44.65028], [5.62603, 44.65171], [5.6233, 44.6537], [5.61927, 44.658], [5.61851, 44.66029], [5.61922, 44.66052], [5.6181, 44.66156], [5.61663, 44.66215], [5.6112, 44.66196], [5.60785, 44.66292], [5.60431, 44.66234], [5.60128, 44.66258], [5.60019, 44.66308], [5.59837, 44.66566], [5.59305, 44.6673], [5.59327, 44.66793], [5.59103, 44.66899], [5.58609, 44.66941], [5.57996, 44.67204], [5.57544, 44.67274], [5.57158, 44.67487], [5.5688, 44.67459], [5.56458, 44.67709], [5.56499, 44.67792], [5.56709, 44.67848], [5.56775, 44.67949], [5.57056, 44.68101], [5.57073, 44.68184], [5.57362, 44.6831], [5.57584, 44.68742], [5.57911, 44.68861], [5.57987, 44.6902], [5.58161, 44.69072], [5.5799, 44.69318], [5.57617, 44.69444], [5.57121, 44.69496], [5.57161, 44.70254], [5.57334, 44.70537], [5.57071, 44.70898], [5.57046, 44.71199], [5.56721, 44.71633], [5.57407, 44.72239], [5.57244, 44.72649], [5.57446, 44.72977], [5.57806, 44.73226], [5.58224, 44.73684], [5.58571, 44.73918], [5.58755, 44.73929], [5.59073, 44.73825], [5.59787, 44.73848], [5.60121, 44.73721], [5.60784, 44.73598], [5.61168, 44.74056], [5.61328, 44.7406], [5.61607, 44.74197], [5.62, 44.74138], [5.62225, 44.74265], [5.62526, 44.74259], [5.62552, 44.74335], [5.62906, 44.7448], [5.63062, 44.74002], [5.63447, 44.73649], [5.63591, 44.73284], [5.63882, 44.73289], [5.64398, 44.73158], [5.6471, 44.7241], [5.64735, 44.72072], [5.64592, 44.71741], [5.64612, 44.71548], [5.64974, 44.71516], [5.65008, 44.7142], [5.65714, 44.7094], [5.65619, 44.70704], [5.65749, 44.70233], [5.65742, 44.69817], [5.65964, 44.69491], [5.65058, 44.68897], [5.64864, 44.68553], [5.64749, 44.68559], [5.64379, 44.68209], [5.64262, 44.67975], [5.64046, 44.6784], [5.64435, 44.67537], [5.64527, 44.67372], [5.64679, 44.67264], [5.64872, 44.67226], [5.64878, 44.67016], [5.65078, 44.66622], [5.64966, 44.66323], [5.65138, 44.6612], [5.65055, 44.65776], [5.65155, 44.65521], [5.64822, 44.65238]]]}}, {"type": "Feature", "properties": {"nom": "Gigors-et-Lozeron"}, "geometry": {"type": "Polygon", "coordinates": [[[5.08883, 44.83146], [5.09803, 44.83021], [5.10181, 44.82773], [5.10221, 44.82652], [5.1047, 44.82612], [5.12162, 44.82861], [5.13522, 44.83144], [5.13749, 44.83809], [5.13722, 44.83934], [5.13861, 44.84162], [5.14105, 44.84368], [5.1438, 44.85373], [5.14558, 44.85643], [5.14566, 44.86662], [5.15043, 44.87019], [5.15293, 44.87452], [5.16089, 44.87602], [5.15851, 44.87007], [5.15904, 44.86785], [5.15798, 44.86697], [5.15739, 44.86219], [5.15829, 44.85375], [5.15772, 44.85056], [5.16321, 44.84938], [5.15512, 44.83662], [5.15159, 44.83403], [5.14973, 44.83123], [5.14582, 44.82995], [5.14167, 44.83042], [5.14092, 44.82939], [5.13894, 44.82886], [5.13596, 44.82632], [5.13357, 44.82058], [5.13458, 44.81806], [5.13398, 44.81449], [5.13696, 44.81201], [5.13855, 44.81148], [5.14083, 44.80895], [5.14429, 44.80847], [5.14608, 44.80554], [5.14663, 44.80255], [5.14947, 44.80046], [5.15014, 44.79904], [5.14653, 44.79754], [5.14613, 44.79618], [5.14489, 44.79553], [5.14498, 44.79334], [5.14364, 44.79227], [5.14417, 44.79103], [5.14309, 44.79018], [5.14194, 44.78673], [5.13093, 44.77962], [5.12527, 44.78222], [5.11874, 44.78307], [5.11562, 44.7822], [5.11559, 44.78145], [5.11022, 44.78133], [5.10683, 44.78022], [5.10584, 44.78171], [5.10126, 44.7809], [5.0965, 44.78341], [5.0959, 44.77479], [5.09045, 44.77438], [5.08711, 44.77468], [5.08611, 44.77547], [5.08069, 44.77534], [5.07981, 44.77429], [5.06956, 44.7819], [5.0701, 44.78391], [5.06925, 44.78613], [5.07085, 44.79417], [5.07215, 44.79711], [5.07424, 44.79846], [5.07514, 44.80013], [5.07614, 44.80488], [5.07567, 44.81005], [5.07388, 44.81367], [5.07352, 44.81655], [5.07454, 44.82094], [5.07326, 44.82318], [5.07405, 44.82384], [5.07309, 44.82831], [5.07381, 44.82988], [5.07348, 44.83164], [5.07847, 44.8303], [5.08883, 44.83146]]]}}, {"type": "Feature", "properties": {"nom": "Rimon-et-Savel"}, "geometry": {"type": "Polygon", "coordinates": [[[5.2911, 44.64054], [5.29372, 44.64354], [5.29045, 44.64649], [5.28745, 44.64786], [5.28646, 44.65329], [5.28301, 44.65423], [5.284, 44.65861], [5.28273, 44.66035], [5.28124, 44.66113], [5.28172, 44.66322], [5.28443, 44.66704], [5.28244, 44.6668], [5.28205, 44.66903], [5.27948, 44.66825], [5.27715, 44.67325], [5.28157, 44.67205], [5.28131, 44.67506], [5.2844, 44.67288], [5.2901, 44.67183], [5.29114, 44.67235], [5.29252, 44.67201], [5.29293, 44.67104], [5.29794, 44.66888], [5.2997, 44.667], [5.30404, 44.66607], [5.3055, 44.66635], [5.30461, 44.66727], [5.3071, 44.66666], [5.31237, 44.66849], [5.31572, 44.66847], [5.31944, 44.66969], [5.32091, 44.67093], [5.32165, 44.67341], [5.31939, 44.67617], [5.32204, 44.67766], [5.32359, 44.67991], [5.32714, 44.68106], [5.33595, 44.68787], [5.33841, 44.68774], [5.34202, 44.6891], [5.34346, 44.69094], [5.34438, 44.69475], [5.34809, 44.69603], [5.35178, 44.69529], [5.35422, 44.6916], [5.3427, 44.68646], [5.33964, 44.68307], [5.33485, 44.68], [5.32871, 44.67414], [5.32926, 44.67186], [5.33136, 44.66964], [5.33179, 44.66707], [5.33667, 44.66383], [5.337, 44.66148], [5.33495, 44.65885], [5.33077, 44.648], [5.32486, 44.64993], [5.32224, 44.65286], [5.31868, 44.64964], [5.31523, 44.64759], [5.30406, 44.64814], [5.30583, 44.6427], [5.29907, 44.64231], [5.29531, 44.64036], [5.2924, 44.64059], [5.29025, 44.63972], [5.28971, 44.64038], [5.2911, 44.64054]]]}}, {"type": "Feature", "properties": {"nom": "Cobonne"}, "geometry": {"type": "Polygon", "coordinates": [[[5.05351, 44.7364], [5.05631, 44.73835], [5.05839, 44.74221], [5.06189, 44.74602], [5.06139, 44.74659], [5.06219, 44.74746], [5.06115, 44.75067], [5.05777, 44.75409], [5.05765, 44.75684], [5.0548, 44.75909], [5.05344, 44.76125], [5.05375, 44.76294], [5.05551, 44.76469], [5.05725, 44.76873], [5.05804, 44.77221], [5.05966, 44.77422], [5.06659, 44.77586], [5.06652, 44.77686], [5.06956, 44.7819], [5.07981, 44.77429], [5.08069, 44.77534], [5.08611, 44.77547], [5.08711, 44.77468], [5.09045, 44.77438], [5.0959, 44.77479], [5.09664, 44.76635], [5.09207, 44.76471], [5.08929, 44.76459], [5.08516, 44.76254], [5.08545, 44.7568], [5.08485, 44.75524], [5.08588, 44.75122], [5.08338, 44.74985], [5.0827, 44.74748], [5.08569, 44.74225], [5.07962, 44.74135], [5.07654, 44.73889], [5.07508, 44.73895], [5.07384, 44.73558], [5.07067, 44.73214], [5.06928, 44.7326], [5.06879, 44.73053], [5.06813, 44.73072], [5.06714, 44.72836], [5.06494, 44.72699], [5.06473, 44.72616], [5.06201, 44.72714], [5.05924, 44.72983], [5.05924, 44.73095], [5.05318, 44.73417], [5.05273, 44.73501], [5.05351, 44.7364]]]}}, {"type": "Feature", "properties": {"nom": "Vach\u00e8res-en-Quint"}, "geometry": {"type": "Polygon", "coordinates": [[[5.25205, 44.77841], [5.25055, 44.77868], [5.24582, 44.77796], [5.24175, 44.77967], [5.23862, 44.77865], [5.23622, 44.77904], [5.23408, 44.77839], [5.23152, 44.7792], [5.22667, 44.78622], [5.23094, 44.78936], [5.23571, 44.7914], [5.23811, 44.79498], [5.24355, 44.79324], [5.25443, 44.79272], [5.26627, 44.79449], [5.26993, 44.79152], [5.26994, 44.79057], [5.27103, 44.78984], [5.27102, 44.7878], [5.27187, 44.7872], [5.27124, 44.78488], [5.27184, 44.78399], [5.27344, 44.78363], [5.27266, 44.78115], [5.26675, 44.77954], [5.26092, 44.77986], [5.25983, 44.778], [5.25889, 44.77812], [5.25701, 44.77718], [5.25461, 44.77744], [5.25316, 44.77674], [5.25205, 44.77841]]]}}, {"type": "Feature", "properties": {"nom": "Plan-de-Baix"}, "geometry": {"type": "Polygon", "coordinates": [[[5.17293, 44.80262], [5.1703, 44.80219], [5.17058, 44.80099], [5.16939, 44.79968], [5.16711, 44.79934], [5.16435, 44.79748], [5.16429, 44.79659], [5.16058, 44.79572], [5.16068, 44.79319], [5.15673, 44.79507], [5.15615, 44.7946], [5.15016, 44.79901], [5.14947, 44.80046], [5.14663, 44.80255], [5.14608, 44.80554], [5.14429, 44.80847], [5.14083, 44.80895], [5.13855, 44.81148], [5.13696, 44.81201], [5.13398, 44.81449], [5.13458, 44.81806], [5.13357, 44.82058], [5.13596, 44.82632], [5.13772, 44.82727], [5.13828, 44.82842], [5.14092, 44.82939], [5.14167, 44.83042], [5.14582, 44.82995], [5.1489, 44.83073], [5.15159, 44.83403], [5.15512, 44.83662], [5.16321, 44.84938], [5.1661, 44.84895], [5.16726, 44.85003], [5.16459, 44.85092], [5.16409, 44.85299], [5.16757, 44.85445], [5.17099, 44.85753], [5.17485, 44.85781], [5.17762, 44.85943], [5.18124, 44.86015], [5.18143, 44.85766], [5.18256, 44.85734], [5.18331, 44.85611], [5.18413, 44.85652], [5.18579, 44.85448], [5.18857, 44.8475], [5.18797, 44.84412], [5.18867, 44.84235], [5.18773, 44.8423], [5.18983, 44.8405], [5.18934, 44.83844], [5.18669, 44.83753], [5.18947, 44.83385], [5.19113, 44.8333], [5.19041, 44.83163], [5.19198, 44.83074], [5.19144, 44.82917], [5.19269, 44.82867], [5.19229, 44.8272], [5.19587, 44.82558], [5.19496, 44.82378], [5.19629, 44.82294], [5.1909, 44.81995], [5.18995, 44.81832], [5.18819, 44.81748], [5.1892, 44.81632], [5.18071, 44.81212], [5.18026, 44.8107], [5.17878, 44.81005], [5.17755, 44.80817], [5.17562, 44.80783], [5.17657, 44.80602], [5.17293, 44.80262]]]}}, {"type": "Feature", "properties": {"nom": "Barnave"}, "geometry": {"type": "Polygon", "coordinates": [[[5.3372, 44.643], [5.33273, 44.64406], [5.33154, 44.64507], [5.33067, 44.64745], [5.33495, 44.65885], [5.337, 44.66148], [5.33682, 44.66364], [5.34796, 44.66513], [5.35229, 44.6665], [5.36302, 44.66571], [5.36868, 44.66733], [5.37982, 44.66689], [5.37975, 44.66838], [5.38312, 44.66838], [5.3907, 44.67276], [5.3937, 44.6727], [5.39728, 44.67349], [5.40005, 44.67605], [5.40068, 44.67849], [5.41206, 44.67927], [5.41567, 44.67827], [5.41564, 44.67739], [5.41683, 44.67649], [5.41651, 44.67328], [5.41825, 44.67138], [5.41564, 44.6727], [5.41316, 44.67244], [5.41044, 44.67382], [5.4079, 44.673], [5.40462, 44.6738], [5.40173, 44.67248], [5.40131, 44.66912], [5.39633, 44.66643], [5.39418, 44.66431], [5.39519, 44.6631], [5.39459, 44.66162], [5.38907, 44.65773], [5.38657, 44.65732], [5.38389, 44.6508], [5.38015, 44.64567], [5.37947, 44.64198], [5.37546, 44.63908], [5.37162, 44.64167], [5.36561, 44.64312], [5.35867, 44.64335], [5.34893, 44.64501], [5.34254, 44.6447], [5.3372, 44.643]]]}}, {"type": "Feature", "properties": {"nom": "Soyans"}, "geometry": {"type": "Polygon", "coordinates": [[[4.98846, 44.6221], [4.99062, 44.62449], [4.9911, 44.62683], [4.9902, 44.63718], [4.99152, 44.6405], [4.99125, 44.64254], [4.99327, 44.6414], [4.99474, 44.6426], [4.99622, 44.64224], [4.99954, 44.6429], [4.99966, 44.64382], [5.00163, 44.64476], [5.00587, 44.64325], [5.00828, 44.64669], [5.01569, 44.64967], [5.01647, 44.65214], [5.01191, 44.65646], [5.00915, 44.65732], [5.02399, 44.66302], [5.01949, 44.66829], [5.01914, 44.67041], [5.01727, 44.67265], [5.01732, 44.67386], [5.01519, 44.67713], [5.01678, 44.67768], [5.01892, 44.67706], [5.02005, 44.67798], [5.02251, 44.67829], [5.02447, 44.68084], [5.02915, 44.68283], [5.02985, 44.68239], [5.03204, 44.6827], [5.03184, 44.68226], [5.03325, 44.68186], [5.03441, 44.68283], [5.03705, 44.68342], [5.03516, 44.68069], [5.03842, 44.67952], [5.04333, 44.67936], [5.0439, 44.67835], [5.04371, 44.67639], [5.04167, 44.6756], [5.04152, 44.67379], [5.04026, 44.67333], [5.04011, 44.67027], [5.0416, 44.66897], [5.04289, 44.66922], [5.04713, 44.66312], [5.04569, 44.66077], [5.04594, 44.65792], [5.0388, 44.64521], [5.04091, 44.64031], [5.04072, 44.63464], [5.05391, 44.62607], [5.05654, 44.62374], [5.06028, 44.62157], [5.06355, 44.62068], [5.06472, 44.61853], [5.06112, 44.61672], [5.05956, 44.61685], [5.05702, 44.61544], [5.05434, 44.61503], [5.04965, 44.6118], [5.04656, 44.61086], [5.04731, 44.60903], [5.05104, 44.60697], [5.05142, 44.60304], [5.04594, 44.60312], [5.04535, 44.6013], [5.03886, 44.59763], [5.03792, 44.60011], [5.03603, 44.6018], [5.03421, 44.60775], [5.03176, 44.61137], [5.02338, 44.61585], [5.01787, 44.61635], [5.00806, 44.61592], [5.00392, 44.61473], [4.99857, 44.61189], [4.99709, 44.61404], [4.99348, 44.61682], [4.99323, 44.61959], [4.9883, 44.61959], [4.98846, 44.6221]]]}}, {"type": "Feature", "properties": {"nom": "Les Pr\u00e9s"}, "geometry": {"type": "Polygon", "coordinates": [[[5.60003, 44.51588], [5.59838, 44.51566], [5.59754, 44.51656], [5.59439, 44.51755], [5.59278, 44.51902], [5.59001, 44.51929], [5.58708, 44.52134], [5.58482, 44.51828], [5.57974, 44.51939], [5.57848, 44.51725], [5.57618, 44.51608], [5.56769, 44.5153], [5.56142, 44.51997], [5.55762, 44.52096], [5.5547, 44.52031], [5.54859, 44.52271], [5.54693, 44.52512], [5.54839, 44.52625], [5.54952, 44.52847], [5.55432, 44.53084], [5.55545, 44.53315], [5.5547, 44.53538], [5.55115, 44.53675], [5.54845, 44.53685], [5.54707, 44.5382], [5.54569, 44.53811], [5.5468, 44.53965], [5.54422, 44.54162], [5.54191, 44.54567], [5.54413, 44.54654], [5.54659, 44.54649], [5.55104, 44.54912], [5.55073, 44.55152], [5.55318, 44.55702], [5.55466, 44.55726], [5.56051, 44.55642], [5.56907, 44.5539], [5.57181, 44.55449], [5.57489, 44.55111], [5.57799, 44.54939], [5.58241, 44.5477], [5.5939, 44.54508], [5.59746, 44.54314], [5.60289, 44.54154], [5.61306, 44.53514], [5.61484, 44.53283], [5.60739, 44.52815], [5.60681, 44.52658], [5.60452, 44.52448], [5.60156, 44.5171], [5.60003, 44.51588]]]}}, {"type": "Feature", "properties": {"nom": "Aurel"}, "geometry": {"type": "Polygon", "coordinates": [[[5.27187, 44.67368], [5.27035, 44.67287], [5.26754, 44.67377], [5.26494, 44.67686], [5.26617, 44.67899], [5.26474, 44.67966], [5.26147, 44.67957], [5.26097, 44.68011], [5.26168, 44.68228], [5.25856, 44.68485], [5.26116, 44.689], [5.25979, 44.69266], [5.2599, 44.69654], [5.25893, 44.69808], [5.26021, 44.69832], [5.26278, 44.70042], [5.26439, 44.70336], [5.26847, 44.70743], [5.26963, 44.71125], [5.26937, 44.71316], [5.27233, 44.71355], [5.27354, 44.71307], [5.2761, 44.71488], [5.27642, 44.71783], [5.27828, 44.71828], [5.2788, 44.72104], [5.28146, 44.72102], [5.28595, 44.71958], [5.28882, 44.72007], [5.29173, 44.71869], [5.29768, 44.71799], [5.29793, 44.71891], [5.29855, 44.7189], [5.29822, 44.7179], [5.29998, 44.71771], [5.30065, 44.71622], [5.29994, 44.71621], [5.29993, 44.71531], [5.29901, 44.71539], [5.29855, 44.71334], [5.30139, 44.71116], [5.30143, 44.70896], [5.30566, 44.71029], [5.30881, 44.71037], [5.31241, 44.70879], [5.31346, 44.70743], [5.31713, 44.70561], [5.31851, 44.7041], [5.32224, 44.70483], [5.32561, 44.70674], [5.32613, 44.70407], [5.32853, 44.70438], [5.33024, 44.70344], [5.3332, 44.70336], [5.33618, 44.70608], [5.33666, 44.70452], [5.34088, 44.70037], [5.34277, 44.70046], [5.34602, 44.69877], [5.35115, 44.69763], [5.35543, 44.69477], [5.35764, 44.69246], [5.35422, 44.6916], [5.35178, 44.69529], [5.34995, 44.69592], [5.34809, 44.69603], [5.34438, 44.69475], [5.34346, 44.69094], [5.34202, 44.6891], [5.33841, 44.68774], [5.33595, 44.68787], [5.32714, 44.68106], [5.32359, 44.67991], [5.32098, 44.67672], [5.31965, 44.67652], [5.32165, 44.67341], [5.32091, 44.67093], [5.31944, 44.66969], [5.31572, 44.66847], [5.31237, 44.66849], [5.3071, 44.66666], [5.30461, 44.66727], [5.3055, 44.66635], [5.30404, 44.66607], [5.2997, 44.667], [5.29794, 44.66888], [5.29293, 44.67104], [5.29252, 44.67201], [5.29114, 44.67235], [5.2901, 44.67183], [5.2844, 44.67288], [5.28131, 44.67506], [5.28157, 44.67205], [5.27715, 44.67325], [5.27187, 44.67368]]]}}, {"type": "Feature", "properties": {"nom": "Suze"}, "geometry": {"type": "Polygon", "coordinates": [[[5.0965, 44.78341], [5.10126, 44.7809], [5.10584, 44.78171], [5.10683, 44.78022], [5.11022, 44.78133], [5.11559, 44.78145], [5.11562, 44.7822], [5.11874, 44.78307], [5.12527, 44.78222], [5.13035, 44.77998], [5.12807, 44.77828], [5.12772, 44.77729], [5.12888, 44.76936], [5.12687, 44.76666], [5.12672, 44.76369], [5.12835, 44.75974], [5.12733, 44.75805], [5.12904, 44.75783], [5.12771, 44.75525], [5.12514, 44.75346], [5.12211, 44.74794], [5.12209, 44.74666], [5.11411, 44.74443], [5.11147, 44.7455], [5.10989, 44.74323], [5.11002, 44.74108], [5.10821, 44.73855], [5.10794, 44.73462], [5.10428, 44.72992], [5.10319, 44.73048], [5.08734, 44.73032], [5.08634, 44.73172], [5.08699, 44.73854], [5.08602, 44.74185], [5.08289, 44.74629], [5.08338, 44.74985], [5.08588, 44.75122], [5.08485, 44.75524], [5.08545, 44.7568], [5.08516, 44.76254], [5.08929, 44.76459], [5.09207, 44.76471], [5.09664, 44.76635], [5.0959, 44.77479], [5.0965, 44.78341]]]}}, {"type": "Feature", "properties": {"nom": "Pradelle"}, "geometry": {"type": "Polygon", "coordinates": [[[5.30899, 44.6029], [5.30738, 44.60064], [5.3056, 44.59953], [5.29842, 44.59832], [5.28466, 44.60105], [5.28291, 44.59658], [5.27967, 44.59403], [5.27829, 44.59658], [5.27547, 44.59927], [5.27538, 44.60021], [5.27054, 44.6029], [5.26638, 44.60305], [5.26567, 44.60744], [5.26967, 44.61181], [5.2709, 44.61874], [5.26737, 44.62423], [5.26163, 44.62285], [5.25939, 44.62344], [5.25621, 44.62279], [5.25596, 44.62403], [5.258, 44.62839], [5.25692, 44.63215], [5.26025, 44.6342], [5.26048, 44.63519], [5.2634, 44.63789], [5.26446, 44.64054], [5.26336, 44.6423], [5.26503, 44.64236], [5.26491, 44.64351], [5.26697, 44.64438], [5.28054, 44.6442], [5.28209, 44.64484], [5.29047, 44.6435], [5.29046, 44.64036], [5.28842, 44.63998], [5.2915, 44.63894], [5.29046, 44.63773], [5.29193, 44.63729], [5.29344, 44.63534], [5.29562, 44.63506], [5.2962, 44.63414], [5.29557, 44.63291], [5.29666, 44.63101], [5.30143, 44.63108], [5.30152, 44.62907], [5.30208, 44.62897], [5.29838, 44.62863], [5.29636, 44.62748], [5.29078, 44.62695], [5.28918, 44.62338], [5.29051, 44.62162], [5.28885, 44.62027], [5.28879, 44.61899], [5.28945, 44.61844], [5.29375, 44.61829], [5.29581, 44.61724], [5.29823, 44.614], [5.29966, 44.61377], [5.30008, 44.61479], [5.30589, 44.60758], [5.30755, 44.6069], [5.30899, 44.6029]]]}}, {"type": "Feature", "properties": {"nom": "La Chaudi\u00e8re"}, "geometry": {"type": "Polygon", "coordinates": [[[5.258, 44.62839], [5.25631, 44.62587], [5.25621, 44.62279], [5.25492, 44.62112], [5.25217, 44.62069], [5.25077, 44.62241], [5.24845, 44.62256], [5.24332, 44.62476], [5.24227, 44.62414], [5.24037, 44.62459], [5.23913, 44.62143], [5.23578, 44.62004], [5.23456, 44.62078], [5.23003, 44.62112], [5.22287, 44.62049], [5.21977, 44.61753], [5.21772, 44.61428], [5.21351, 44.61087], [5.20909, 44.61297], [5.20028, 44.61511], [5.20043, 44.61853], [5.19863, 44.6215], [5.19886, 44.62467], [5.20142, 44.62683], [5.20026, 44.62705], [5.20282, 44.62914], [5.19907, 44.63406], [5.19942, 44.63565], [5.20052, 44.6353], [5.20029, 44.63797], [5.20115, 44.63821], [5.20165, 44.63948], [5.2004, 44.642], [5.20081, 44.64239], [5.19996, 44.64248], [5.20459, 44.64495], [5.20776, 44.64532], [5.2119, 44.64461], [5.21324, 44.64527], [5.22619, 44.64519], [5.2321, 44.64698], [5.23877, 44.64421], [5.24042, 44.64897], [5.24293, 44.64671], [5.24452, 44.64399], [5.24615, 44.63859], [5.252, 44.63831], [5.25219, 44.63705], [5.25555, 44.63358], [5.258, 44.62839]]]}}, {"type": "Feature", "properties": {"nom": "Luc-en-Diois"}, "geometry": {"type": "Polygon", "coordinates": [[[5.47737, 44.58277], [5.47648, 44.58475], [5.4769, 44.58884], [5.47286, 44.58957], [5.47176, 44.59151], [5.46763, 44.58786], [5.46726, 44.58675], [5.4655, 44.58576], [5.46489, 44.58567], [5.46053, 44.59], [5.45452, 44.58689], [5.44986, 44.58269], [5.44882, 44.57864], [5.44704, 44.5771], [5.44068, 44.57728], [5.43857, 44.57916], [5.43459, 44.58566], [5.43299, 44.58945], [5.43292, 44.59218], [5.43334, 44.59436], [5.43679, 44.59914], [5.43723, 44.60113], [5.44051, 44.60357], [5.43741, 44.61078], [5.43784, 44.6118], [5.44192, 44.61312], [5.43947, 44.61613], [5.43963, 44.61705], [5.43602, 44.62329], [5.44108, 44.62606], [5.43916, 44.62867], [5.43561, 44.63001], [5.4366, 44.63064], [5.43741, 44.63361], [5.43633, 44.63648], [5.43415, 44.63777], [5.4327, 44.63771], [5.43093, 44.64041], [5.42906, 44.64077], [5.42363, 44.64404], [5.42314, 44.64503], [5.42443, 44.64753], [5.42343, 44.64943], [5.42504, 44.64902], [5.4274, 44.64699], [5.43221, 44.6472], [5.43876, 44.64605], [5.44497, 44.64114], [5.44822, 44.63918], [5.45304, 44.63791], [5.45374, 44.63686], [5.45628, 44.6368], [5.46154, 44.63561], [5.46209, 44.63492], [5.46959, 44.63382], [5.47065, 44.63235], [5.47241, 44.63217], [5.47406, 44.63122], [5.47629, 44.63179], [5.48454, 44.62553], [5.48334, 44.62457], [5.48268, 44.62199], [5.48635, 44.61537], [5.48756, 44.61183], [5.48658, 44.61179], [5.48921, 44.60841], [5.48606, 44.60791], [5.48457, 44.60617], [5.48252, 44.60546], [5.48281, 44.60392], [5.48541, 44.60313], [5.4883, 44.60072], [5.4859, 44.59954], [5.48531, 44.59856], [5.48771, 44.59164], [5.48872, 44.59055], [5.48734, 44.58727], [5.48788, 44.58456], [5.4859, 44.58022], [5.4861, 44.57911], [5.48536, 44.57891], [5.47737, 44.58277]]]}}, {"type": "Feature", "properties": {"nom": "Vaunaveys-la-Rochette"}, "geometry": {"type": "Polygon", "coordinates": [[[5.00669, 44.78895], [5.01177, 44.79028], [5.0107, 44.79225], [5.01289, 44.7977], [5.01336, 44.80708], [5.0127, 44.80981], [5.01419, 44.80921], [5.01498, 44.80799], [5.01678, 44.80806], [5.01785, 44.80659], [5.02339, 44.8049], [5.02958, 44.80231], [5.03091, 44.80113], [5.04366, 44.79757], [5.04788, 44.7942], [5.05061, 44.79328], [5.06069, 44.79376], [5.07043, 44.79249], [5.06925, 44.78613], [5.0701, 44.78391], [5.06956, 44.7819], [5.06652, 44.77686], [5.06659, 44.77586], [5.06002, 44.77445], [5.05804, 44.77221], [5.05551, 44.76469], [5.05355, 44.7624], [5.05435, 44.75978], [5.04582, 44.75693], [5.03877, 44.75849], [5.03732, 44.75586], [5.03725, 44.75286], [5.03446, 44.75265], [5.03443, 44.75171], [5.02366, 44.75218], [5.02257, 44.75287], [5.01909, 44.75334], [5.01134, 44.74994], [5.00888, 44.75627], [5.00699, 44.75708], [5.00306, 44.75679], [5.00287, 44.75902], [5.00522, 44.76382], [5.00569, 44.76745], [5.00124, 44.76911], [5.00555, 44.7722], [5.00668, 44.77427], [5.00356, 44.77771], [5.00033, 44.77833], [5.00019, 44.78107], [5.00669, 44.78895]]]}}, {"type": "Feature", "properties": {"nom": "Sainte-Croix"}, "geometry": {"type": "Polygon", "coordinates": [[[5.29304, 44.75339], [5.2906, 44.75612], [5.28119, 44.75797], [5.28067, 44.76037], [5.27918, 44.7611], [5.27809, 44.76594], [5.2771, 44.76686], [5.27505, 44.76716], [5.26929, 44.77005], [5.26518, 44.77083], [5.26074, 44.77455], [5.25316, 44.77674], [5.25461, 44.77744], [5.25701, 44.77718], [5.25889, 44.77812], [5.25983, 44.778], [5.26092, 44.77986], [5.26675, 44.77954], [5.27266, 44.78115], [5.27344, 44.78363], [5.27184, 44.78399], [5.27124, 44.78488], [5.27192, 44.78656], [5.27093, 44.78935], [5.27396, 44.78958], [5.27526, 44.79073], [5.27944, 44.79236], [5.28194, 44.79221], [5.28681, 44.79402], [5.29098, 44.79397], [5.29287, 44.79014], [5.29554, 44.78741], [5.29775, 44.78145], [5.30283, 44.77699], [5.30548, 44.77572], [5.30568, 44.77192], [5.30488, 44.77015], [5.30982, 44.76678], [5.30675, 44.76456], [5.30345, 44.76316], [5.30232, 44.76087], [5.30238, 44.7585], [5.30807, 44.75658], [5.30944, 44.75409], [5.30771, 44.74985], [5.30909, 44.74816], [5.29969, 44.74508], [5.29649, 44.7451], [5.29648, 44.74655], [5.29479, 44.74794], [5.29304, 44.75339]]]}}, {"type": "Feature", "properties": {"nom": "Volvent"}, "geometry": {"type": "Polygon", "coordinates": [[[5.3739, 44.58702], [5.38099, 44.58652], [5.37883, 44.58132], [5.37944, 44.57337], [5.38069, 44.56951], [5.38058, 44.5638], [5.38152, 44.5626], [5.37259, 44.56016], [5.36727, 44.56034], [5.36353, 44.5592], [5.36, 44.5589], [5.35875, 44.55684], [5.35358, 44.55374], [5.35223, 44.5519], [5.33947, 44.54407], [5.33597, 44.54314], [5.33352, 44.54349], [5.33269, 44.54272], [5.32832, 44.54211], [5.32631, 44.54213], [5.32178, 44.54347], [5.31919, 44.54713], [5.31957, 44.54813], [5.32296, 44.55091], [5.32339, 44.55451], [5.32471, 44.55529], [5.32422, 44.55648], [5.32558, 44.56041], [5.32496, 44.56077], [5.32491, 44.56452], [5.32353, 44.5647], [5.32232, 44.5657], [5.32484, 44.56769], [5.32658, 44.57089], [5.32786, 44.5799], [5.33649, 44.58499], [5.33856, 44.58597], [5.34197, 44.58602], [5.34419, 44.58776], [5.35038, 44.58716], [5.35078, 44.58662], [5.35592, 44.58665], [5.36372, 44.58852], [5.37056, 44.58802], [5.3739, 44.58702]]]}}, {"type": "Feature", "properties": {"nom": "Brette"}, "geometry": {"type": "Polygon", "coordinates": [[[5.28291, 44.59658], [5.28466, 44.60105], [5.29842, 44.59832], [5.3056, 44.59953], [5.30738, 44.60064], [5.30899, 44.6029], [5.30755, 44.6069], [5.30876, 44.60823], [5.31245, 44.6094], [5.31604, 44.60898], [5.32452, 44.60471], [5.32926, 44.60473], [5.33076, 44.60534], [5.33466, 44.60473], [5.33696, 44.60653], [5.34081, 44.60693], [5.35005, 44.60483], [5.35422, 44.6013], [5.36133, 44.60077], [5.36392, 44.59938], [5.36742, 44.59859], [5.36841, 44.5965], [5.37024, 44.59514], [5.37115, 44.59184], [5.37056, 44.58802], [5.36372, 44.58852], [5.35592, 44.58665], [5.35078, 44.58662], [5.35038, 44.58716], [5.34419, 44.58776], [5.34312, 44.58644], [5.34094, 44.58582], [5.33856, 44.58597], [5.33372, 44.58353], [5.32752, 44.57955], [5.32658, 44.57089], [5.32343, 44.56606], [5.32154, 44.56547], [5.32166, 44.56699], [5.31864, 44.57078], [5.31028, 44.57345], [5.30933, 44.57409], [5.31013, 44.5755], [5.30943, 44.57575], [5.30947, 44.57671], [5.30195, 44.58071], [5.2967, 44.58852], [5.29224, 44.58951], [5.28838, 44.59159], [5.27967, 44.59403], [5.28291, 44.59658]]]}}]}