{"type": "FeatureCollection", "features": [{"type": "Feature", "properties": {"type": "pente", "ha": 0.2}, "geometry": {"type": "Polygon", "coordinates": [[[5.09296, 44.71287], [5.09282, 44.71288], [5.09298, 44.71333], [5.09361, 44.71331], [5.0936, 44.71309], [5.09296, 44.71287]]]}}, {"type": "Feature", "properties": {"type": "pente", "ha": 2.6}, "geometry": {"type": "Polygon", "coordinates": [[[5.09967, 44.715], [5.09997, 44.71454], [5.09808, 44.71458], [5.09774, 44.71391], [5.09711, 44.71392], [5.0971, 44.7137], [5.09393, 44.71353], [5.09458, 44.71397], [5.09711, 44.71415], [5.09714, 44.71482], [5.09777, 44.71481], [5.0981, 44.71526], [5.09967, 44.715]]]}}, {"type": "Feature", "properties": {"type": "pente", "ha": 2.4}, "geometry": {"type": "Polygon", "coordinates": [[[5.09942, 44.71658], [5.10005, 44.71657], [5.1007, 44.71723], [5.10196, 44.71698], [5.10256, 44.7163], [5.101, 44.71678], [5.10035, 44.71611], [5.09939, 44.71591], [5.09937, 44.71546], [5.1, 44.71544], [5.1003, 44.71499], [5.09873, 44.71524], [5.09844, 44.7157], [5.09875, 44.71569], [5.09877, 44.71614], [5.09942, 44.71658]]]}}, {"type": "Feature", "properties": {"type": "pente", "ha": 4.2}, "geometry": {"type": "Polygon", "coordinates": [[[5.1023, 44.71765], [5.10167, 44.71766], [5.10169, 44.71834], [5.10329, 44.71898], [5.10364, 44.71988], [5.10462, 44.72054], [5.10556, 44.72052], [5.10586, 44.72006], [5.10491, 44.72008], [5.10457, 44.71919], [5.10262, 44.71787], [5.10294, 44.71787], [5.10292, 44.71742], [5.10545, 44.71759], [5.10544, 44.71737], [5.10386, 44.71717], [5.10385, 44.71695], [5.10259, 44.71697], [5.1023, 44.71765]]]}}, {"type": "Feature", "properties": {"type": "pente", "ha": 1.1}, "geometry": {"type": "Polygon", "coordinates": [[[5.09036, 44.71945], [5.09003, 44.71901], [5.0894, 44.71902], [5.08974, 44.71969], [5.09164, 44.71966], [5.09198, 44.72055], [5.0926, 44.72009], [5.09228, 44.72009], [5.09194, 44.71942], [5.09036, 44.71945]]]}}, {"type": "Feature", "properties": {"type": "pente", "ha": 3.6}, "geometry": {"type": "Polygon", "coordinates": [[[5.10234, 44.72733], [5.10299, 44.72777], [5.10361, 44.72753], [5.10363, 44.72798], [5.10459, 44.72842], [5.10494, 44.72909], [5.10588, 44.72907], [5.10654, 44.72973], [5.10813, 44.72993], [5.10911, 44.73081], [5.10877, 44.73014], [5.10907, 44.72991], [5.10842, 44.72947], [5.10779, 44.72948], [5.10746, 44.72904], [5.10651, 44.72906], [5.10618, 44.72861], [5.10524, 44.72885], [5.10522, 44.72818], [5.10458, 44.72797], [5.10456, 44.72752], [5.10391, 44.72708], [5.10234, 44.72733]]]}}, {"type": "Feature", "properties": {"type": "pente", "ha": 2.5}, "geometry": {"type": "Polygon", "coordinates": [[[5.10273, 44.72913], [5.10368, 44.72933], [5.10595, 44.73087], [5.10597, 44.73132], [5.10659, 44.73108], [5.10624, 44.73019], [5.10528, 44.72998], [5.10527, 44.72953], [5.10464, 44.72954], [5.10302, 44.72845], [5.103, 44.728], [5.10205, 44.72801], [5.1014, 44.72758], [5.10175, 44.72825], [5.10269, 44.72823], [5.10273, 44.72913]]]}}, {"type": "Feature", "properties": {"type": "pente", "ha": 1.7}, "geometry": {"type": "Polygon", "coordinates": [[[5.09579, 44.72948], [5.0958, 44.72971], [5.09517, 44.72972], [5.09524, 44.73152], [5.09585, 44.73106], [5.09581, 44.72993], [5.09771, 44.73012], [5.09801, 44.72967], [5.09579, 44.72948]]]}}, {"type": "Feature", "properties": {"type": "pente", "ha": 1.6}, "geometry": {"type": "Polygon", "coordinates": [[[5.09372, 44.73335], [5.09465, 44.73266], [5.09524, 44.73152], [5.0943, 44.73176], [5.09371, 44.7329], [5.09245, 44.73315], [5.09216, 44.73383], [5.09279, 44.73382], [5.09278, 44.73337], [5.09372, 44.73335]]]}}, {"type": "Feature", "properties": {"type": "pente", "ha": 1.4}, "geometry": {"type": "Polygon", "coordinates": [[[5.09715, 44.73216], [5.09622, 44.7324], [5.09529, 44.7331], [5.09501, 44.734], [5.09596, 44.73398], [5.09562, 44.73331], [5.09592, 44.73308], [5.09688, 44.73329], [5.09715, 44.73216]]]}}, {"type": "Feature", "properties": {"type": "pente", "ha": 0.5}, "geometry": {"type": "Polygon", "coordinates": [[[5.09473, 44.73491], [5.09472, 44.73468], [5.09282, 44.73449], [5.09315, 44.73494], [5.09473, 44.73491]]]}}, {"type": "Feature", "properties": {"type": "pente", "ha": 0.5}, "geometry": {"type": "Polygon", "coordinates": [[[5.10646, 44.73604], [5.10614, 44.73604], [5.10612, 44.73537], [5.10549, 44.73538], [5.10584, 44.73627], [5.10648, 44.73649], [5.10646, 44.73604]]]}}, {"type": "Feature", "properties": {"type": "pente", "ha": 0.8}, "geometry": {"type": "Polygon", "coordinates": [[[5.09769, 44.738], [5.09798, 44.73732], [5.09702, 44.73712], [5.09675, 44.73825], [5.09769, 44.738]]]}}, {"type": "Feature", "properties": {"type": "pente", "ha": 0.8}, "geometry": {"type": "Polygon", "coordinates": [[[5.10533, 44.73966], [5.10596, 44.73965], [5.10595, 44.7392], [5.10564, 44.73943], [5.10343, 44.73947], [5.10345, 44.73992], [5.1047, 44.73967], [5.10471, 44.7399], [5.10534, 44.73989], [5.10533, 44.73966]]]}}, {"type": "Feature", "properties": {"type": "pente", "ha": 2.3}, "geometry": {"type": "Polygon", "coordinates": [[[5.10124, 44.74019], [5.10159, 44.74108], [5.10222, 44.74107], [5.10223, 44.7413], [5.10286, 44.74106], [5.10285, 44.74083], [5.1019, 44.74085], [5.10249, 44.73971], [5.10341, 44.73902], [5.10405, 44.73923], [5.10403, 44.73878], [5.10308, 44.73858], [5.10307, 44.73835], [5.10214, 44.73882], [5.10217, 44.7395], [5.10124, 44.74019]]]}}, {"type": "Feature", "properties": {"type": "pente", "ha": 0.6}, "geometry": {"type": "Polygon", "coordinates": [[[5.09531, 44.7421], [5.0953, 44.74165], [5.09498, 44.74166], [5.09502, 44.74278], [5.09565, 44.74277], [5.09564, 44.74232], [5.09595, 44.74231], [5.09594, 44.74209], [5.09531, 44.7421]]]}}, {"type": "Feature", "properties": {"type": "pente", "ha": 0.4}, "geometry": {"type": "Polygon", "coordinates": [[[5.10327, 44.74375], [5.10296, 44.74376], [5.10361, 44.7442], [5.10355, 44.74285], [5.10324, 44.74285], [5.10327, 44.74375]]]}}, {"type": "Feature", "properties": {"type": "pente", "ha": 3.0}, "geometry": {"type": "Polygon", "coordinates": [[[5.09739, 44.74702], [5.09676, 44.74703], [5.09678, 44.74748], [5.09741, 44.74747], [5.09742, 44.74769], [5.09836, 44.74745], [5.098, 44.74633], [5.09768, 44.74633], [5.09762, 44.74453], [5.09792, 44.7443], [5.09761, 44.74431], [5.09759, 44.74386], [5.09697, 44.7441], [5.09672, 44.7459], [5.0964, 44.74591], [5.09642, 44.74636], [5.09738, 44.74657], [5.09739, 44.74702]], [[5.09772, 44.74723], [5.09772, 44.74746], [5.0974, 44.74724], [5.09772, 44.74723]]]}}, {"type": "Feature", "properties": {"type": "pente", "ha": 1.3}, "geometry": {"type": "Polygon", "coordinates": [[[5.09892, 44.74564], [5.0986, 44.74564], [5.09855, 44.74429], [5.09824, 44.7443], [5.09826, 44.74497], [5.09795, 44.74498], [5.09827, 44.7452], [5.09832, 44.74655], [5.09864, 44.74654], [5.09835, 44.74722], [5.09929, 44.74698], [5.09892, 44.74564]]]}}, {"type": "Feature", "properties": {"type": "pente", "ha": 0.6}, "geometry": {"type": "Polygon", "coordinates": [[[5.10122, 44.74807], [5.10121, 44.74762], [5.10184, 44.74761], [5.10182, 44.74716], [5.10087, 44.74717], [5.10059, 44.74808], [5.10122, 44.74807]]]}}, {"type": "Feature", "properties": {"type": "pente", "ha": 0.6}, "geometry": {"type": "Polygon", "coordinates": [[[5.09522, 44.74796], [5.09519, 44.74728], [5.09427, 44.74798], [5.09429, 44.74865], [5.09522, 44.74796]]]}}, {"type": "Feature", "properties": {"type": "pente", "ha": 1.2}, "geometry": {"type": "Polygon", "coordinates": [[[5.09905, 44.74901], [5.09934, 44.74855], [5.09871, 44.74857], [5.0987, 44.74812], [5.09806, 44.7479], [5.09809, 44.7488], [5.09939, 44.74968], [5.10002, 44.74967], [5.10001, 44.74944], [5.09905, 44.74901]]]}}, {"type": "Feature", "properties": {"type": "pente", "ha": 2.1}, "geometry": {"type": "Polygon", "coordinates": [[[5.10534, 44.74844], [5.10566, 44.74843], [5.10573, 44.75023], [5.10541, 44.75024], [5.10544, 44.75092], [5.10512, 44.75092], [5.10517, 44.75227], [5.10549, 44.75227], [5.10546, 44.75159], [5.10578, 44.75158], [5.10574, 44.75046], [5.10605, 44.75045], [5.10592, 44.74685], [5.10623, 44.74685], [5.10652, 44.74617], [5.10589, 44.74618], [5.10591, 44.74663], [5.10559, 44.74663], [5.10565, 44.74821], [5.10534, 44.74844]]]}}, {"type": "Feature", "properties": {"type": "pente", "ha": 0.4}, "geometry": {"type": "Polygon", "coordinates": [[[5.09132, 44.75366], [5.09226, 44.75342], [5.09223, 44.75274], [5.09161, 44.75298], [5.09132, 44.75366]]]}}, {"type": "Feature", "properties": {"type": "pente", "ha": 0.4}, "geometry": {"type": "Polygon", "coordinates": [[[5.10017, 44.75372], [5.10014, 44.75282], [5.09949, 44.75238], [5.09951, 44.75305], [5.09983, 44.75305], [5.09985, 44.75372], [5.10017, 44.75372]]]}}, {"type": "Feature", "properties": {"type": "pente", "ha": 0.7}, "geometry": {"type": "Polygon", "coordinates": [[[5.09831, 44.75465], [5.09829, 44.7542], [5.09703, 44.75423], [5.09674, 44.75491], [5.09831, 44.75465]]]}}, {"type": "Feature", "properties": {"type": "pente", "ha": 2.0}, "geometry": {"type": "Polygon", "coordinates": [[[5.10747, 44.7547], [5.10809, 44.75424], [5.10805, 44.75312], [5.10773, 44.75312], [5.10747, 44.75448], [5.10683, 44.75449], [5.10531, 44.75587], [5.10751, 44.7556], [5.1078, 44.75492], [5.10747, 44.7547]], [[5.10624, 44.7554], [5.10623, 44.75518], [5.10686, 44.75517], [5.10687, 44.75539], [5.10624, 44.7554]], [[5.10685, 44.75494], [5.10717, 44.75494], [5.10718, 44.75516], [5.10685, 44.75494]]]}}, {"type": "Feature", "properties": {"type": "pente", "ha": 1.6}, "geometry": {"type": "Polygon", "coordinates": [[[5.10118, 44.75527], [5.10149, 44.75527], [5.10147, 44.75459], [5.1021, 44.75458], [5.10245, 44.75548], [5.10308, 44.75546], [5.10275, 44.75524], [5.10305, 44.75456], [5.10273, 44.75457], [5.1027, 44.75389], [5.10176, 44.75391], [5.10209, 44.75436], [5.10083, 44.75438], [5.10081, 44.75393], [5.10049, 44.75394], [5.10052, 44.75461], [5.10116, 44.75482], [5.10118, 44.75527]]]}}, {"type": "Feature", "properties": {"type": "pente", "ha": 3.8}, "geometry": {"type": "Polygon", "coordinates": [[[5.10407, 44.75657], [5.10379, 44.75748], [5.10316, 44.75771], [5.10318, 44.75816], [5.10255, 44.75818], [5.10256, 44.75863], [5.1032, 44.75861], [5.1029, 44.75907], [5.10353, 44.75906], [5.10507, 44.7579], [5.10438, 44.75656], [5.10596, 44.75653], [5.10595, 44.75631], [5.10532, 44.75632], [5.10531, 44.75587], [5.10405, 44.75612], [5.10403, 44.75545], [5.10339, 44.75546], [5.10374, 44.75613], [5.10343, 44.75636], [5.10407, 44.75657]]]}}, {"type": "Feature", "properties": {"type": "pente", "ha": 2.0}, "geometry": {"type": "Polygon", "coordinates": [[[5.10387, 44.75973], [5.10357, 44.76018], [5.10515, 44.76015], [5.10544, 44.75947], [5.10606, 44.75923], [5.10605, 44.75878], [5.10668, 44.75877], [5.10666, 44.75832], [5.10541, 44.75857], [5.10542, 44.75902], [5.10353, 44.75906], [5.10354, 44.75928], [5.10448, 44.75926], [5.10482, 44.75971], [5.10387, 44.75973]]]}}, {"type": "Feature", "properties": {"type": "pente", "ha": 2.7}, "geometry": {"type": "Polygon", "coordinates": [[[5.10547, 44.76037], [5.10516, 44.76038], [5.10551, 44.76127], [5.10488, 44.76128], [5.10553, 44.76195], [5.10647, 44.7617], [5.10676, 44.76102], [5.10803, 44.761], [5.108, 44.76032], [5.10862, 44.75986], [5.10768, 44.7601], [5.10769, 44.76055], [5.10611, 44.76058], [5.10578, 44.76014], [5.10641, 44.76013], [5.1064, 44.7599], [5.10576, 44.75969], [5.10547, 44.76037]], [[5.10613, 44.76103], [5.10614, 44.76126], [5.10582, 44.76104], [5.10613, 44.76103]]]}}, {"type": "Feature", "properties": {"type": "pente", "ha": 5.7}, "geometry": {"type": "Polygon", "coordinates": [[[5.10534, 44.71467], [5.10537, 44.71534], [5.10632, 44.71532], [5.1057, 44.71579], [5.10572, 44.71624], [5.10635, 44.71622], [5.10664, 44.71554], [5.10822, 44.71551], [5.10848, 44.71416], [5.1091, 44.71392], [5.10908, 44.71325], [5.10927, 44.71317], [5.10907, 44.71302], [5.10876, 44.71308], [5.10876, 44.71325], [5.10783, 44.71349], [5.10783, 44.71372], [5.10761, 44.71357], [5.10753, 44.71395], [5.1074, 44.71387], [5.10655, 44.71397], [5.10626, 44.71375], [5.10554, 44.71375], [5.1053, 44.71354], [5.10503, 44.71467], [5.10534, 44.71467]], [[5.10721, 44.71396], [5.10722, 44.71418], [5.1069, 44.71396], [5.10721, 44.71396]]]}}, {"type": "Feature", "properties": {"type": "pente", "ha": 2.3}, "geometry": {"type": "Polygon", "coordinates": [[[5.10983, 44.71638], [5.11046, 44.71637], [5.11107, 44.71591], [5.11105, 44.71523], [5.11041, 44.71502], [5.11013, 44.71593], [5.10887, 44.71618], [5.10859, 44.71708], [5.10734, 44.71733], [5.10735, 44.71756], [5.10892, 44.71753], [5.10983, 44.71638]]]}}, {"type": "Feature", "properties": {"type": "pente", "ha": 0.4}, "geometry": {"type": "Polygon", "coordinates": [[[5.10929, 44.71887], [5.10961, 44.71909], [5.1096, 44.71864], [5.10896, 44.71843], [5.10897, 44.71865], [5.10834, 44.71866], [5.10835, 44.71911], [5.10929, 44.71887]]]}}, {"type": "Feature", "properties": {"type": "pente", "ha": 3.4}, "geometry": {"type": "Polygon", "coordinates": [[[5.11026, 44.71953], [5.11024, 44.71885], [5.11118, 44.71861], [5.11147, 44.71815], [5.11116, 44.71816], [5.11082, 44.71749], [5.10959, 44.71841], [5.10993, 44.71908], [5.10961, 44.71909], [5.10964, 44.71976], [5.11027, 44.71975], [5.11063, 44.72087], [5.1122, 44.72062], [5.11311, 44.7197], [5.11309, 44.71902], [5.11277, 44.71903], [5.11248, 44.71971], [5.11185, 44.71972], [5.11187, 44.7204], [5.11093, 44.72042], [5.11122, 44.71973], [5.11026, 44.71953]], [[5.11053, 44.71817], [5.11054, 44.7184], [5.11021, 44.71818], [5.11053, 44.71817]], [[5.11083, 44.71794], [5.11084, 44.71817], [5.11052, 44.71795], [5.11083, 44.71794]]]}}, {"type": "Feature", "properties": {"type": "pente", "ha": 1.6}, "geometry": {"type": "Polygon", "coordinates": [[[5.10688, 44.72184], [5.10714, 44.72049], [5.10652, 44.72072], [5.10654, 44.7214], [5.10623, 44.72141], [5.10619, 44.72028], [5.10587, 44.72029], [5.10589, 44.72074], [5.10526, 44.72075], [5.10528, 44.72142], [5.10593, 44.72186], [5.10688, 44.72184]]]}}, {"type": "Feature", "properties": {"type": "pente", "ha": 0.6}, "geometry": {"type": "Polygon", "coordinates": [[[5.10943, 44.7227], [5.1097, 44.72134], [5.10878, 44.72203], [5.10912, 44.7227], [5.10943, 44.7227]]]}}, {"type": "Feature", "properties": {"type": "pente", "ha": 0.4}, "geometry": {"type": "Polygon", "coordinates": [[[5.11198, 44.72332], [5.1126, 44.72286], [5.11071, 44.72312], [5.11072, 44.72335], [5.11198, 44.72332]]]}}, {"type": "Feature", "properties": {"type": "pente", "ha": 1.3}, "geometry": {"type": "Polygon", "coordinates": [[[5.10854, 44.73262], [5.10823, 44.73263], [5.1082, 44.73195], [5.10723, 44.73129], [5.10794, 44.73353], [5.10858, 44.73352], [5.1089, 44.73374], [5.10888, 44.73329], [5.10857, 44.73329], [5.10854, 44.73262]]]}}, {"type": "Feature", "properties": {"type": "pente", "ha": 0.7}, "geometry": {"type": "Polygon", "coordinates": [[[5.11202, 44.73278], [5.1117, 44.73256], [5.11204, 44.73323], [5.11362, 44.7332], [5.1136, 44.73275], [5.11202, 44.73278]]]}}, {"type": "Feature", "properties": {"type": "pente", "ha": 3.2}, "geometry": {"type": "Polygon", "coordinates": [[[5.11839, 44.73423], [5.11742, 44.73358], [5.11648, 44.73359], [5.11649, 44.73404], [5.11746, 44.7347], [5.11753, 44.7365], [5.11785, 44.73649], [5.11724, 44.73718], [5.11787, 44.73717], [5.11849, 44.73671], [5.11839, 44.73423]]]}}, {"type": "Feature", "properties": {"type": "pente", "ha": 0.8}, "geometry": {"type": "Polygon", "coordinates": [[[5.11536, 44.73744], [5.1144, 44.73724], [5.1141, 44.73769], [5.11473, 44.73768], [5.11508, 44.73835], [5.11602, 44.73833], [5.11601, 44.73811], [5.11537, 44.73789], [5.11536, 44.73744]]]}}, {"type": "Feature", "properties": {"type": "pente", "ha": 0.6}, "geometry": {"type": "Polygon", "coordinates": [[[5.11854, 44.73806], [5.11856, 44.73851], [5.11887, 44.7385], [5.11885, 44.73783], [5.11853, 44.73783], [5.11851, 44.73738], [5.11725, 44.73741], [5.11854, 44.73806]]]}}, {"type": "Feature", "properties": {"type": "pente", "ha": 36.2}, "geometry": {"type": "Polygon", "coordinates": [[[5.11223, 44.73818], [5.11219, 44.73728], [5.1106, 44.73686], [5.11025, 44.73596], [5.11055, 44.73573], [5.10992, 44.73575], [5.10994, 44.7362], [5.10962, 44.7362], [5.10927, 44.73531], [5.10959, 44.7353], [5.10957, 44.73463], [5.10894, 44.73486], [5.10896, 44.73531], [5.10831, 44.73488], [5.10869, 44.73667], [5.10933, 44.73666], [5.10934, 44.73711], [5.10997, 44.7371], [5.11031, 44.73754], [5.11124, 44.7373], [5.11157, 44.73752], [5.11158, 44.73774], [5.11095, 44.73775], [5.11069, 44.73933], [5.11167, 44.74021], [5.11141, 44.74157], [5.11204, 44.74156], [5.11209, 44.74291], [5.11145, 44.7427], [5.11183, 44.74449], [5.11281, 44.74537], [5.11283, 44.74582], [5.11314, 44.74582], [5.11316, 44.74627], [5.11411, 44.74625], [5.11413, 44.7467], [5.11476, 44.74669], [5.11475, 44.74646], [5.1141, 44.74602], [5.11408, 44.74557], [5.11535, 44.74555], [5.11506, 44.74623], [5.11633, 44.74643], [5.11609, 44.74846], [5.11672, 44.74845], [5.11669, 44.74777], [5.11701, 44.74777], [5.11703, 44.74844], [5.11767, 44.74843], [5.11734, 44.74821], [5.11763, 44.74753], [5.11732, 44.74754], [5.1173, 44.74709], [5.11761, 44.74708], [5.11756, 44.74573], [5.1182, 44.74572], [5.11785, 44.74505], [5.11942, 44.74457], [5.11943, 44.74502], [5.11975, 44.74501], [5.11971, 44.74389], [5.11939, 44.7439], [5.11904, 44.743], [5.11967, 44.74299], [5.11966, 44.74254], [5.11934, 44.74255], [5.11931, 44.74187], [5.119, 44.74188], [5.11897, 44.7412], [5.11833, 44.74099], [5.11862, 44.74031], [5.11799, 44.74032], [5.11828, 44.73964], [5.11765, 44.73965], [5.1173, 44.73876], [5.11667, 44.73877], [5.11638, 44.73945], [5.11606, 44.73946], [5.11604, 44.73878], [5.11541, 44.73879], [5.1154, 44.73857], [5.11351, 44.7386], [5.11354, 44.7395], [5.11417, 44.73949], [5.11478, 44.73903], [5.11513, 44.7397], [5.11544, 44.73969], [5.11547, 44.74037], [5.11578, 44.74036], [5.11576, 44.73969], [5.1167, 44.73967], [5.11705, 44.74034], [5.11769, 44.74055], [5.11707, 44.74101], [5.11709, 44.74146], [5.11807, 44.74234], [5.11809, 44.74302], [5.11716, 44.74326], [5.11683, 44.74304], [5.11685, 44.74349], [5.11749, 44.74371], [5.1175, 44.74416], [5.11719, 44.74416], [5.11718, 44.74394], [5.11623, 44.74373], [5.11621, 44.74328], [5.11556, 44.74284], [5.11461, 44.74286], [5.11458, 44.74196], [5.1152, 44.74172], [5.11487, 44.74128], [5.11395, 44.74197], [5.11332, 44.74198], [5.11329, 44.74131], [5.11266, 44.74132], [5.11292, 44.73997], [5.11261, 44.73997], [5.11256, 44.73862], [5.11224, 44.73863], [5.11254, 44.73817], [5.11223, 44.73818]], [[5.11782, 44.74415], [5.11783, 44.74438], [5.1175, 44.74416], [5.11782, 44.74415]], [[5.11814, 44.74437], [5.11815, 44.74459], [5.11783, 44.74438], [5.11814, 44.74437]], [[5.11464, 44.74354], [5.11495, 44.74353], [5.11466, 44.74421], [5.11498, 44.7442], [5.115, 44.74465], [5.11438, 44.74512], [5.11436, 44.74467], [5.11372, 44.74445], [5.11369, 44.74355], [5.11338, 44.74356], [5.11396, 44.74242], [5.11461, 44.74286], [5.11464, 44.74354]], [[5.11566, 44.74554], [5.1163, 44.74576], [5.11631, 44.74598], [5.11536, 44.746], [5.11566, 44.74554]], [[5.11693, 44.74574], [5.11694, 44.74597], [5.11662, 44.74575], [5.11693, 44.74574]], [[5.11377, 44.74558], [5.11378, 44.7458], [5.11345, 44.74558], [5.11377, 44.74558]], [[5.11628, 44.74508], [5.11628, 44.74531], [5.11596, 44.74509], [5.11628, 44.74508]], [[5.117, 44.73921], [5.11701, 44.73944], [5.11669, 44.73922], [5.117, 44.73921]]]}}, {"type": "Feature", "properties": {"type": "pente", "ha": 0.7}, "geometry": {"type": "Polygon", "coordinates": [[[5.12623, 44.74106], [5.12659, 44.74218], [5.12691, 44.74217], [5.12725, 44.74284], [5.12756, 44.74284], [5.12755, 44.74239], [5.12723, 44.74239], [5.12721, 44.74172], [5.12623, 44.74106]]]}}, {"type": "Feature", "properties": {"type": "pente", "ha": 0.5}, "geometry": {"type": "Polygon", "coordinates": [[[5.10902, 44.74544], [5.10869, 44.745], [5.10777, 44.74569], [5.10779, 44.74614], [5.10902, 44.74544]]]}}, {"type": "Feature", "properties": {"type": "pente", "ha": 1.7}, "geometry": {"type": "Polygon", "coordinates": [[[5.10967, 44.74588], [5.1097, 44.74656], [5.11034, 44.74677], [5.11035, 44.74722], [5.11098, 44.74721], [5.11128, 44.74675], [5.11033, 44.74654], [5.10998, 44.74565], [5.11029, 44.74564], [5.11027, 44.74497], [5.10995, 44.74498], [5.10993, 44.7443], [5.1093, 44.74431], [5.10965, 44.74543], [5.10934, 44.74544], [5.10936, 44.74589], [5.10967, 44.74588]]]}}, {"type": "Feature", "properties": {"type": "pente", "ha": 1.4}, "geometry": {"type": "Polygon", "coordinates": [[[5.11265, 44.74943], [5.11292, 44.7483], [5.11324, 44.74829], [5.1132, 44.74739], [5.11256, 44.74718], [5.11255, 44.74673], [5.11192, 44.74674], [5.11226, 44.74741], [5.11257, 44.7474], [5.11261, 44.7483], [5.11199, 44.74876], [5.11233, 44.74943], [5.11265, 44.74943]]]}}, {"type": "Feature", "properties": {"type": "pente", "ha": 1.3}, "geometry": {"type": "Polygon", "coordinates": [[[5.11957, 44.74862], [5.11988, 44.74861], [5.11983, 44.74704], [5.11919, 44.74705], [5.11921, 44.7475], [5.11889, 44.74751], [5.11925, 44.74863], [5.11894, 44.74863], [5.11895, 44.74908], [5.11959, 44.74907], [5.11957, 44.74862]]]}}, {"type": "Feature", "properties": {"type": "pente", "ha": 58.5}, "geometry": {"type": "Polygon", "coordinates": [[[5.12205, 44.74745], [5.12208, 44.74812], [5.12305, 44.74878], [5.12308, 44.74945], [5.12406, 44.75034], [5.12408, 44.75101], [5.1244, 44.751], [5.12442, 44.75168], [5.12506, 44.75189], [5.12511, 44.75324], [5.12674, 44.75434], [5.12674, 44.75456], [5.1258, 44.75458], [5.12547, 44.75436], [5.12519, 44.75527], [5.12488, 44.75527], [5.1249, 44.75595], [5.12458, 44.75595], [5.12493, 44.75662], [5.12399, 44.75687], [5.12432, 44.75731], [5.124, 44.75732], [5.12406, 44.75867], [5.12374, 44.75867], [5.12377, 44.75935], [5.12314, 44.75958], [5.12353, 44.7616], [5.1229, 44.76162], [5.12323, 44.76183], [5.12295, 44.76274], [5.12326, 44.76273], [5.12328, 44.76318], [5.12359, 44.76318], [5.12355, 44.76205], [5.12419, 44.76227], [5.1245, 44.76204], [5.12445, 44.76069], [5.12629, 44.7593], [5.12687, 44.75794], [5.12814, 44.75791], [5.12906, 44.75722], [5.12969, 44.75721], [5.12967, 44.75676], [5.13029, 44.75652], [5.13027, 44.75584], [5.13089, 44.75561], [5.13087, 44.75516], [5.12893, 44.75384], [5.12757, 44.75139], [5.12693, 44.75118], [5.12625, 44.74984], [5.12593, 44.74985], [5.12522, 44.74761], [5.12585, 44.7476], [5.12584, 44.74737], [5.12552, 44.74738], [5.1255, 44.74671], [5.12518, 44.74671], [5.12516, 44.74604], [5.12484, 44.74604], [5.12482, 44.74537], [5.12418, 44.74515], [5.12377, 44.74269], [5.12345, 44.74269], [5.12343, 44.74202], [5.12311, 44.74202], [5.12309, 44.74135], [5.12277, 44.74135], [5.12274, 44.74068], [5.12145, 44.7398], [5.12142, 44.73913], [5.12044, 44.73825], [5.12007, 44.7369], [5.1191, 44.73625], [5.11881, 44.73693], [5.11946, 44.73736], [5.11949, 44.73804], [5.1198, 44.73803], [5.11984, 44.73916], [5.12048, 44.73937], [5.12052, 44.74027], [5.1215, 44.74115], [5.12123, 44.74228], [5.12091, 44.74229], [5.12057, 44.74162], [5.12025, 44.74163], [5.12027, 44.74208], [5.12059, 44.74207], [5.12061, 44.74275], [5.12093, 44.74274], [5.12097, 44.74386], [5.1216, 44.74385], [5.12157, 44.74295], [5.12188, 44.74295], [5.12237, 44.74744], [5.12205, 44.74745]], [[5.12154, 44.74228], [5.12156, 44.74273], [5.12124, 44.74273], [5.12123, 44.74228], [5.12154, 44.74228]], [[5.12811, 44.75724], [5.12812, 44.75746], [5.12779, 44.75724], [5.12811, 44.75724]], [[5.12526, 44.75707], [5.12527, 44.75729], [5.12494, 44.75707], [5.12526, 44.75707]], [[5.1265, 44.75637], [5.12808, 44.75656], [5.12809, 44.75679], [5.12651, 44.75682], [5.1265, 44.75637]], [[5.1271, 44.75568], [5.12806, 44.75589], [5.12807, 44.75611], [5.12712, 44.75613], [5.1271, 44.75568]], [[5.12803, 44.75521], [5.12805, 44.75566], [5.12773, 44.75567], [5.12772, 44.75522], [5.12803, 44.75521]], [[5.12614, 44.75525], [5.12675, 44.75479], [5.1277, 44.75477], [5.12772, 44.75522], [5.12614, 44.75525]], [[5.12993, 44.75518], [5.12994, 44.7554], [5.12961, 44.75518], [5.12993, 44.75518]], [[5.12581, 44.75503], [5.12582, 44.75525], [5.1255, 44.75504], [5.12581, 44.75503]]]}}, {"type": "Feature", "properties": {"type": "pente", "ha": 0.8}, "geometry": {"type": "Polygon", "coordinates": [[[5.12245, 44.74969], [5.1225, 44.75082], [5.12219, 44.75105], [5.12283, 44.75126], [5.12309, 44.7499], [5.12278, 44.74991], [5.12244, 44.74924], [5.1218, 44.74925], [5.12245, 44.74969]]]}}, {"type": "Feature", "properties": {"type": "pente", "ha": 4.5}, "geometry": {"type": "Polygon", "coordinates": [[[5.11738, 44.74911], [5.11801, 44.7491], [5.11773, 44.75001], [5.11868, 44.75021], [5.11869, 44.75044], [5.11806, 44.75045], [5.11839, 44.75089], [5.11776, 44.75091], [5.11773, 44.75023], [5.11709, 44.74979], [5.11707, 44.74934], [5.11644, 44.74936], [5.11645, 44.74981], [5.11743, 44.75069], [5.11745, 44.75114], [5.11808, 44.75113], [5.11843, 44.75202], [5.11939, 44.75223], [5.11971, 44.75244], [5.1197, 44.75199], [5.11938, 44.752], [5.11936, 44.75155], [5.12, 44.75176], [5.11999, 44.75131], [5.11935, 44.75133], [5.1193, 44.74998], [5.11835, 44.74977], [5.11896, 44.74931], [5.11861, 44.74841], [5.11798, 44.74843], [5.11738, 44.74911]], [[5.118, 44.74888], [5.11831, 44.74887], [5.11832, 44.74909], [5.118, 44.74888]]]}}, {"type": "Feature", "properties": {"type": "pente", "ha": 20.6}, "geometry": {"type": "Polygon", "coordinates": [[[5.10707, 44.75246], [5.10646, 44.75292], [5.10681, 44.75382], [5.1065, 44.75405], [5.10555, 44.75407], [5.10554, 44.75362], [5.10522, 44.75362], [5.10526, 44.75475], [5.10462, 44.75453], [5.10491, 44.75385], [5.10428, 44.75386], [5.10432, 44.75499], [5.10496, 44.75498], [5.10529, 44.75542], [5.10591, 44.75518], [5.10588, 44.75428], [5.10683, 44.75449], [5.10682, 44.75404], [5.10713, 44.75404], [5.10738, 44.75223], [5.10897, 44.75242], [5.10867, 44.75288], [5.10803, 44.75267], [5.10805, 44.75312], [5.10932, 44.75332], [5.10963, 44.75309], [5.10964, 44.75354], [5.11059, 44.75352], [5.11213, 44.75236], [5.11179, 44.7517], [5.11147, 44.7517], [5.11176, 44.75102], [5.11112, 44.75081], [5.11141, 44.75013], [5.11109, 44.75013], [5.11107, 44.74946], [5.11075, 44.74946], [5.11074, 44.74901], [5.11137, 44.749], [5.11135, 44.74855], [5.11104, 44.74856], [5.11101, 44.74788], [5.11038, 44.74789], [5.11002, 44.74678], [5.10939, 44.74679], [5.10956, 44.75129], [5.10925, 44.75152], [5.10957, 44.75151], [5.10958, 44.75196], [5.10832, 44.75199], [5.10831, 44.75176], [5.10894, 44.75175], [5.10893, 44.7513], [5.10799, 44.75154], [5.10765, 44.75087], [5.10859, 44.75063], [5.10891, 44.75085], [5.10856, 44.74996], [5.10887, 44.74972], [5.10854, 44.74951], [5.10886, 44.7495], [5.10913, 44.74837], [5.1085, 44.74838], [5.10879, 44.7477], [5.10848, 44.74771], [5.10848, 44.74793], [5.10785, 44.74794], [5.10819, 44.74839], [5.10788, 44.74862], [5.10693, 44.74864], [5.10658, 44.74774], [5.1069, 44.74774], [5.10685, 44.74639], [5.10653, 44.74639], [5.10632, 44.74932], [5.10726, 44.74908], [5.10728, 44.74953], [5.10633, 44.74955], [5.10698, 44.74999], [5.10635, 44.75], [5.10673, 44.75179], [5.10643, 44.75202], [5.10707, 44.75246]], [[5.10694, 44.74886], [5.10662, 44.74864], [5.10693, 44.74864], [5.10694, 44.74886]], [[5.11026, 44.75308], [5.11027, 44.7533], [5.10994, 44.75308], [5.11026, 44.75308]], [[5.10992, 44.75263], [5.10993, 44.75286], [5.10961, 44.75264], [5.10992, 44.75263]], [[5.11056, 44.75262], [5.11119, 44.75261], [5.1112, 44.75283], [5.11056, 44.75284], [5.11056, 44.75262]], [[5.11052, 44.75172], [5.11084, 44.75171], [5.11085, 44.75216], [5.11054, 44.75217], [5.11052, 44.75172]], [[5.11017, 44.75083], [5.11018, 44.75105], [5.10986, 44.75083], [5.11017, 44.75083]], [[5.10761, 44.74997], [5.10762, 44.7502], [5.1073, 44.74998], [5.10761, 44.74997]], [[5.10791, 44.74952], [5.10792, 44.74974], [5.1076, 44.74952], [5.10791, 44.74952]], [[5.11039, 44.74812], [5.1107, 44.74811], [5.11072, 44.74856], [5.1104, 44.74857], [5.11039, 44.74812]]]}}, {"type": "Feature", "properties": {"type": "pente", "ha": 13.0}, "geometry": {"type": "Polygon", "coordinates": [[[5.12224, 44.7524], [5.12222, 44.75195], [5.12159, 44.75196], [5.12226, 44.75307], [5.1229, 44.75306], [5.1229, 44.75328], [5.12197, 44.75353], [5.12262, 44.75419], [5.12199, 44.7542], [5.12201, 44.75465], [5.12139, 44.75511], [5.12233, 44.75487], [5.12266, 44.75532], [5.12203, 44.75533], [5.12205, 44.75578], [5.12141, 44.75556], [5.1211, 44.7558], [5.12115, 44.75715], [5.12022, 44.75739], [5.12024, 44.75806], [5.12087, 44.75805], [5.12117, 44.7576], [5.12212, 44.75758], [5.12184, 44.75871], [5.12247, 44.75847], [5.12273, 44.75712], [5.12336, 44.7571], [5.12364, 44.75597], [5.12456, 44.75528], [5.12476, 44.75212], [5.12444, 44.75213], [5.12377, 44.75102], [5.12345, 44.75102], [5.12348, 44.7517], [5.12286, 44.75216], [5.12288, 44.75261], [5.12224, 44.7524]]]}}, {"type": "Feature", "properties": {"type": "pente", "ha": 0.8}, "geometry": {"type": "Polygon", "coordinates": [[[5.12122, 44.75895], [5.12153, 44.75871], [5.12058, 44.75873], [5.12096, 44.7603], [5.12158, 44.76006], [5.12122, 44.75895]]]}}, {"type": "Feature", "properties": {"type": "pente", "ha": 0.7}, "geometry": {"type": "Polygon", "coordinates": [[[5.1207, 44.76188], [5.12097, 44.76075], [5.12003, 44.76099], [5.12007, 44.76189], [5.1207, 44.76188]]]}}, {"type": "Feature", "properties": {"type": "pente", "ha": 0.4}, "geometry": {"type": "Polygon", "coordinates": [[[5.11442, 44.7629], [5.11441, 44.76268], [5.11282, 44.76248], [5.11315, 44.76293], [5.11442, 44.7629]]]}}, {"type": "Feature", "properties": {"type": "pente", "ha": 1.8}, "geometry": {"type": "Polygon", "coordinates": [[[5.12168, 44.76276], [5.12166, 44.76231], [5.12073, 44.76256], [5.12049, 44.76459], [5.12143, 44.76457], [5.12142, 44.76412], [5.12173, 44.76411], [5.12137, 44.76277], [5.12168, 44.76276]]]}}, {"type": "Feature", "properties": {"type": "pente", "ha": 10.8}, "geometry": {"type": "Polygon", "coordinates": [[[5.11007, 44.76501], [5.1107, 44.765], [5.11072, 44.76545], [5.11134, 44.76521], [5.11132, 44.76454], [5.11164, 44.76453], [5.11139, 44.76634], [5.1136, 44.7663], [5.11392, 44.76652], [5.11393, 44.76674], [5.11297, 44.76653], [5.11267, 44.76676], [5.113, 44.76721], [5.11489, 44.76695], [5.11521, 44.76717], [5.11519, 44.76672], [5.11456, 44.76673], [5.11484, 44.76582], [5.11422, 44.76606], [5.1142, 44.76561], [5.11483, 44.76537], [5.11481, 44.76492], [5.11418, 44.76493], [5.11443, 44.76313], [5.11158, 44.76296], [5.11065, 44.76365], [5.11068, 44.76433], [5.11005, 44.76434], [5.11001, 44.76344], [5.10937, 44.76322], [5.10939, 44.76367], [5.10876, 44.76369], [5.10877, 44.76391], [5.1094, 44.7639], [5.10942, 44.76457], [5.11007, 44.76501]], [[5.11423, 44.76628], [5.1139, 44.76607], [5.11422, 44.76606], [5.11423, 44.76628]], [[5.11419, 44.76516], [5.11386, 44.76494], [5.11418, 44.76493], [5.11419, 44.76516]], [[5.11226, 44.7643], [5.11321, 44.76428], [5.11286, 44.76361], [5.1135, 44.7636], [5.11354, 44.76472], [5.11291, 44.76473], [5.11325, 44.7654], [5.11263, 44.76586], [5.11228, 44.76475], [5.11258, 44.76451], [5.11226, 44.7643]], [[5.11222, 44.7634], [5.11223, 44.76362], [5.11191, 44.7634], [5.11222, 44.7634]]]}}, {"type": "Feature", "properties": {"type": "pente", "ha": 3.6}, "geometry": {"type": "Polygon", "coordinates": [[[5.11998, 44.76798], [5.12156, 44.76795], [5.12184, 44.76704], [5.12247, 44.7668], [5.12241, 44.76523], [5.12114, 44.76503], [5.12113, 44.7648], [5.12018, 44.76482], [5.12052, 44.76549], [5.12115, 44.76548], [5.12119, 44.76638], [5.12087, 44.76638], [5.1209, 44.76728], [5.11998, 44.76798]], [[5.12152, 44.76682], [5.12153, 44.76705], [5.1212, 44.76683], [5.12152, 44.76682]]]}}, {"type": "Feature", "properties": {"type": "pente", "ha": 1.2}, "geometry": {"type": "Polygon", "coordinates": [[[5.1168, 44.76736], [5.11711, 44.76713], [5.11647, 44.76692], [5.11612, 44.76625], [5.11549, 44.76626], [5.11584, 44.76715], [5.11616, 44.76715], [5.11618, 44.76782], [5.1165, 44.76782], [5.11652, 44.76849], [5.11684, 44.76849], [5.1168, 44.76736]]]}}, {"type": "Feature", "properties": {"type": "pente", "ha": 1.7}, "geometry": {"type": "Polygon", "coordinates": [[[5.1147, 44.77033], [5.11472, 44.771], [5.11535, 44.77099], [5.11564, 44.77031], [5.11657, 44.76962], [5.11751, 44.76937], [5.11717, 44.76893], [5.11779, 44.76847], [5.11716, 44.76848], [5.11593, 44.7694], [5.11594, 44.76985], [5.11531, 44.76987], [5.11534, 44.77054], [5.1147, 44.77033]]]}}, {"type": "Feature", "properties": {"type": "pente", "ha": 1.2}, "geometry": {"type": "Polygon", "coordinates": [[[5.1254, 44.76922], [5.12519, 44.77193], [5.12611, 44.77124], [5.12579, 44.77102], [5.12606, 44.76989], [5.12574, 44.76989], [5.12572, 44.76922], [5.1254, 44.76922]]]}}, {"type": "Feature", "properties": {"type": "pente", "ha": 1.3}, "geometry": {"type": "Polygon", "coordinates": [[[5.12449, 44.77014], [5.12417, 44.77015], [5.12423, 44.77172], [5.12487, 44.77193], [5.12482, 44.77058], [5.12514, 44.77058], [5.12478, 44.76946], [5.12446, 44.76947], [5.12449, 44.77014]]]}}, {"type": "Feature", "properties": {"type": "pente", "ha": 10.3}, "geometry": {"type": "Polygon", "coordinates": [[[5.12852, 44.77637], [5.12789, 44.77661], [5.12785, 44.77548], [5.12817, 44.77547], [5.12812, 44.77435], [5.12844, 44.77434], [5.12836, 44.77209], [5.12867, 44.77209], [5.12891, 44.77006], [5.12859, 44.77006], [5.12857, 44.76939], [5.12825, 44.76939], [5.12822, 44.76849], [5.12758, 44.76828], [5.12723, 44.76739], [5.12691, 44.76739], [5.12651, 44.76515], [5.1262, 44.76515], [5.12616, 44.76425], [5.12585, 44.76426], [5.12596, 44.76719], [5.12694, 44.76807], [5.12696, 44.76852], [5.1276, 44.76873], [5.12761, 44.76918], [5.12793, 44.76917], [5.12796, 44.77007], [5.1286, 44.77029], [5.12862, 44.77074], [5.12799, 44.77075], [5.12801, 44.77142], [5.12709, 44.77212], [5.12683, 44.77347], [5.1262, 44.77371], [5.12624, 44.77461], [5.12655, 44.7746], [5.12658, 44.77528], [5.1269, 44.77527], [5.12694, 44.7764], [5.12725, 44.77639], [5.1276, 44.77706], [5.12885, 44.77681], [5.12881, 44.77569], [5.12849, 44.77569], [5.12852, 44.77637]], [[5.12778, 44.77368], [5.12752, 44.77504], [5.1272, 44.77504], [5.12685, 44.77415], [5.12654, 44.77415], [5.12683, 44.77347], [5.12778, 44.77368]]]}}, {"type": "Feature", "properties": {"type": "pente", "ha": 0.9}, "geometry": {"type": "Polygon", "coordinates": [[[5.12338, 44.77422], [5.12367, 44.77353], [5.12462, 44.77374], [5.12461, 44.77329], [5.12365, 44.77308], [5.12243, 44.77423], [5.12338, 44.77422]]]}}, {"type": "Feature", "properties": {"type": "pente", "ha": 0.6}, "geometry": {"type": "Polygon", "coordinates": [[[5.12246, 44.77491], [5.12214, 44.77491], [5.12185, 44.7756], [5.12249, 44.77581], [5.12246, 44.77513], [5.12278, 44.77513], [5.12276, 44.77445], [5.12212, 44.77446], [5.12246, 44.77491]]]}}, {"type": "Feature", "properties": {"type": "pente", "ha": 12.4}, "geometry": {"type": "Polygon", "coordinates": [[[5.12562, 44.7834], [5.12626, 44.78362], [5.12622, 44.78249], [5.12713, 44.78157], [5.12711, 44.7809], [5.12742, 44.78089], [5.1274, 44.78022], [5.12771, 44.78021], [5.12764, 44.77819], [5.12699, 44.77775], [5.12695, 44.77662], [5.12663, 44.77663], [5.12627, 44.77551], [5.125, 44.77531], [5.12471, 44.77599], [5.12408, 44.776], [5.1241, 44.77668], [5.12285, 44.77693], [5.12287, 44.77738], [5.12224, 44.77761], [5.12258, 44.77806], [5.12227, 44.77829], [5.12354, 44.77849], [5.12324, 44.77895], [5.12421, 44.77938], [5.12423, 44.78005], [5.12455, 44.78005], [5.12451, 44.77915], [5.1242, 44.77915], [5.12386, 44.77848], [5.12417, 44.77848], [5.12412, 44.77713], [5.12474, 44.77689], [5.12507, 44.77711], [5.12544, 44.77845], [5.12608, 44.77867], [5.12643, 44.77956], [5.12674, 44.77955], [5.12648, 44.78114], [5.12617, 44.78114], [5.12651, 44.78181], [5.12587, 44.7816], [5.1259, 44.78227], [5.12558, 44.78228], [5.12562, 44.7834]], [[5.12473, 44.77644], [5.12504, 44.77643], [5.12506, 44.77688], [5.12474, 44.77689], [5.12473, 44.77644]], [[5.12503, 44.77621], [5.12502, 44.77576], [5.12533, 44.77575], [5.12535, 44.7762], [5.12503, 44.77621]]]}}, {"type": "Feature", "properties": {"type": "pente", "ha": 0.4}, "geometry": {"type": "Polygon", "coordinates": [[[5.11227, 44.78141], [5.11353, 44.78138], [5.11354, 44.78161], [5.11416, 44.78115], [5.11226, 44.78118], [5.11227, 44.78141]]]}}, {"type": "Feature", "properties": {"type": "pente", "ha": 8.7}, "geometry": {"type": "Polygon", "coordinates": [[[5.11859, 44.78129], [5.12017, 44.78126], [5.12047, 44.78103], [5.12048, 44.78125], [5.12111, 44.78124], [5.12084, 44.78237], [5.12053, 44.78238], [5.12054, 44.78283], [5.12086, 44.78282], [5.12263, 44.77941], [5.12326, 44.7794], [5.12292, 44.77895], [5.12199, 44.77942], [5.12142, 44.78101], [5.11857, 44.78084], [5.11796, 44.7813], [5.11763, 44.78108], [5.11975, 44.77856], [5.11912, 44.77857], [5.11883, 44.77926], [5.11819, 44.77927], [5.11697, 44.78019], [5.11731, 44.78086], [5.11667, 44.78065], [5.11701, 44.78132], [5.11547, 44.78247], [5.1155, 44.78315], [5.11613, 44.78313], [5.11647, 44.7838], [5.1171, 44.78379], [5.11711, 44.78402], [5.11772, 44.78355], [5.11675, 44.7829], [5.11702, 44.78177], [5.11765, 44.78153], [5.11738, 44.78289], [5.11801, 44.78287], [5.118, 44.78242], [5.11831, 44.78242], [5.11833, 44.78287], [5.11865, 44.78286], [5.11892, 44.78173], [5.1186, 44.78174], [5.11859, 44.78129]]]}}, {"type": "Feature", "properties": {"type": "pente", "ha": 0.7}, "geometry": {"type": "Polygon", "coordinates": [[[5.1199, 44.78261], [5.12048, 44.78125], [5.11955, 44.78172], [5.11928, 44.78285], [5.1199, 44.78261]]]}}, {"type": "Feature", "properties": {"type": "pente", "ha": 0.4}, "geometry": {"type": "Polygon", "coordinates": [[[5.126, 44.78497], [5.12596, 44.78385], [5.12533, 44.78408], [5.12568, 44.78498], [5.126, 44.78497]]]}}, {"type": "Feature", "properties": {"type": "pente", "ha": 0.5}, "geometry": {"type": "Polygon", "coordinates": [[[5.11119, 44.78638], [5.1112, 44.78661], [5.11214, 44.78636], [5.11212, 44.78591], [5.11181, 44.78614], [5.11023, 44.78617], [5.11024, 44.7864], [5.11119, 44.78638]]]}}, {"type": "Feature", "properties": {"type": "pente", "ha": 0.6}, "geometry": {"type": "Polygon", "coordinates": [[[5.10898, 44.78642], [5.109, 44.78687], [5.10963, 44.78686], [5.10995, 44.78708], [5.10994, 44.78663], [5.10961, 44.78641], [5.11023, 44.78595], [5.10959, 44.78596], [5.10898, 44.78642]]]}}, {"type": "Feature", "properties": {"type": "pente", "ha": 0.7}, "geometry": {"type": "Polygon", "coordinates": [[[5.10875, 44.78868], [5.10969, 44.78844], [5.10996, 44.78731], [5.10934, 44.78754], [5.10875, 44.78868]]]}}, {"type": "Feature", "properties": {"type": "pente", "ha": 15.2}, "geometry": {"type": "Polygon", "coordinates": [[[5.11636, 44.78943], [5.11634, 44.78876], [5.11666, 44.78875], [5.11663, 44.78808], [5.11695, 44.78807], [5.1169, 44.78695], [5.11753, 44.78671], [5.11752, 44.78649], [5.11657, 44.7865], [5.11655, 44.78583], [5.11716, 44.78537], [5.11713, 44.78469], [5.11871, 44.78466], [5.119, 44.78398], [5.11869, 44.78399], [5.11865, 44.78309], [5.11804, 44.78355], [5.11839, 44.78444], [5.11807, 44.78422], [5.11585, 44.78427], [5.11556, 44.78495], [5.11525, 44.78495], [5.11562, 44.78652], [5.11531, 44.78653], [5.11532, 44.78698], [5.11596, 44.78697], [5.11594, 44.78652], [5.11625, 44.78651], [5.11629, 44.78741], [5.11597, 44.78742], [5.116, 44.78809], [5.11507, 44.78856], [5.1151, 44.78946], [5.11478, 44.78947], [5.11481, 44.79014], [5.11449, 44.79015], [5.11484, 44.79082], [5.1139, 44.79128], [5.11394, 44.79218], [5.11362, 44.79219], [5.11396, 44.79263], [5.11364, 44.79264], [5.11366, 44.79331], [5.11335, 44.79332], [5.11319, 44.79738], [5.11381, 44.79714], [5.11409, 44.79623], [5.11441, 44.79623], [5.11461, 44.7933], [5.11493, 44.79329], [5.1149, 44.79262], [5.11522, 44.79261], [5.11519, 44.79193], [5.11582, 44.7917], [5.11579, 44.79102], [5.11611, 44.79102], [5.11605, 44.78944], [5.11636, 44.78943]], [[5.11587, 44.78472], [5.1165, 44.7847], [5.11652, 44.78515], [5.11589, 44.78517], [5.11587, 44.78472]]]}}, {"type": "Feature", "properties": {"type": "pente", "ha": 0.8}, "geometry": {"type": "Polygon", "coordinates": [[[5.12439, 44.79266], [5.12496, 44.79085], [5.12432, 44.79086], [5.12408, 44.79266], [5.12439, 44.79266]]]}}, {"type": "Feature", "properties": {"type": "pente", "ha": 0.5}, "geometry": {"type": "Polygon", "coordinates": [[[5.10983, 44.79226], [5.11141, 44.79223], [5.11174, 44.79245], [5.11172, 44.792], [5.11109, 44.79201], [5.11108, 44.79179], [5.10982, 44.79204], [5.10983, 44.79226]]]}}, {"type": "Feature", "properties": {"type": "pente", "ha": 2.6}, "geometry": {"type": "Polygon", "coordinates": [[[5.11875, 44.79412], [5.11934, 44.79298], [5.11712, 44.79257], [5.11683, 44.79348], [5.11652, 44.79348], [5.11686, 44.79415], [5.11875, 44.79412]], [[5.11779, 44.79369], [5.11747, 44.79347], [5.11778, 44.79346], [5.11779, 44.79369]], [[5.11776, 44.79301], [5.11808, 44.793], [5.1181, 44.79345], [5.11778, 44.79346], [5.11776, 44.79301]]]}}, {"type": "Feature", "properties": {"type": "pente", "ha": 0.6}, "geometry": {"type": "Polygon", "coordinates": [[[5.12821, 44.79326], [5.12822, 44.79349], [5.12885, 44.79347], [5.12884, 44.79325], [5.12819, 44.79281], [5.12724, 44.79283], [5.12726, 44.79328], [5.12821, 44.79326]]]}}, {"type": "Feature", "properties": {"type": "pente", "ha": 0.8}, "geometry": {"type": "Polygon", "coordinates": [[[5.12949, 44.79369], [5.12759, 44.79372], [5.12727, 44.7935], [5.12761, 44.79417], [5.12919, 44.79414], [5.12949, 44.79369]]]}}, {"type": "Feature", "properties": {"type": "pente", "ha": 0.8}, "geometry": {"type": "Polygon", "coordinates": [[[5.1301, 44.79322], [5.13012, 44.79367], [5.12981, 44.79368], [5.12986, 44.79503], [5.13049, 44.79502], [5.13013, 44.7939], [5.13045, 44.79389], [5.13074, 44.79321], [5.1301, 44.79322]]]}}, {"type": "Feature", "properties": {"type": "pente", "ha": 1.6}, "geometry": {"type": "Polygon", "coordinates": [[[5.11567, 44.7962], [5.116, 44.79642], [5.11661, 44.79596], [5.11621, 44.79372], [5.11589, 44.79372], [5.11592, 44.7944], [5.1156, 44.7944], [5.11567, 44.7962]]]}}, {"type": "Feature", "properties": {"type": "pente", "ha": 12.9}, "geometry": {"type": "Polygon", "coordinates": [[[5.12105, 44.79633], [5.12137, 44.79632], [5.12134, 44.79564], [5.12166, 44.79564], [5.12163, 44.79496], [5.12195, 44.79496], [5.12192, 44.79428], [5.12316, 44.79358], [5.12379, 44.79357], [5.12408, 44.79266], [5.12282, 44.79291], [5.12284, 44.79336], [5.12157, 44.79339], [5.12159, 44.79384], [5.12097, 44.79408], [5.12068, 44.79476], [5.12004, 44.79454], [5.11973, 44.79477], [5.11945, 44.79568], [5.11977, 44.7959], [5.11916, 44.79636], [5.1189, 44.79794], [5.11828, 44.79818], [5.11829, 44.79863], [5.11735, 44.79887], [5.11734, 44.79865], [5.1164, 44.79867], [5.11637, 44.79799], [5.11573, 44.79778], [5.1157, 44.79688], [5.11538, 44.79688], [5.1154, 44.79733], [5.11477, 44.79735], [5.11512, 44.79824], [5.11351, 44.7976], [5.11452, 44.79915], [5.11578, 44.79913], [5.11579, 44.79935], [5.11736, 44.7991], [5.11737, 44.79932], [5.11863, 44.7993], [5.11863, 44.79907], [5.11956, 44.79883], [5.11955, 44.79838], [5.12109, 44.79723], [5.12105, 44.79633]], [[5.11543, 44.79823], [5.11544, 44.79846], [5.11512, 44.79824], [5.11543, 44.79823]], [[5.11576, 44.79845], [5.11607, 44.79845], [5.11608, 44.79867], [5.11576, 44.79845]]]}}, {"type": "Feature", "properties": {"type": "pente", "ha": 2.4}, "geometry": {"type": "Polygon", "coordinates": [[[5.1236, 44.81361], [5.12423, 44.81338], [5.12382, 44.81091], [5.12287, 44.81093], [5.12322, 44.81182], [5.12353, 44.81181], [5.12326, 44.81294], [5.12358, 44.81294], [5.12359, 44.81339], [5.12295, 44.81318], [5.123, 44.81453], [5.12364, 44.81474], [5.1236, 44.81361]]]}}, {"type": "Feature", "properties": {"type": "pente", "ha": 1.0}, "geometry": {"type": "Polygon", "coordinates": [[[5.12575, 44.8201], [5.12572, 44.81943], [5.1254, 44.81943], [5.1257, 44.81898], [5.12507, 44.81899], [5.1251, 44.81989], [5.12542, 44.81988], [5.1258, 44.82145], [5.12611, 44.82145], [5.12606, 44.8201], [5.12575, 44.8201]]]}}, {"type": "Feature", "properties": {"type": "pente", "ha": 0.6}, "geometry": {"type": "Polygon", "coordinates": [[[5.12991, 44.8216], [5.13085, 44.82136], [5.13082, 44.82046], [5.1302, 44.82069], [5.12991, 44.8216]]]}}, {"type": "Feature", "properties": {"type": "pente", "ha": 2.5}, "geometry": {"type": "Polygon", "coordinates": [[[5.12842, 44.82388], [5.12809, 44.82366], [5.1281, 44.82389], [5.12652, 44.82392], [5.12621, 44.82415], [5.12622, 44.82437], [5.12844, 44.82433], [5.12844, 44.82455], [5.13034, 44.82452], [5.13126, 44.8236], [5.12842, 44.82388]]]}}, {"type": "Feature", "properties": {"type": "pente", "ha": 0.2}, "geometry": {"type": "Polygon", "coordinates": [[[5.13167, 44.82629], [5.13104, 44.82631], [5.13095, 44.82679], [5.13138, 44.82689], [5.13137, 44.82652], [5.13167, 44.82629]]]}}, {"type": "Feature", "properties": {"type": "pente", "ha": 1.2}, "geometry": {"type": "Polygon", "coordinates": [[[5.13593, 44.73029], [5.13692, 44.73117], [5.13818, 44.73115], [5.13817, 44.73093], [5.13657, 44.73051], [5.13686, 44.7296], [5.13622, 44.72961], [5.13593, 44.73029]]]}}, {"type": "Feature", "properties": {"type": "pente", "ha": 3.5}, "geometry": {"type": "Polygon", "coordinates": [[[5.1428, 44.73646], [5.14534, 44.73664], [5.14531, 44.73597], [5.14689, 44.73594], [5.14688, 44.73571], [5.14498, 44.73552], [5.14497, 44.7353], [5.14339, 44.73533], [5.1431, 44.73601], [5.14247, 44.73602], [5.14155, 44.73671], [5.14157, 44.73739], [5.1428, 44.73646]], [[5.14436, 44.73598], [5.14437, 44.73621], [5.14405, 44.73599], [5.14436, 44.73598]], [[5.14372, 44.73577], [5.14404, 44.73577], [5.14405, 44.73599], [5.14372, 44.73577]]]}}, {"type": "Feature", "properties": {"type": "pente", "ha": 4.1}, "geometry": {"type": "Polygon", "coordinates": [[[5.15081, 44.73924], [5.15018, 44.73947], [5.15052, 44.73992], [5.15115, 44.73991], [5.15081, 44.73946], [5.15144, 44.73922], [5.15139, 44.7381], [5.15107, 44.73788], [5.14918, 44.73814], [5.14918, 44.73792], [5.14823, 44.73794], [5.14856, 44.73838], [5.14604, 44.73843], [5.14573, 44.73866], [5.14574, 44.73888], [5.14668, 44.73864], [5.14668, 44.73887], [5.14795, 44.73884], [5.14829, 44.73951], [5.14892, 44.7395], [5.14953, 44.73881], [5.15048, 44.73902], [5.15015, 44.73857], [5.15077, 44.73834], [5.15081, 44.73924]], [[5.14951, 44.73836], [5.14952, 44.73859], [5.14857, 44.7386], [5.14856, 44.73838], [5.14951, 44.73836]]]}}, {"type": "Feature", "properties": {"type": "pente", "ha": 1.2}, "geometry": {"type": "Polygon", "coordinates": [[[5.14607, 44.73933], [5.14606, 44.7391], [5.14512, 44.73912], [5.14541, 44.73844], [5.14415, 44.73869], [5.14451, 44.73981], [5.14607, 44.73933]]]}}, {"type": "Feature", "properties": {"type": "pente", "ha": 0.6}, "geometry": {"type": "Polygon", "coordinates": [[[5.14799, 44.73997], [5.14832, 44.74041], [5.14959, 44.74039], [5.14959, 44.74061], [5.15021, 44.74015], [5.14799, 44.73997]]]}}, {"type": "Feature", "properties": {"type": "pente", "ha": 12.1}, "geometry": {"type": "Polygon", "coordinates": [[[5.14169, 44.74054], [5.14168, 44.74009], [5.14293, 44.73984], [5.14294, 44.74006], [5.14389, 44.74005], [5.14291, 44.73939], [5.14134, 44.73965], [5.14133, 44.7392], [5.14259, 44.73917], [5.14257, 44.73872], [5.14289, 44.73871], [5.14291, 44.73916], [5.14386, 44.73937], [5.14351, 44.73848], [5.14413, 44.73802], [5.14571, 44.73821], [5.1457, 44.73798], [5.14665, 44.73797], [5.14695, 44.73751], [5.14884, 44.73747], [5.14883, 44.73702], [5.1463, 44.73707], [5.14569, 44.73753], [5.14474, 44.73755], [5.14475, 44.73778], [5.14349, 44.7378], [5.1441, 44.73734], [5.14473, 44.73733], [5.14471, 44.73688], [5.14377, 44.7369], [5.14316, 44.73758], [5.14252, 44.73737], [5.14221, 44.7376], [5.14256, 44.73827], [5.14128, 44.73807], [5.1413, 44.73852], [5.14225, 44.7385], [5.14227, 44.73895], [5.14099, 44.73875], [5.14069, 44.73898], [5.14036, 44.73876], [5.1401, 44.74012], [5.13916, 44.74036], [5.13919, 44.74104], [5.13887, 44.74104], [5.1392, 44.74149], [5.13889, 44.74149], [5.13891, 44.74217], [5.1386, 44.74218], [5.13862, 44.74285], [5.13954, 44.74193], [5.13956, 44.74261], [5.13925, 44.74261], [5.13896, 44.74329], [5.1396, 44.74373], [5.14055, 44.74371], [5.14056, 44.74394], [5.14148, 44.74325], [5.1399, 44.74328], [5.13989, 44.74283], [5.14051, 44.74259], [5.14045, 44.74101], [5.14108, 44.741], [5.14169, 44.74054]], [[5.14135, 44.73987], [5.14103, 44.73965], [5.14134, 44.73965], [5.14135, 44.73987]], [[5.14349, 44.73803], [5.14317, 44.73781], [5.14349, 44.7378], [5.14349, 44.73803]], [[5.13951, 44.74126], [5.13983, 44.74125], [5.13985, 44.74193], [5.13954, 44.74193], [5.13951, 44.74126]], [[5.14012, 44.74079], [5.14013, 44.74102], [5.13981, 44.7408], [5.14012, 44.74079]], [[5.14075, 44.74056], [5.14012, 44.74057], [5.14011, 44.74034], [5.14074, 44.74033], [5.14075, 44.74056]], [[5.14072, 44.73988], [5.14104, 44.73988], [5.14105, 44.74033], [5.14074, 44.74033], [5.14072, 44.73988]], [[5.14286, 44.73804], [5.14318, 44.73803], [5.1432, 44.73848], [5.14288, 44.73849], [5.14286, 44.73804]]]}}, {"type": "Feature", "properties": {"type": "pente", "ha": 0.6}, "geometry": {"type": "Polygon", "coordinates": [[[5.1332, 44.7416], [5.13319, 44.74115], [5.13189, 44.74028], [5.13224, 44.74117], [5.13256, 44.74117], [5.13257, 44.74162], [5.1332, 44.7416]]]}}, {"type": "Feature", "properties": {"type": "pente", "ha": 0.5}, "geometry": {"type": "Polygon", "coordinates": [[[5.15343, 44.74189], [5.15437, 44.74164], [5.15436, 44.74119], [5.15341, 44.74121], [5.15343, 44.74189]]]}}, {"type": "Feature", "properties": {"type": "pente", "ha": 6.7}, "geometry": {"type": "Polygon", "coordinates": [[[5.12814, 44.74125], [5.12779, 44.74036], [5.12905, 44.74033], [5.12904, 44.74011], [5.12873, 44.74011], [5.12871, 44.73966], [5.12714, 44.73992], [5.12681, 44.7397], [5.12753, 44.74194], [5.12817, 44.74215], [5.1282, 44.74283], [5.12918, 44.74371], [5.12919, 44.74416], [5.13048, 44.74481], [5.1302, 44.74571], [5.13118, 44.7466], [5.1312, 44.74705], [5.13278, 44.74702], [5.13277, 44.74679], [5.13182, 44.74681], [5.13212, 44.74635], [5.13115, 44.7457], [5.13143, 44.74479], [5.13047, 44.74436], [5.13045, 44.74391], [5.12981, 44.7437], [5.12879, 44.74191], [5.12848, 44.74192], [5.12845, 44.74124], [5.12814, 44.74125]]]}}, {"type": "Feature", "properties": {"type": "pente", "ha": 0.4}, "geometry": {"type": "Polygon", "coordinates": [[[5.14339, 44.74366], [5.14369, 44.7432], [5.14274, 44.74322], [5.14213, 44.74368], [5.14339, 44.74366]]]}}, {"type": "Feature", "properties": {"type": "pente", "ha": 0.7}, "geometry": {"type": "Polygon", "coordinates": [[[5.14754, 44.7447], [5.14816, 44.74447], [5.14815, 44.74402], [5.14908, 44.74377], [5.14907, 44.74332], [5.14751, 44.74403], [5.14754, 44.7447]]]}}, {"type": "Feature", "properties": {"type": "pente", "ha": 1.4}, "geometry": {"type": "Polygon", "coordinates": [[[5.13996, 44.74485], [5.14028, 44.74484], [5.14025, 44.74417], [5.1396, 44.74373], [5.13803, 44.74376], [5.13744, 44.7449], [5.13838, 44.74466], [5.13836, 44.74421], [5.13962, 44.74418], [5.13996, 44.74485]]]}}, {"type": "Feature", "properties": {"type": "pente", "ha": 0.7}, "geometry": {"type": "Polygon", "coordinates": [[[5.14281, 44.74502], [5.1428, 44.74457], [5.14122, 44.7446], [5.14092, 44.74506], [5.14281, 44.74502]]]}}, {"type": "Feature", "properties": {"type": "pente", "ha": 12.2}, "geometry": {"type": "Polygon", "coordinates": [[[5.14164, 44.74752], [5.14166, 44.74797], [5.14104, 44.74821], [5.14176, 44.75044], [5.14114, 44.75091], [5.14146, 44.7509], [5.1418, 44.75157], [5.14306, 44.75155], [5.14364, 44.75018], [5.14427, 44.75017], [5.14425, 44.7495], [5.14548, 44.74857], [5.14574, 44.74722], [5.14444, 44.74634], [5.14413, 44.74635], [5.14415, 44.74702], [5.14257, 44.74683], [5.14227, 44.74728], [5.14259, 44.7475], [5.14164, 44.74752]], [[5.14236, 44.74976], [5.14268, 44.74975], [5.1427, 44.75043], [5.14239, 44.75043], [5.14236, 44.74976]], [[5.14298, 44.74952], [5.14299, 44.74975], [5.14267, 44.74953], [5.14298, 44.74952]], [[5.14264, 44.74885], [5.14296, 44.74885], [5.14298, 44.7493], [5.14266, 44.7493], [5.14264, 44.74885]], [[5.14327, 44.74861], [5.14327, 44.74884], [5.14295, 44.74862], [5.14327, 44.74861]], [[5.14356, 44.74816], [5.14357, 44.74838], [5.14325, 44.74816], [5.14356, 44.74816]], [[5.14386, 44.7477], [5.14387, 44.74793], [5.14355, 44.74771], [5.14386, 44.7477]]]}}, {"type": "Feature", "properties": {"type": "pente", "ha": 3.0}, "geometry": {"type": "Polygon", "coordinates": [[[5.13228, 44.75063], [5.13293, 44.75107], [5.13451, 44.75104], [5.13512, 44.75057], [5.13323, 44.75061], [5.13282, 44.74814], [5.13187, 44.74793], [5.13228, 44.75063]]]}}, {"type": "Feature", "properties": {"type": "pente", "ha": 0.6}, "geometry": {"type": "Polygon", "coordinates": [[[5.13105, 44.75155], [5.13099, 44.74998], [5.13035, 44.74976], [5.13037, 44.75021], [5.13069, 44.75021], [5.13074, 44.75156], [5.13105, 44.75155]]]}}, {"type": "Feature", "properties": {"type": "pente", "ha": 2.1}, "geometry": {"type": "Polygon", "coordinates": [[[5.14212, 44.75179], [5.14246, 44.75246], [5.14308, 44.752], [5.14403, 44.75198], [5.14495, 44.75128], [5.14493, 44.75083], [5.14587, 44.75059], [5.14647, 44.7499], [5.14521, 44.74993], [5.14492, 44.75061], [5.1443, 44.75085], [5.14432, 44.7513], [5.14306, 44.75155], [5.14276, 44.752], [5.14212, 44.75179]]]}}, {"type": "Feature", "properties": {"type": "pente", "ha": 0.7}, "geometry": {"type": "Polygon", "coordinates": [[[5.14436, 44.75242], [5.14498, 44.75218], [5.14496, 44.75173], [5.14559, 44.7515], [5.14588, 44.75082], [5.14525, 44.75083], [5.14436, 44.75242]]]}}, {"type": "Feature", "properties": {"type": "pente", "ha": 9.4}, "geometry": {"type": "Polygon", "coordinates": [[[5.1346, 44.75328], [5.13392, 44.75217], [5.13361, 44.75218], [5.13362, 44.75263], [5.13395, 44.75285], [5.13332, 44.75286], [5.13233, 44.75198], [5.13264, 44.75175], [5.1358, 44.75169], [5.1364, 44.751], [5.13515, 44.75125], [5.13516, 44.75147], [5.13262, 44.7513], [5.13263, 44.75152], [5.132, 44.75153], [5.13172, 44.75244], [5.13269, 44.7531], [5.13396, 44.7533], [5.13398, 44.75375], [5.13461, 44.75373], [5.13463, 44.75418], [5.13745, 44.75368], [5.13745, 44.75346], [5.13966, 44.75364], [5.14028, 44.75318], [5.14025, 44.7525], [5.13928, 44.75184], [5.13675, 44.75167], [5.13772, 44.75232], [5.13866, 44.75208], [5.13867, 44.75253], [5.13677, 44.75234], [5.13711, 44.75301], [5.1346, 44.75328]]]}}, {"type": "Feature", "properties": {"type": "pente", "ha": 1.1}, "geometry": {"type": "Polygon", "coordinates": [[[5.14882, 44.75346], [5.14881, 44.75324], [5.15008, 44.75321], [5.15007, 44.75299], [5.14816, 44.7528], [5.14851, 44.75369], [5.14788, 44.7537], [5.14789, 44.75393], [5.14978, 44.75367], [5.14977, 44.75344], [5.14882, 44.75346]]]}}, {"type": "Feature", "properties": {"type": "pente", "ha": 1.4}, "geometry": {"type": "Polygon", "coordinates": [[[5.14694, 44.75395], [5.14724, 44.75349], [5.1463, 44.75351], [5.14601, 44.75419], [5.14507, 44.75443], [5.14415, 44.75535], [5.1451, 44.75533], [5.14633, 44.75441], [5.14631, 44.75396], [5.14694, 44.75395]]]}}, {"type": "Feature", "properties": {"type": "pente", "ha": 0.5}, "geometry": {"type": "Polygon", "coordinates": [[[5.14664, 44.75418], [5.14665, 44.75463], [5.14573, 44.75532], [5.14699, 44.75507], [5.14695, 44.75417], [5.14664, 44.75418]]]}}, {"type": "Feature", "properties": {"type": "pente", "ha": 1.2}, "geometry": {"type": "Polygon", "coordinates": [[[5.14575, 44.75577], [5.14573, 44.75532], [5.1451, 44.75533], [5.14512, 44.75578], [5.14577, 44.75622], [5.14607, 44.75599], [5.14703, 44.7562], [5.14702, 44.75597], [5.14765, 44.75596], [5.14766, 44.75618], [5.14829, 44.75617], [5.14828, 44.75595], [5.14764, 44.75551], [5.14733, 44.75574], [5.14575, 44.75577]]]}}, {"type": "Feature", "properties": {"type": "pente", "ha": 11.0}, "geometry": {"type": "Polygon", "coordinates": [[[5.13197, 44.75896], [5.13262, 44.7594], [5.13266, 44.76053], [5.13328, 44.76029], [5.13326, 44.75962], [5.1342, 44.7596], [5.13258, 44.7585], [5.13253, 44.75715], [5.13156, 44.7565], [5.13154, 44.75605], [5.13061, 44.75651], [5.13063, 44.75696], [5.13, 44.75698], [5.12971, 44.75766], [5.12814, 44.75814], [5.12816, 44.75859], [5.12754, 44.75882], [5.12787, 44.75927], [5.12724, 44.75928], [5.12726, 44.75996], [5.12633, 44.76042], [5.12636, 44.7611], [5.12574, 44.76156], [5.12615, 44.7638], [5.12678, 44.76379], [5.12671, 44.76199], [5.12764, 44.76152], [5.12819, 44.75949], [5.13004, 44.7581], [5.13033, 44.75742], [5.13064, 44.75741], [5.13072, 44.75944], [5.13134, 44.75898], [5.13127, 44.75718], [5.13192, 44.75761], [5.13197, 44.75896]], [[5.12668, 44.76109], [5.12665, 44.76042], [5.12697, 44.76041], [5.12699, 44.76109], [5.12668, 44.76109]]]}}, {"type": "Feature", "properties": {"type": "pente", "ha": 6.2}, "geometry": {"type": "Polygon", "coordinates": [[[5.13555, 44.76182], [5.13617, 44.76136], [5.13614, 44.76069], [5.13677, 44.76067], [5.13712, 44.76157], [5.1365, 44.7618], [5.13657, 44.7636], [5.13688, 44.7636], [5.13723, 44.76449], [5.13598, 44.76474], [5.13536, 44.7652], [5.13571, 44.76587], [5.13509, 44.76633], [5.13603, 44.76609], [5.13632, 44.76541], [5.1382, 44.76492], [5.13817, 44.76425], [5.13752, 44.76381], [5.13746, 44.76224], [5.13808, 44.76177], [5.13805, 44.7611], [5.13741, 44.76089], [5.1374, 44.76044], [5.13675, 44.76], [5.13581, 44.76024], [5.13555, 44.76182]]]}}, {"type": "Feature", "properties": {"type": "pente", "ha": 2.0}, "geometry": {"type": "Polygon", "coordinates": [[[5.14511, 44.76389], [5.14509, 44.76344], [5.14921, 44.76358], [5.14919, 44.76313], [5.14508, 44.76299], [5.14417, 44.76413], [5.14511, 44.76389]]]}}, {"type": "Feature", "properties": {"type": "pente", "ha": 0.5}, "geometry": {"type": "Polygon", "coordinates": [[[5.15143, 44.76377], [5.15141, 44.76332], [5.15014, 44.76312], [5.15048, 44.76379], [5.15143, 44.76377]]]}}, {"type": "Feature", "properties": {"type": "pente", "ha": 1.3}, "geometry": {"type": "Polygon", "coordinates": [[[5.15019, 44.76447], [5.15049, 44.76401], [5.14922, 44.76381], [5.14923, 44.76403], [5.14859, 44.76405], [5.14893, 44.76449], [5.14766, 44.76452], [5.148, 44.76496], [5.14894, 44.76494], [5.14956, 44.76448], [5.15019, 44.76447]]]}}, {"type": "Feature", "properties": {"type": "pente", "ha": 0.7}, "geometry": {"type": "Polygon", "coordinates": [[[5.15845, 44.76566], [5.15844, 44.76521], [5.15622, 44.76502], [5.15623, 44.76525], [5.15717, 44.76523], [5.15751, 44.76568], [5.15845, 44.76566]]]}}, {"type": "Feature", "properties": {"type": "pente", "ha": 0.9}, "geometry": {"type": "Polygon", "coordinates": [[[5.13193, 44.7664], [5.13287, 44.76615], [5.13317, 44.7657], [5.13222, 44.76571], [5.13161, 44.76618], [5.13134, 44.76731], [5.13197, 44.7673], [5.13163, 44.76685], [5.13195, 44.76685], [5.13193, 44.7664]]]}}, {"type": "Feature", "properties": {"type": "pente", "ha": 0.8}, "geometry": {"type": "Polygon", "coordinates": [[[5.1389, 44.76671], [5.13953, 44.7667], [5.13952, 44.76647], [5.14016, 44.76669], [5.14014, 44.76624], [5.1395, 44.76602], [5.13951, 44.76625], [5.13888, 44.76626], [5.13828, 44.76717], [5.13892, 44.76716], [5.1389, 44.76671]]]}}, {"type": "Feature", "properties": {"type": "pente", "ha": 0.5}, "geometry": {"type": "Polygon", "coordinates": [[[5.14586, 44.76703], [5.14585, 44.7668], [5.14426, 44.76638], [5.14428, 44.76683], [5.14491, 44.76682], [5.14492, 44.76705], [5.14586, 44.76703]]]}}, {"type": "Feature", "properties": {"type": "pente", "ha": 2.8}, "geometry": {"type": "Polygon", "coordinates": [[[5.14027, 44.76961], [5.14092, 44.77005], [5.14187, 44.77003], [5.14186, 44.76981], [5.14154, 44.76981], [5.1412, 44.76914], [5.14026, 44.76916], [5.13988, 44.76759], [5.13925, 44.76761], [5.13927, 44.76806], [5.13863, 44.76784], [5.13866, 44.76874], [5.1393, 44.76896], [5.13965, 44.76985], [5.14027, 44.76961]]]}}, {"type": "Feature", "properties": {"type": "pente", "ha": 7.9}, "geometry": {"type": "Polygon", "coordinates": [[[5.13389, 44.76793], [5.13295, 44.76818], [5.13268, 44.76931], [5.13331, 44.7693], [5.13359, 44.76839], [5.13484, 44.76814], [5.13519, 44.76903], [5.13551, 44.76903], [5.13555, 44.77015], [5.13397, 44.77018], [5.13399, 44.77063], [5.13621, 44.77082], [5.13591, 44.77127], [5.13686, 44.77125], [5.13684, 44.7708], [5.13716, 44.7708], [5.13672, 44.76765], [5.13607, 44.76722], [5.13545, 44.76745], [5.13544, 44.76723], [5.13323, 44.76727], [5.13325, 44.76772], [5.13388, 44.76771], [5.13389, 44.76793]], [[5.13619, 44.77037], [5.13651, 44.77036], [5.13653, 44.77081], [5.13621, 44.77082], [5.13619, 44.77037]]]}}, {"type": "Feature", "properties": {"type": "pente", "ha": 0.6}, "geometry": {"type": "Polygon", "coordinates": [[[5.14692, 44.76993], [5.14629, 44.76995], [5.14633, 44.77085], [5.14697, 44.77106], [5.14692, 44.76993]]]}}, {"type": "Feature", "properties": {"type": "pente", "ha": 0.5}, "geometry": {"type": "Polygon", "coordinates": [[[5.13496, 44.77129], [5.13495, 44.77084], [5.134, 44.77086], [5.13402, 44.77153], [5.13496, 44.77129]]]}}, {"type": "Feature", "properties": {"type": "pente", "ha": 0.4}, "geometry": {"type": "Polygon", "coordinates": [[[5.13124, 44.77316], [5.13156, 44.77316], [5.13151, 44.77203], [5.13089, 44.77227], [5.13124, 44.77316]]]}}, {"type": "Feature", "properties": {"type": "pente", "ha": 0.4}, "geometry": {"type": "Polygon", "coordinates": [[[5.12968, 44.77364], [5.13033, 44.77408], [5.13034, 44.77453], [5.13066, 44.77453], [5.13063, 44.77363], [5.12968, 44.77364]]]}}, {"type": "Feature", "properties": {"type": "pente", "ha": 11.6}, "geometry": {"type": "Polygon", "coordinates": [[[5.1355, 44.77713], [5.13548, 44.77668], [5.1339, 44.77649], [5.13387, 44.77581], [5.13481, 44.77557], [5.13447, 44.7749], [5.1351, 44.77489], [5.13475, 44.774], [5.13412, 44.77401], [5.13409, 44.77333], [5.13568, 44.77353], [5.13597, 44.77285], [5.13692, 44.77283], [5.1369, 44.77238], [5.13595, 44.7724], [5.13566, 44.77308], [5.13535, 44.77308], [5.13532, 44.77241], [5.13501, 44.77242], [5.13466, 44.77175], [5.13435, 44.77175], [5.13437, 44.77243], [5.13406, 44.77243], [5.13408, 44.77311], [5.13316, 44.7738], [5.13284, 44.77358], [5.1319, 44.77383], [5.13189, 44.7736], [5.13126, 44.77361], [5.13128, 44.77406], [5.13285, 44.77403], [5.13256, 44.77449], [5.13128, 44.77429], [5.1313, 44.77474], [5.13225, 44.77472], [5.13227, 44.77517], [5.13195, 44.77518], [5.13166, 44.77586], [5.13102, 44.77564], [5.13071, 44.77588], [5.13105, 44.77654], [5.13074, 44.77655], [5.13078, 44.77768], [5.1311, 44.77767], [5.13111, 44.77812], [5.13238, 44.77832], [5.13239, 44.77855], [5.13366, 44.77852], [5.13364, 44.77807], [5.13269, 44.77809], [5.13267, 44.77741], [5.13203, 44.7772], [5.13227, 44.7754], [5.13292, 44.77583], [5.13296, 44.77673], [5.13327, 44.77673], [5.13361, 44.7774], [5.13425, 44.77738], [5.13423, 44.77693], [5.1355, 44.77713]], [[5.13349, 44.77425], [5.13413, 44.77423], [5.13385, 44.77536], [5.13323, 44.7756], [5.13322, 44.77538], [5.13259, 44.77539], [5.13257, 44.77494], [5.13351, 44.7747], [5.13349, 44.77425]]]}}, {"type": "Feature", "properties": {"type": "pente", "ha": 0.4}, "geometry": {"type": "Polygon", "coordinates": [[[5.13038, 44.77543], [5.13037, 44.77521], [5.1291, 44.77501], [5.12912, 44.77546], [5.13038, 44.77543]]]}}, {"type": "Feature", "properties": {"type": "pente", "ha": 1.7}, "geometry": {"type": "Polygon", "coordinates": [[[5.13687, 44.77981], [5.13716, 44.77913], [5.13652, 44.77892], [5.13649, 44.77824], [5.13618, 44.77825], [5.13647, 44.77779], [5.13488, 44.77737], [5.13489, 44.77782], [5.13554, 44.77803], [5.13589, 44.77915], [5.13653, 44.77937], [5.13655, 44.77982], [5.13687, 44.77981]]]}}, {"type": "Feature", "properties": {"type": "pente", "ha": 20.3}, "geometry": {"type": "Polygon", "coordinates": [[[5.14439, 44.77809], [5.14407, 44.77809], [5.14434, 44.77674], [5.14465, 44.77673], [5.14456, 44.77426], [5.14265, 44.77384], [5.14235, 44.7743], [5.14171, 44.77409], [5.1414, 44.77432], [5.14137, 44.77364], [5.14074, 44.77366], [5.1404, 44.77299], [5.14009, 44.77299], [5.13937, 44.77076], [5.13777, 44.77034], [5.1378, 44.77101], [5.13688, 44.7717], [5.1369, 44.77238], [5.13755, 44.77282], [5.13757, 44.77327], [5.13725, 44.77327], [5.13698, 44.7744], [5.1376, 44.77417], [5.13758, 44.77349], [5.13789, 44.77349], [5.13785, 44.77236], [5.13752, 44.77214], [5.13875, 44.77122], [5.1398, 44.7739], [5.1411, 44.77477], [5.14301, 44.77496], [5.14299, 44.77451], [5.14362, 44.7745], [5.14394, 44.77472], [5.14397, 44.77539], [5.14365, 44.7754], [5.14336, 44.77608], [5.14401, 44.77652], [5.14339, 44.77676], [5.14313, 44.77834], [5.14345, 44.77833], [5.1438, 44.77923], [5.14538, 44.7792], [5.14508, 44.77965], [5.14604, 44.77986], [5.14542, 44.78032], [5.14544, 44.78077], [5.14638, 44.78053], [5.1464, 44.78098], [5.14545, 44.781], [5.14486, 44.78213], [5.1458, 44.78189], [5.14578, 44.78144], [5.14673, 44.78142], [5.14709, 44.78254], [5.1474, 44.78253], [5.14742, 44.78298], [5.1468, 44.78322], [5.14684, 44.78435], [5.14622, 44.78458], [5.14595, 44.78594], [5.14534, 44.7864], [5.14536, 44.78708], [5.1466, 44.78638], [5.14778, 44.7841], [5.1481, 44.7841], [5.14833, 44.78207], [5.14802, 44.78207], [5.14798, 44.78095], [5.14766, 44.78095], [5.14763, 44.78028], [5.14666, 44.77962], [5.14571, 44.77964], [5.14569, 44.77896], [5.14473, 44.77876], [5.14439, 44.77809]]]}}, {"type": "Feature", "properties": {"type": "pente", "ha": 2.1}, "geometry": {"type": "Polygon", "coordinates": [[[5.15614, 44.77944], [5.15606, 44.77741], [5.15509, 44.77698], [5.1555, 44.77922], [5.15518, 44.77923], [5.1552, 44.77968], [5.15583, 44.77967], [5.15584, 44.77989], [5.15678, 44.77965], [5.15675, 44.77897], [5.15614, 44.77944]]]}}, {"type": "Feature", "properties": {"type": "pente", "ha": 1.4}, "geometry": {"type": "Polygon", "coordinates": [[[5.13471, 44.78953], [5.13502, 44.78953], [5.135, 44.78885], [5.13438, 44.78931], [5.1344, 44.78976], [5.13378, 44.79], [5.1335, 44.79113], [5.13288, 44.79137], [5.13291, 44.79204], [5.13383, 44.79135], [5.13471, 44.78953]]]}}, {"type": "Feature", "properties": {"type": "pente", "ha": 0.4}, "geometry": {"type": "Polygon", "coordinates": [[[5.15126, 44.79237], [5.15092, 44.7917], [5.1503, 44.79216], [5.15032, 44.79261], [5.15126, 44.79237]]]}}, {"type": "Feature", "properties": {"type": "pente", "ha": 1.4}, "geometry": {"type": "Polygon", "coordinates": [[[5.15001, 44.79284], [5.14999, 44.79239], [5.14936, 44.7924], [5.14903, 44.79196], [5.14713, 44.792], [5.14747, 44.79244], [5.14905, 44.79241], [5.15003, 44.79329], [5.15098, 44.79327], [5.15097, 44.79305], [5.15001, 44.79284]]]}}, {"type": "Feature", "properties": {"type": "pente", "ha": 0.9}, "geometry": {"type": "Polygon", "coordinates": [[[5.13138, 44.79343], [5.13074, 44.79344], [5.13046, 44.79434], [5.1314, 44.7941], [5.13139, 44.79365], [5.13232, 44.79341], [5.1323, 44.79273], [5.13138, 44.79343]]]}}, {"type": "Feature", "properties": {"type": "pente", "ha": 0.5}, "geometry": {"type": "Polygon", "coordinates": [[[5.14029, 44.79505], [5.13935, 44.7953], [5.14034, 44.79618], [5.14029, 44.79505]]]}}, {"type": "Feature", "properties": {"type": "pente", "ha": 0.4}, "geometry": {"type": "Polygon", "coordinates": [[[5.1317, 44.81864], [5.13167, 44.81774], [5.13104, 44.81797], [5.13138, 44.81842], [5.13106, 44.81842], [5.13108, 44.81887], [5.1317, 44.81864]]]}}, {"type": "Feature", "properties": {"type": "pente", "ha": 4.4}, "geometry": {"type": "Polygon", "coordinates": [[[5.13304, 44.82064], [5.13367, 44.8204], [5.13365, 44.81995], [5.13302, 44.81996], [5.13301, 44.81974], [5.13395, 44.81949], [5.13361, 44.81905], [5.13393, 44.81904], [5.13391, 44.81859], [5.13296, 44.81861], [5.13267, 44.81907], [5.13045, 44.81911], [5.13015, 44.81934], [5.12982, 44.81912], [5.12951, 44.81935], [5.12952, 44.81958], [5.13173, 44.81954], [5.13206, 44.81976], [5.1318, 44.82134], [5.13212, 44.82133], [5.13214, 44.82201], [5.13277, 44.82177], [5.13304, 44.82064]], [[5.13298, 44.81906], [5.13299, 44.81929], [5.13267, 44.81907], [5.13298, 44.81906]], [[5.13236, 44.8193], [5.13267, 44.81929], [5.13268, 44.81952], [5.13236, 44.8193]]]}}, {"type": "Feature", "properties": {"type": "pente", "ha": 0.9}, "geometry": {"type": "Polygon", "coordinates": [[[5.14542, 44.82175], [5.14506, 44.82063], [5.14412, 44.82087], [5.14447, 44.82177], [5.14542, 44.82175]]]}}, {"type": "Feature", "properties": {"type": "pente", "ha": 5.3}, "geometry": {"type": "Polygon", "coordinates": [[[5.15874, 44.82262], [5.15909, 44.82329], [5.16003, 44.82304], [5.16001, 44.82259], [5.15838, 44.8215], [5.15837, 44.82105], [5.15678, 44.82085], [5.15677, 44.82063], [5.15456, 44.82067], [5.15327, 44.82002], [5.15361, 44.82069], [5.15488, 44.82089], [5.15489, 44.82112], [5.15679, 44.82108], [5.15679, 44.8213], [5.15522, 44.82156], [5.15559, 44.8229], [5.15591, 44.8229], [5.15625, 44.82357], [5.15657, 44.82356], [5.15655, 44.82311], [5.15623, 44.82312], [5.15621, 44.82244], [5.15589, 44.82245], [5.15586, 44.82177], [5.15745, 44.82197], [5.15811, 44.82263], [5.15874, 44.82262]], [[5.15743, 44.82129], [5.15744, 44.82152], [5.1568, 44.82153], [5.15679, 44.8213], [5.15743, 44.82129]], [[5.15938, 44.82261], [5.15938, 44.82283], [5.15906, 44.82261], [5.15938, 44.82261]], [[5.1584, 44.82195], [5.15841, 44.82217], [5.15809, 44.82195], [5.1584, 44.82195]], [[5.15776, 44.82174], [5.15808, 44.82173], [5.15809, 44.82195], [5.15776, 44.82174]]]}}, {"type": "Feature", "properties": {"type": "pente", "ha": 4.2}, "geometry": {"type": "Polygon", "coordinates": [[[5.15401, 44.82293], [5.15366, 44.82204], [5.15303, 44.82205], [5.1537, 44.82317], [5.15402, 44.82316], [5.15439, 44.8245], [5.15568, 44.82515], [5.15604, 44.82627], [5.15635, 44.82627], [5.15634, 44.82582], [5.15665, 44.82581], [5.15701, 44.82693], [5.15733, 44.82692], [5.15728, 44.8258], [5.15663, 44.82536], [5.1566, 44.82446], [5.1553, 44.82359], [5.15559, 44.8229], [5.15496, 44.82292], [5.15462, 44.82225], [5.1543, 44.82225], [5.15433, 44.82293], [5.15401, 44.82293]], [[5.15602, 44.82582], [5.15599, 44.82515], [5.15631, 44.82514], [5.15634, 44.82582], [5.15602, 44.82582]], [[5.15531, 44.82381], [5.15534, 44.82449], [5.15502, 44.82449], [5.15467, 44.8236], [5.15435, 44.8236], [5.15433, 44.82293], [5.15531, 44.82381]], [[5.15565, 44.82448], [5.15597, 44.82447], [5.15598, 44.82492], [5.15567, 44.82493], [5.15565, 44.82448]]]}}, {"type": "Feature", "properties": {"type": "pente", "ha": 1.8}, "geometry": {"type": "Polygon", "coordinates": [[[5.1434, 44.82674], [5.14341, 44.82697], [5.14404, 44.82696], [5.14403, 44.82673], [5.14274, 44.82608], [5.14302, 44.82517], [5.14239, 44.82519], [5.14205, 44.82452], [5.14173, 44.82452], [5.14143, 44.82498], [5.14208, 44.82542], [5.14212, 44.82632], [5.14243, 44.82631], [5.14245, 44.82676], [5.1434, 44.82674]]]}}, {"type": "Feature", "properties": {"type": "pente", "ha": 0.4}, "geometry": {"type": "Polygon", "coordinates": [[[5.14783, 44.82688], [5.1478, 44.82598], [5.14718, 44.82644], [5.14721, 44.82712], [5.14783, 44.82688]]]}}, {"type": "Feature", "properties": {"type": "pente", "ha": 0.9}, "geometry": {"type": "Polygon", "coordinates": [[[5.16179, 44.88538], [5.16083, 44.88517], [5.16113, 44.88472], [5.16081, 44.8845], [5.15985, 44.88429], [5.15955, 44.88475], [5.16051, 44.88495], [5.16053, 44.8854], [5.16116, 44.88539], [5.16117, 44.88562], [5.1618, 44.88561], [5.16179, 44.88538]]]}}, {"type": "Feature", "properties": {"type": "pente", "ha": 0.9}, "geometry": {"type": "Polygon", "coordinates": [[[5.1545, 44.8853], [5.15484, 44.88574], [5.15545, 44.88528], [5.15768, 44.88546], [5.15766, 44.88501], [5.15513, 44.88506], [5.15514, 44.88528], [5.1545, 44.8853]]]}}, {"type": "Feature", "properties": {"type": "pente", "ha": 0.8}, "geometry": {"type": "Polygon", "coordinates": [[[5.15993, 44.88632], [5.16053, 44.8854], [5.15989, 44.88542], [5.15991, 44.88587], [5.15863, 44.88567], [5.15898, 44.88634], [5.15993, 44.88632]]]}}, {"type": "Feature", "properties": {"type": "pente", "ha": 0.8}, "geometry": {"type": "Polygon", "coordinates": [[[5.15792, 44.7436], [5.15826, 44.74405], [5.15952, 44.74402], [5.15954, 44.74447], [5.16017, 44.74446], [5.16016, 44.74423], [5.15984, 44.74424], [5.1595, 44.74357], [5.15792, 44.7436]]]}}, {"type": "Feature", "properties": {"type": "pente", "ha": 0.4}, "geometry": {"type": "Polygon", "coordinates": [[[5.18984, 44.76819], [5.18983, 44.76797], [5.18919, 44.76776], [5.18917, 44.76708], [5.18885, 44.76709], [5.18889, 44.76799], [5.18984, 44.76819]]]}}, {"type": "Feature", "properties": {"type": "pente", "ha": 0.7}, "geometry": {"type": "Polygon", "coordinates": [[[5.18717, 44.77252], [5.18682, 44.77186], [5.18714, 44.77185], [5.18711, 44.77117], [5.18618, 44.77164], [5.18653, 44.77254], [5.18717, 44.77252]]]}}, {"type": "Feature", "properties": {"type": "pente", "ha": 1.0}, "geometry": {"type": "Polygon", "coordinates": [[[5.19505, 44.78025], [5.19505, 44.78002], [5.19409, 44.77982], [5.19408, 44.77959], [5.19124, 44.77965], [5.19125, 44.77987], [5.19251, 44.77985], [5.19252, 44.78007], [5.19314, 44.77984], [5.19315, 44.78006], [5.19441, 44.78004], [5.19442, 44.78026], [5.19505, 44.78025]]]}}, {"type": "Feature", "properties": {"type": "pente", "ha": 1.5}, "geometry": {"type": "Polygon", "coordinates": [[[5.16246, 44.78764], [5.16244, 44.78719], [5.16148, 44.78676], [5.16176, 44.78586], [5.16113, 44.78587], [5.16115, 44.78654], [5.16023, 44.78724], [5.16057, 44.78791], [5.1612, 44.78789], [5.16085, 44.787], [5.16246, 44.78764]]]}}, {"type": "Feature", "properties": {"type": "pente", "ha": 1.0}, "geometry": {"type": "Polygon", "coordinates": [[[5.17073, 44.81338], [5.17071, 44.81293], [5.16785, 44.81276], [5.16819, 44.8132], [5.16977, 44.81317], [5.16978, 44.8134], [5.17073, 44.81338]]]}}, {"type": "Feature", "properties": {"type": "pente", "ha": 1.6}, "geometry": {"type": "Polygon", "coordinates": [[[5.16463, 44.81935], [5.16397, 44.81869], [5.16303, 44.81893], [5.16368, 44.81937], [5.16339, 44.82005], [5.16372, 44.82027], [5.1631, 44.82073], [5.16313, 44.82141], [5.16405, 44.82071], [5.16431, 44.81936], [5.16463, 44.81935]], [[5.16398, 44.81891], [5.16399, 44.81914], [5.16366, 44.81892], [5.16398, 44.81891]]]}}, {"type": "Feature", "properties": {"type": "pente", "ha": 0.4}, "geometry": {"type": "Polygon", "coordinates": [[[5.16307, 44.82006], [5.16242, 44.81962], [5.16246, 44.82052], [5.1631, 44.82073], [5.16307, 44.82006]]]}}, {"type": "Feature", "properties": {"type": "pente", "ha": 0.9}, "geometry": {"type": "Polygon", "coordinates": [[[5.16532, 44.82091], [5.16497, 44.82002], [5.16465, 44.82003], [5.16469, 44.82093], [5.16406, 44.82094], [5.16407, 44.82139], [5.16471, 44.82138], [5.16472, 44.82183], [5.16504, 44.82182], [5.16501, 44.82092], [5.16532, 44.82091]]]}}, {"type": "Feature", "properties": {"type": "pente", "ha": 0.9}, "geometry": {"type": "Polygon", "coordinates": [[[5.16448, 44.82363], [5.16452, 44.82476], [5.16484, 44.82475], [5.16518, 44.82542], [5.16581, 44.82541], [5.16579, 44.82496], [5.16515, 44.82474], [5.16479, 44.82363], [5.16448, 44.82363]]]}}, {"type": "Feature", "properties": {"type": "pente", "ha": 180.7}, "geometry": {"type": "Polygon", "coordinates": [[[5.11523, 44.71718], [5.11524, 44.71763], [5.11493, 44.71764], [5.11529, 44.71876], [5.11498, 44.71899], [5.1153, 44.71921], [5.115, 44.71944], [5.11404, 44.71923], [5.11433, 44.71855], [5.1137, 44.71856], [5.11343, 44.71992], [5.11189, 44.72085], [5.1119, 44.72107], [5.11001, 44.72133], [5.11002, 44.72156], [5.11097, 44.72154], [5.11098, 44.72177], [5.11224, 44.72174], [5.11163, 44.7222], [5.11004, 44.72201], [5.11005, 44.72223], [5.11068, 44.72222], [5.11038, 44.72268], [5.11196, 44.72265], [5.11195, 44.72242], [5.11289, 44.72218], [5.1126, 44.72286], [5.11323, 44.72285], [5.11295, 44.72375], [5.11326, 44.72375], [5.11329, 44.72442], [5.11267, 44.72489], [5.11302, 44.72578], [5.11208, 44.7258], [5.11241, 44.72624], [5.11146, 44.72626], [5.11049, 44.7256], [5.11052, 44.72628], [5.11243, 44.72669], [5.1134, 44.72735], [5.11562, 44.72753], [5.11592, 44.7273], [5.11559, 44.72686], [5.11591, 44.72685], [5.11588, 44.72617], [5.1162, 44.72617], [5.11621, 44.72662], [5.11685, 44.72683], [5.11719, 44.7275], [5.11658, 44.72796], [5.11594, 44.72775], [5.11596, 44.7282], [5.11691, 44.72841], [5.11693, 44.72886], [5.1182, 44.72906], [5.11822, 44.72951], [5.12016, 44.73082], [5.12079, 44.73081], [5.12148, 44.73215], [5.12211, 44.73214], [5.12211, 44.73236], [5.12275, 44.73235], [5.12304, 44.73167], [5.12366, 44.73143], [5.12392, 44.72985], [5.12423, 44.72984], [5.12427, 44.73097], [5.12522, 44.73095], [5.12523, 44.73117], [5.12431, 44.73187], [5.12336, 44.73189], [5.12308, 44.73279], [5.12405, 44.73345], [5.12627, 44.73363], [5.12628, 44.73386], [5.12407, 44.7339], [5.12376, 44.73413], [5.12443, 44.73524], [5.12507, 44.73546], [5.12509, 44.73591], [5.12572, 44.73589], [5.12543, 44.73657], [5.12575, 44.73657], [5.12578, 44.73747], [5.12674, 44.73768], [5.12675, 44.7379], [5.12769, 44.73788], [5.12835, 44.73854], [5.1293, 44.73853], [5.12931, 44.73875], [5.13119, 44.73849], [5.13091, 44.7394], [5.13188, 44.74005], [5.13315, 44.74025], [5.13318, 44.74093], [5.13415, 44.74159], [5.1351, 44.74157], [5.13445, 44.74113], [5.13602, 44.74087], [5.13598, 44.73975], [5.13661, 44.73974], [5.13631, 44.74019], [5.13727, 44.7404], [5.13727, 44.74062], [5.13572, 44.74133], [5.13608, 44.74245], [5.13576, 44.74245], [5.1358, 44.74335], [5.13643, 44.74334], [5.13645, 44.74379], [5.1374, 44.744], [5.13802, 44.74354], [5.138, 44.74309], [5.13737, 44.7431], [5.13739, 44.74355], [5.13707, 44.74356], [5.1367, 44.74221], [5.13702, 44.74221], [5.13699, 44.74153], [5.13822, 44.74061], [5.13849, 44.73948], [5.13691, 44.73928], [5.1369, 44.73906], [5.13848, 44.73903], [5.1388, 44.73924], [5.13911, 44.73901], [5.13943, 44.73923], [5.13973, 44.73878], [5.13942, 44.73878], [5.1394, 44.73833], [5.14035, 44.73854], [5.14065, 44.73808], [5.14033, 44.73786], [5.14158, 44.73761], [5.14157, 44.73739], [5.14031, 44.73741], [5.14029, 44.73696], [5.14092, 44.73673], [5.1409, 44.73628], [5.14154, 44.73649], [5.14215, 44.7358], [5.14278, 44.73579], [5.1437, 44.7351], [5.14334, 44.73398], [5.14207, 44.73378], [5.14268, 44.73331], [5.14236, 44.7331], [5.14046, 44.73313], [5.14144, 44.73379], [5.1389, 44.73361], [5.13893, 44.73429], [5.13767, 44.73431], [5.13765, 44.73386], [5.13828, 44.73385], [5.13794, 44.73318], [5.13826, 44.73318], [5.13823, 44.7325], [5.13855, 44.73249], [5.13852, 44.73182], [5.1382, 44.73183], [5.13819, 44.73138], [5.13629, 44.73141], [5.13595, 44.73074], [5.13564, 44.73075], [5.13561, 44.73007], [5.13498, 44.73009], [5.135, 44.73054], [5.13436, 44.73055], [5.13471, 44.73122], [5.13345, 44.73147], [5.13318, 44.7326], [5.13255, 44.73261], [5.13257, 44.73328], [5.13194, 44.7333], [5.13197, 44.73397], [5.13135, 44.73421], [5.13133, 44.73376], [5.1307, 44.73377], [5.13039, 44.734], [5.13041, 44.73445], [5.12979, 44.73491], [5.13075, 44.73512], [5.13076, 44.73557], [5.13045, 44.73558], [5.13047, 44.73603], [5.12952, 44.73605], [5.12917, 44.73515], [5.12823, 44.73539], [5.12788, 44.7345], [5.12725, 44.73451], [5.12724, 44.73429], [5.12944, 44.73402], [5.13006, 44.73356], [5.13003, 44.73288], [5.13065, 44.73265], [5.13063, 44.73197], [5.13126, 44.73196], [5.13123, 44.73128], [5.13186, 44.73105], [5.13215, 44.73037], [5.13246, 44.73036], [5.13248, 44.73081], [5.1328, 44.7308], [5.13308, 44.7299], [5.13245, 44.72991], [5.13211, 44.72947], [5.13117, 44.72971], [5.13151, 44.73015], [5.13057, 44.7304], [5.13059, 44.73085], [5.12964, 44.73086], [5.12961, 44.73019], [5.1293, 44.7302], [5.12903, 44.73155], [5.12714, 44.73159], [5.12747, 44.73203], [5.12842, 44.73201], [5.12843, 44.73224], [5.12685, 44.73227], [5.12684, 44.73204], [5.12558, 44.73207], [5.12557, 44.73184], [5.12682, 44.73159], [5.12743, 44.73091], [5.12806, 44.73089], [5.12804, 44.73044], [5.12868, 44.73043], [5.12866, 44.72998], [5.12897, 44.72998], [5.12896, 44.72953], [5.1305, 44.7286], [5.13073, 44.72634], [5.1298, 44.72681], [5.12979, 44.72658], [5.12852, 44.72638], [5.12824, 44.72729], [5.12856, 44.72751], [5.12795, 44.72797], [5.12732, 44.72798], [5.12765, 44.72843], [5.12703, 44.72866], [5.127, 44.72799], [5.12636, 44.72778], [5.12607, 44.72846], [5.12576, 44.72846], [5.12578, 44.72914], [5.12547, 44.72914], [5.12512, 44.72825], [5.1248, 44.72826], [5.12477, 44.72736], [5.12542, 44.72779], [5.12569, 44.72666], [5.12505, 44.72645], [5.12534, 44.72577], [5.12502, 44.72577], [5.12501, 44.72532], [5.12595, 44.72531], [5.12594, 44.72486], [5.12372, 44.72467], [5.12313, 44.72581], [5.12282, 44.72582], [5.12284, 44.72649], [5.12223, 44.72695], [5.12224, 44.7274], [5.12193, 44.72741], [5.12196, 44.72831], [5.12134, 44.72855], [5.1216, 44.72719], [5.12222, 44.72673], [5.1222, 44.72628], [5.12252, 44.72627], [5.12278, 44.72492], [5.1231, 44.72491], [5.12306, 44.72401], [5.12275, 44.72402], [5.12237, 44.72245], [5.12206, 44.72245], [5.12203, 44.72178], [5.12139, 44.72157], [5.12118, 44.72089], [5.12042, 44.72089], [5.11981, 44.72137], [5.11917, 44.72138], [5.11882, 44.72026], [5.11819, 44.72028], [5.11817, 44.71983], [5.11785, 44.71983], [5.11747, 44.71804], [5.11715, 44.71805], [5.11714, 44.7176], [5.11745, 44.71759], [5.11731, 44.71714], [5.11523, 44.71718]], [[5.11287, 44.72173], [5.11319, 44.72172], [5.1132, 44.72217], [5.11289, 44.72218], [5.11287, 44.72173]], [[5.13939, 44.73811], [5.13844, 44.73813], [5.13814, 44.73858], [5.13719, 44.73837], [5.1372, 44.7386], [5.13625, 44.73862], [5.13628, 44.73929], [5.13596, 44.7393], [5.13594, 44.73885], [5.135, 44.73909], [5.135, 44.73887], [5.13373, 44.73889], [5.13373, 44.73867], [5.13467, 44.73865], [5.13497, 44.73819], [5.13656, 44.73839], [5.13655, 44.73816], [5.13781, 44.73814], [5.1378, 44.73791], [5.14031, 44.73741], [5.13939, 44.73811]], [[5.13597, 44.73952], [5.13564, 44.7393], [5.13596, 44.7393], [5.13597, 44.73952]], [[5.13078, 44.73602], [5.13081, 44.7367], [5.12986, 44.73671], [5.13047, 44.73603], [5.13078, 44.73602]], [[5.13182, 44.73015], [5.13214, 44.73014], [5.13215, 44.73037], [5.13182, 44.73015]], [[5.1309, 44.73084], [5.13091, 44.73107], [5.13059, 44.73085], [5.1309, 44.73084]], [[5.12503, 44.726], [5.12471, 44.72578], [5.12502, 44.72577], [5.12503, 44.726]], [[5.12189, 44.72629], [5.12153, 44.72517], [5.12216, 44.72515], [5.12186, 44.72561], [5.12218, 44.7256], [5.1222, 44.72628], [5.12189, 44.72629]], [[5.13506, 44.74067], [5.13443, 44.74068], [5.13439, 44.73955], [5.13504, 44.73999], [5.13506, 44.74044], [5.13568, 44.7402], [5.1357, 44.74065], [5.13507, 44.74089], [5.13506, 44.74067]], [[5.13502, 44.73954], [5.13565, 44.73953], [5.13535, 44.73999], [5.13504, 44.73999], [5.13502, 44.73954]], [[5.13724, 44.73972], [5.13787, 44.73971], [5.13788, 44.73994], [5.13725, 44.73995], [5.13724, 44.73972]], [[5.13313, 44.73958], [5.13312, 44.73935], [5.13344, 44.73935], [5.13345, 44.7398], [5.13282, 44.73981], [5.13281, 44.73958], [5.13313, 44.73958]], [[5.13218, 44.7396], [5.13217, 44.73937], [5.1328, 44.73936], [5.13281, 44.73958], [5.13218, 44.7396]], [[5.13118, 44.73827], [5.1334, 44.73845], [5.13341, 44.73867], [5.13184, 44.73893], [5.13118, 44.73827]], [[5.13908, 44.73834], [5.13909, 44.73856], [5.13877, 44.73834], [5.13908, 44.73834]], [[5.12992, 44.73829], [5.12993, 44.73851], [5.1296, 44.7383], [5.12992, 44.73829]], [[5.13023, 44.73806], [5.13024, 44.73828], [5.12991, 44.73806], [5.13023, 44.73806]], [[5.12667, 44.73588], [5.12699, 44.73587], [5.12699, 44.73609], [5.12794, 44.73608], [5.12795, 44.7363], [5.1289, 44.73628], [5.12924, 44.73695], [5.13019, 44.73716], [5.12958, 44.73762], [5.1296, 44.73807], [5.12865, 44.73809], [5.12831, 44.73742], [5.12672, 44.73723], [5.12667, 44.73588]], [[5.12602, 44.73544], [5.12665, 44.73543], [5.12667, 44.73588], [5.12602, 44.73544]], [[5.13053, 44.73783], [5.13054, 44.73805], [5.13022, 44.73783], [5.13053, 44.73783]], [[5.13211, 44.7378], [5.13181, 44.73803], [5.1318, 44.7378], [5.13084, 44.7376], [5.13114, 44.73714], [5.13146, 44.73713], [5.13147, 44.73758], [5.134, 44.73754], [5.13401, 44.73776], [5.13211, 44.7378]], [[5.13085, 44.73782], [5.13053, 44.7376], [5.13084, 44.7376], [5.13085, 44.73782]], [[5.13138, 44.73511], [5.13169, 44.7351], [5.13177, 44.73713], [5.13146, 44.73713], [5.13138, 44.73511]], [[5.13622, 44.73794], [5.1359, 44.73772], [5.13622, 44.73772], [5.13622, 44.73794]], [[5.13714, 44.73702], [5.13679, 44.73613], [5.13742, 44.73612], [5.13744, 44.73657], [5.13808, 44.73701], [5.13966, 44.73698], [5.13967, 44.7372], [5.13872, 44.73722], [5.13873, 44.73744], [5.13778, 44.73724], [5.13716, 44.7377], [5.13622, 44.73772], [5.13714, 44.73702]], [[5.13431, 44.73753], [5.13399, 44.73731], [5.13431, 44.7373], [5.13431, 44.73753]], [[5.1343, 44.73708], [5.13493, 44.73707], [5.13494, 44.73729], [5.13431, 44.7373], [5.1343, 44.73708]], [[5.13524, 44.73684], [5.13524, 44.73706], [5.13492, 44.73684], [5.13524, 44.73684]], [[5.13506, 44.73234], [5.13569, 44.7321], [5.13567, 44.73165], [5.13757, 44.73184], [5.13758, 44.73206], [5.13601, 44.73232], [5.13574, 44.73345], [5.13512, 44.73391], [5.13517, 44.73504], [5.13425, 44.73573], [5.13458, 44.73617], [5.13332, 44.73642], [5.13366, 44.73687], [5.13271, 44.73688], [5.13233, 44.73509], [5.13297, 44.73553], [5.13296, 44.73508], [5.1339, 44.73506], [5.13322, 44.73372], [5.13384, 44.73349], [5.13386, 44.73394], [5.13418, 44.73393], [5.13414, 44.73303], [5.13478, 44.73324], [5.1344, 44.73145], [5.13535, 44.73166], [5.13506, 44.73234]], [[5.13585, 44.73637], [5.13586, 44.7366], [5.13553, 44.73638], [5.13585, 44.73637]], [[5.13901, 44.73631], [5.13806, 44.73633], [5.13773, 44.73589], [5.13867, 44.73587], [5.13834, 44.73543], [5.13993, 44.73562], [5.13901, 44.73631]], [[5.13992, 44.73539], [5.14055, 44.73538], [5.14056, 44.73561], [5.13993, 44.73562], [5.13992, 44.73539]], [[5.14053, 44.73493], [5.14116, 44.73492], [5.14087, 44.73538], [5.14055, 44.73538], [5.14053, 44.73493]], [[5.13615, 44.73592], [5.13616, 44.73614], [5.13583, 44.73592], [5.13615, 44.73592]], [[5.13646, 44.73569], [5.13646, 44.73591], [5.13614, 44.73569], [5.13646, 44.73569]], [[5.13581, 44.73525], [5.13644, 44.73524], [5.13645, 44.73546], [5.13582, 44.73547], [5.13581, 44.73525]], [[5.1421, 44.73468], [5.14145, 44.73424], [5.14272, 44.73421], [5.14242, 44.73467], [5.14274, 44.73489], [5.14181, 44.73536], [5.1421, 44.73468]], [[5.13895, 44.73474], [5.13926, 44.73473], [5.13928, 44.73518], [5.13896, 44.73519], [5.13895, 44.73474]], [[5.1399, 44.73494], [5.13991, 44.73517], [5.13959, 44.73495], [5.1399, 44.73494]], [[5.13611, 44.73502], [5.1358, 44.73502], [5.13578, 44.73457], [5.1361, 44.73457], [5.13611, 44.73502]], [[5.13605, 44.73344], [5.13637, 44.73344], [5.13641, 44.73456], [5.1361, 44.73457], [5.13605, 44.73344]], [[5.13635, 44.73299], [5.13667, 44.73298], [5.13669, 44.73343], [5.13637, 44.73344], [5.13635, 44.73299]], [[5.13665, 44.73253], [5.13697, 44.73252], [5.13698, 44.73297], [5.13667, 44.73298], [5.13665, 44.73253]], [[5.13768, 44.73476], [5.13863, 44.73474], [5.13864, 44.73497], [5.13769, 44.73499], [5.13768, 44.73476]], [[5.14147, 44.73469], [5.14148, 44.73491], [5.14116, 44.7347], [5.14147, 44.73469]], [[5.12566, 44.73432], [5.12629, 44.73431], [5.12664, 44.73498], [5.126, 44.73499], [5.12566, 44.73432]], [[5.13231, 44.73464], [5.13232, 44.73487], [5.13199, 44.73465], [5.13231, 44.73464]], [[5.13988, 44.73427], [5.13924, 44.73428], [5.13954, 44.73383], [5.14051, 44.73426], [5.14052, 44.73448], [5.13988, 44.73449], [5.13988, 44.73427]], [[5.13228, 44.73397], [5.1326, 44.73396], [5.13262, 44.73441], [5.1323, 44.73442], [5.13228, 44.73397]], [[5.12471, 44.73411], [5.12534, 44.7341], [5.12535, 44.73432], [5.12472, 44.73434], [5.12471, 44.73411]], [[5.13731, 44.73319], [5.13762, 44.73319], [5.13764, 44.73364], [5.13733, 44.73364], [5.13731, 44.73319]], [[5.12689, 44.73339], [5.1269, 44.73362], [5.12658, 44.7334], [5.12689, 44.73339]], [[5.1332, 44.73327], [5.13321, 44.7335], [5.13289, 44.73328], [5.1332, 44.73327]], [[5.12562, 44.73319], [5.12563, 44.73342], [5.12531, 44.7332], [5.12562, 44.73319]], [[5.12783, 44.73315], [5.12784, 44.73338], [5.12751, 44.73316], [5.12783, 44.73315]], [[5.13351, 44.73304], [5.13352, 44.73327], [5.1332, 44.73305], [5.13351, 44.73304]], [[5.12845, 44.73291], [5.12846, 44.73314], [5.12814, 44.73292], [5.12845, 44.73291]], [[5.12876, 44.73268], [5.12877, 44.73291], [5.12844, 44.73269], [5.12876, 44.73268]], [[5.13382, 44.73281], [5.1335, 44.73282], [5.13349, 44.73237], [5.1338, 44.73236], [5.13382, 44.73281]], [[5.13378, 44.73169], [5.13409, 44.73168], [5.13412, 44.73235], [5.1338, 44.73236], [5.13378, 44.73169]], [[5.12465, 44.73254], [5.12466, 44.73276], [5.12433, 44.73254], [5.12465, 44.73254]], [[5.12525, 44.73185], [5.12529, 44.73275], [5.12464, 44.73231], [5.12525, 44.73185]], [[5.12623, 44.73251], [5.12686, 44.73249], [5.12687, 44.73272], [5.12624, 44.73273], [5.12623, 44.73251]], [[5.12968, 44.73199], [5.13, 44.73198], [5.13001, 44.73243], [5.12938, 44.73245], [5.12968, 44.73199]], [[5.1303, 44.73153], [5.1303, 44.73175], [5.12998, 44.73153], [5.1303, 44.73153]], [[5.13059, 44.73107], [5.1306, 44.7313], [5.13028, 44.73108], [5.13059, 44.73107]], [[5.12237, 44.73078], [5.12269, 44.73077], [5.1227, 44.73122], [5.12239, 44.73123], [5.12237, 44.73078]], [[5.12583, 44.73049], [5.12584, 44.73071], [5.12552, 44.73049], [5.12583, 44.73049]], [[5.13152, 44.73038], [5.13152, 44.7306], [5.1312, 44.73038], [5.13152, 44.73038]], [[5.12263, 44.7292], [5.12294, 44.72919], [5.12299, 44.73054], [5.12268, 44.73055], [5.12264, 44.72965], [5.12233, 44.72965], [5.12198, 44.72876], [5.12261, 44.72875], [5.12263, 44.7292]], [[5.12235, 44.7301], [5.12235, 44.73033], [5.12203, 44.73011], [5.12235, 44.7301]], [[5.12676, 44.73002], [5.12677, 44.73024], [5.12645, 44.73003], [5.12676, 44.73002]], [[5.12389, 44.72917], [5.12391, 44.72962], [5.12359, 44.72963], [5.12357, 44.72918], [5.12389, 44.72917]], [[5.12326, 44.72919], [5.12322, 44.72806], [5.12353, 44.72805], [5.12357, 44.72918], [5.12326, 44.72919]], [[5.12642, 44.72935], [5.12643, 44.72958], [5.12611, 44.72936], [5.12642, 44.72935]], [[5.12769, 44.72933], [5.12769, 44.72955], [5.12737, 44.72933], [5.12769, 44.72933]], [[5.12641, 44.7289], [5.12641, 44.72913], [5.12609, 44.72891], [5.12641, 44.7289]], [[5.12704, 44.72889], [5.12705, 44.72911], [5.12672, 44.72889], [5.12704, 44.72889]], [[5.11882, 44.72882], [5.11883, 44.72905], [5.11851, 44.72883], [5.11882, 44.72882]], [[5.12828, 44.72841], [5.12922, 44.72817], [5.12924, 44.72862], [5.12862, 44.72886], [5.12828, 44.72841]], [[5.12638, 44.72823], [5.1267, 44.72822], [5.12671, 44.72867], [5.1264, 44.72868], [5.12638, 44.72823]], [[5.11817, 44.72816], [5.11943, 44.72813], [5.11944, 44.72836], [5.11817, 44.72838], [5.11817, 44.72816]], [[5.12855, 44.72706], [5.12949, 44.72681], [5.12983, 44.72748], [5.12951, 44.72749], [5.12954, 44.72816], [5.12889, 44.72773], [5.1292, 44.72772], [5.12919, 44.72727], [5.12856, 44.72728], [5.12855, 44.72706]], [[5.1169, 44.72796], [5.11784, 44.72794], [5.11785, 44.72816], [5.1169, 44.72818], [5.1169, 44.72796]], [[5.12348, 44.7267], [5.1238, 44.7267], [5.12384, 44.72782], [5.12352, 44.72783], [5.12348, 44.7267]], [[5.11783, 44.72749], [5.11909, 44.72746], [5.1191, 44.72769], [5.11783, 44.72771], [5.11783, 44.72749]], [[5.11971, 44.72723], [5.11972, 44.72745], [5.11939, 44.72723], [5.11971, 44.72723]], [[5.11907, 44.72701], [5.11939, 44.72701], [5.11939, 44.72723], [5.11907, 44.72701]], [[5.11782, 44.72726], [5.11719, 44.72728], [5.11748, 44.72682], [5.1178, 44.72681], [5.11782, 44.72726]], [[5.11777, 44.72591], [5.11808, 44.72591], [5.11874, 44.72657], [5.1178, 44.72681], [5.11777, 44.72591]], [[5.11806, 44.72546], [5.11838, 44.72545], [5.1184, 44.7259], [5.11808, 44.72591], [5.11806, 44.72546]], [[5.12473, 44.72646], [5.12507, 44.7269], [5.12444, 44.72714], [5.1241, 44.72647], [5.12473, 44.72646]], [[5.12379, 44.72647], [5.12377, 44.72602], [5.1244, 44.72601], [5.1241, 44.72647], [5.12379, 44.72647]], [[5.11969, 44.72678], [5.1197, 44.727], [5.11938, 44.72678], [5.11969, 44.72678]], [[5.11518, 44.72439], [5.11516, 44.72371], [5.11452, 44.7235], [5.11449, 44.72282], [5.11418, 44.72283], [5.11415, 44.72216], [5.11478, 44.72214], [5.11513, 44.72304], [5.11577, 44.72325], [5.11575, 44.7228], [5.11607, 44.72279], [5.11641, 44.72346], [5.11547, 44.72371], [5.11526, 44.72641], [5.11432, 44.72666], [5.11431, 44.72643], [5.11336, 44.72622], [5.11334, 44.72577], [5.11397, 44.72576], [5.11395, 44.72531], [5.11426, 44.72508], [5.11489, 44.72507], [5.11487, 44.72439], [5.11518, 44.72439]], [[5.11604, 44.72189], [5.11667, 44.72188], [5.11637, 44.72234], [5.11668, 44.72233], [5.1167, 44.72278], [5.11607, 44.72279], [5.11604, 44.72189]], [[5.11363, 44.72509], [5.11394, 44.72509], [5.11395, 44.72531], [5.11363, 44.72509]], [[5.12031, 44.72632], [5.12032, 44.72654], [5.11999, 44.72632], [5.12031, 44.72632]], [[5.11611, 44.72392], [5.11865, 44.7241], [5.11806, 44.72523], [5.11774, 44.72524], [5.11772, 44.72456], [5.11709, 44.7248], [5.11715, 44.72638], [5.11684, 44.72638], [5.11677, 44.72458], [5.11645, 44.72459], [5.11648, 44.72526], [5.11616, 44.72527], [5.11611, 44.72392]], [[5.11618, 44.72572], [5.11586, 44.72572], [5.11585, 44.72527], [5.11616, 44.72527], [5.11618, 44.72572]], [[5.11905, 44.72634], [5.11872, 44.72612], [5.11904, 44.72611], [5.11905, 44.72634]], [[5.11902, 44.72566], [5.11934, 44.72566], [5.11935, 44.72611], [5.11904, 44.72611], [5.11902, 44.72566]], [[5.12376, 44.7258], [5.12344, 44.72558], [5.12375, 44.72557], [5.12376, 44.7258]], [[5.12374, 44.72512], [5.12405, 44.72512], [5.12407, 44.72557], [5.12375, 44.72557], [5.12374, 44.72512]], [[5.12439, 44.72556], [5.12439, 44.72579], [5.12407, 44.72557], [5.12439, 44.72556]], [[5.12469, 44.72533], [5.1247, 44.72556], [5.12438, 44.72534], [5.12469, 44.72533]], [[5.11963, 44.7252], [5.11964, 44.72543], [5.11932, 44.72521], [5.11963, 44.7252]], [[5.119, 44.72521], [5.11869, 44.72522], [5.11867, 44.72477], [5.11899, 44.72476], [5.119, 44.72521]], [[5.11897, 44.72431], [5.11959, 44.72408], [5.11961, 44.72453], [5.11899, 44.72476], [5.11897, 44.72431]], [[5.11994, 44.72497], [5.11995, 44.7252], [5.11963, 44.72498], [5.11994, 44.72497]], [[5.12022, 44.72407], [5.12054, 44.72406], [5.12056, 44.72451], [5.12024, 44.72452], [5.12022, 44.72407]], [[5.11704, 44.72345], [5.11925, 44.72341], [5.11864, 44.72387], [5.11863, 44.72365], [5.11705, 44.72368], [5.11704, 44.72345]], [[5.1199, 44.72385], [5.11958, 44.72385], [5.11957, 44.7234], [5.11988, 44.7234], [5.1199, 44.72385]], [[5.11986, 44.72272], [5.12017, 44.72272], [5.1202, 44.72339], [5.11988, 44.7234], [5.11986, 44.72272]], [[5.12051, 44.72338], [5.12083, 44.72338], [5.12085, 44.72383], [5.12053, 44.72383], [5.12051, 44.72338]], [[5.12113, 44.72292], [5.12114, 44.72315], [5.12081, 44.72293], [5.12113, 44.72292]], [[5.11573, 44.72213], [5.1151, 44.72214], [5.11508, 44.72169], [5.11572, 44.7219], [5.11573, 44.72213]], [[5.115, 44.71966], [5.11564, 44.71965], [5.11565, 44.7201], [5.11629, 44.72031], [5.11601, 44.72122], [5.11633, 44.72121], [5.11634, 44.72166], [5.11572, 44.7219], [5.115, 44.71966]], [[5.11824, 44.72185], [5.11825, 44.72208], [5.11793, 44.72186], [5.11824, 44.72185]], [[5.11381, 44.72149], [5.11255, 44.72151], [5.11254, 44.72129], [5.11346, 44.72059], [5.11409, 44.72058], [5.11445, 44.7217], [5.11383, 44.72194], [5.11381, 44.72149]], [[5.11256, 44.72174], [5.11223, 44.72152], [5.11255, 44.72151], [5.11256, 44.72174]], [[5.11313, 44.72015], [5.11376, 44.72014], [5.11377, 44.72036], [5.11314, 44.72037], [5.11313, 44.72015]]]}}, {"type": "Feature", "properties": {"type": "pente", "ha": 0.5}, "geometry": {"type": "Polygon", "coordinates": [[[5.14917, 44.73769], [5.15088, 44.73778], [5.15075, 44.73766], [5.15023, 44.73762], [5.1501, 44.73723], [5.15011, 44.73745], [5.14979, 44.73746], [5.14977, 44.73704], [5.14946, 44.73701], [5.14917, 44.73769]]]}}, {"type": "Feature", "properties": {"type": "pente", "ha": 8212.8}, "geometry": {"type": "MultiPolygon", "coordinates": [[[[5.15535, 44.7423], [5.15439, 44.74209], [5.15411, 44.743], [5.15314, 44.74257], [5.15343, 44.74189], [5.15218, 44.74214], [5.15256, 44.74393], [5.15194, 44.74417], [5.15196, 44.74462], [5.15102, 44.74486], [5.15104, 44.74531], [5.1504, 44.7451], [5.15046, 44.74667], [5.15014, 44.74668], [5.1501, 44.74555], [5.14978, 44.74556], [5.1495, 44.74647], [5.14887, 44.74648], [5.14885, 44.74603], [5.14854, 44.74604], [5.1489, 44.74715], [5.14827, 44.74717], [5.14769, 44.74853], [5.14705, 44.74854], [5.14705, 44.74832], [5.14766, 44.74785], [5.14764, 44.7474], [5.14672, 44.7481], [5.14675, 44.74877], [5.1474, 44.74921], [5.14832, 44.74852], [5.14863, 44.74851], [5.14865, 44.74896], [5.14991, 44.74894], [5.14993, 44.74939], [5.14899, 44.74963], [5.14901, 44.75008], [5.14964, 44.75007], [5.14965, 44.75029], [5.1487, 44.75031], [5.1484, 44.75077], [5.14776, 44.75055], [5.14777, 44.75078], [5.14651, 44.7508], [5.14685, 44.75147], [5.14653, 44.75148], [5.14656, 44.75215], [5.14562, 44.7524], [5.14532, 44.75285], [5.14344, 44.75311], [5.14345, 44.75356], [5.14409, 44.75355], [5.14438, 44.7531], [5.14502, 44.75331], [5.14502, 44.75308], [5.14628, 44.75306], [5.14658, 44.7526], [5.14721, 44.75259], [5.1478, 44.75145], [5.1497, 44.75164], [5.14969, 44.75142], [5.15189, 44.75115], [5.15223, 44.75182], [5.15254, 44.75159], [5.15475, 44.75154], [5.15353, 44.75269], [5.1529, 44.75271], [5.15261, 44.75339], [5.15163, 44.75251], [5.15037, 44.75253], [5.15101, 44.75297], [5.15103, 44.75342], [5.1504, 44.75343], [5.1501, 44.75389], [5.15136, 44.75364], [5.15138, 44.75431], [5.15075, 44.75432], [5.15048, 44.75545], [5.15016, 44.75546], [5.15049, 44.75568], [5.1502, 44.75636], [5.15051, 44.75635], [5.15054, 44.75703], [5.15022, 44.75704], [5.15024, 44.75749], [5.1512, 44.75792], [5.15189, 44.75925], [5.1503, 44.75906], [5.15031, 44.75929], [5.15126, 44.75949], [5.15128, 44.75994], [5.15318, 44.76013], [5.15319, 44.76036], [5.15572, 44.76031], [5.15601, 44.75963], [5.15663, 44.75939], [5.15662, 44.75894], [5.15788, 44.75891], [5.15849, 44.75845], [5.15912, 44.75844], [5.15884, 44.75934], [5.15822, 44.75958], [5.15859, 44.76093], [5.15732, 44.76073], [5.15732, 44.76095], [5.15796, 44.76094], [5.15829, 44.76138], [5.15955, 44.76136], [5.16053, 44.76224], [5.16117, 44.76223], [5.16182, 44.76266], [5.16183, 44.76311], [5.16248, 44.76355], [5.16343, 44.76353], [5.16315, 44.76444], [5.16346, 44.76443], [5.16349, 44.76511], [5.16381, 44.7651], [5.16383, 44.76578], [5.16415, 44.76577], [5.16417, 44.76645], [5.16353, 44.76623], [5.16282, 44.76422], [5.1612, 44.76313], [5.16057, 44.76314], [5.15991, 44.76248], [5.15801, 44.76229], [5.15736, 44.76185], [5.1561, 44.76188], [5.15545, 44.76144], [5.15419, 44.76169], [5.15387, 44.76147], [5.15356, 44.7617], [5.15324, 44.76148], [5.15325, 44.76193], [5.15294, 44.76194], [5.15164, 44.76106], [5.15038, 44.76109], [5.1494, 44.7602], [5.14781, 44.76001], [5.14779, 44.75956], [5.14716, 44.75957], [5.14618, 44.75869], [5.14555, 44.7587], [5.1449, 44.75826], [5.14488, 44.75781], [5.14425, 44.75783], [5.1439, 44.75693], [5.14295, 44.75695], [5.14293, 44.7565], [5.14166, 44.7563], [5.14132, 44.75563], [5.13973, 44.75544], [5.13938, 44.75454], [5.1375, 44.75481], [5.13751, 44.75503], [5.13466, 44.75508], [5.13434, 44.75487], [5.13405, 44.75555], [5.13437, 44.75554], [5.1344, 44.75644], [5.13505, 44.75688], [5.13507, 44.75733], [5.13538, 44.75732], [5.13536, 44.75687], [5.13695, 44.75707], [5.13697, 44.75752], [5.13859, 44.75861], [5.13896, 44.75996], [5.13959, 44.75994], [5.13994, 44.76084], [5.14124, 44.76171], [5.14105, 44.76509], [5.1398, 44.76557], [5.13982, 44.76602], [5.14078, 44.76645], [5.1408, 44.7669], [5.14016, 44.76669], [5.14019, 44.76736], [5.14082, 44.76735], [5.14052, 44.76781], [5.1431, 44.76911], [5.14373, 44.76909], [5.14372, 44.76887], [5.14435, 44.76886], [5.14465, 44.7684], [5.14561, 44.76861], [5.14562, 44.76883], [5.14405, 44.76909], [5.14406, 44.76954], [5.14437, 44.76931], [5.14595, 44.76928], [5.14625, 44.76882], [5.14719, 44.76858], [5.14723, 44.7697], [5.14692, 44.76993], [5.14755, 44.76992], [5.14786, 44.76969], [5.14781, 44.76834], [5.14936, 44.76763], [5.14965, 44.76695], [5.15061, 44.76716], [5.15062, 44.76739], [5.15188, 44.76736], [5.15221, 44.7678], [5.15349, 44.76801], [5.15282, 44.76712], [5.15471, 44.76686], [5.15442, 44.76754], [5.15571, 44.76841], [5.15634, 44.76817], [5.15635, 44.76862], [5.15572, 44.76864], [5.15573, 44.76886], [5.15636, 44.76885], [5.15638, 44.7693], [5.15575, 44.76931], [5.15576, 44.76954], [5.1564, 44.76975], [5.15642, 44.77042], [5.15738, 44.77063], [5.15772, 44.7713], [5.15835, 44.77129], [5.15837, 44.77174], [5.15902, 44.77218], [5.1606, 44.77214], [5.16126, 44.77281], [5.16284, 44.773], [5.16349, 44.77344], [5.16351, 44.77389], [5.16414, 44.77388], [5.1648, 44.77454], [5.16829, 44.77492], [5.16828, 44.7747], [5.16892, 44.77468], [5.16891, 44.77446], [5.16859, 44.77447], [5.16825, 44.7738], [5.16762, 44.77381], [5.16759, 44.77313], [5.16727, 44.77292], [5.16633, 44.77316], [5.16632, 44.77293], [5.16569, 44.77295], [5.16533, 44.77183], [5.16437, 44.77162], [5.16435, 44.77117], [5.16529, 44.77093], [5.16528, 44.77048], [5.16593, 44.77091], [5.16654, 44.77045], [5.16717, 44.77044], [5.16751, 44.77111], [5.16815, 44.77132], [5.16817, 44.77177], [5.16914, 44.7722], [5.16915, 44.77265], [5.17305, 44.77528], [5.17368, 44.77527], [5.17466, 44.77615], [5.17624, 44.77612], [5.17657, 44.77634], [5.17627, 44.77679], [5.17658, 44.77679], [5.17661, 44.77746], [5.17693, 44.77745], [5.17695, 44.77813], [5.17727, 44.77812], [5.17729, 44.7788], [5.17761, 44.77879], [5.17764, 44.77947], [5.17574, 44.7795], [5.17543, 44.77974], [5.1738, 44.77842], [5.17318, 44.77865], [5.17285, 44.77843], [5.17283, 44.77776], [5.17314, 44.77775], [5.17343, 44.77707], [5.1728, 44.77708], [5.1722, 44.77777], [5.17188, 44.77778], [5.17186, 44.77733], [5.17029, 44.77758], [5.17028, 44.77736], [5.16965, 44.77737], [5.16999, 44.77804], [5.16936, 44.77805], [5.16897, 44.77603], [5.168, 44.7756], [5.16803, 44.77628], [5.16771, 44.77628], [5.16736, 44.77539], [5.16609, 44.77519], [5.16608, 44.77496], [5.16514, 44.77521], [5.16513, 44.77498], [5.1645, 44.775], [5.1639, 44.77568], [5.16326, 44.7757], [5.16326, 44.77547], [5.16041, 44.77553], [5.1604, 44.7753], [5.15882, 44.77533], [5.15852, 44.77556], [5.15851, 44.77534], [5.15756, 44.77536], [5.15723, 44.77491], [5.15754, 44.77468], [5.1569, 44.77469], [5.15622, 44.77336], [5.1559, 44.77336], [5.15588, 44.77269], [5.15495, 44.77316], [5.15497, 44.77361], [5.15305, 44.77319], [5.15367, 44.77273], [5.15364, 44.77206], [5.15458, 44.77181], [5.15455, 44.77091], [5.15332, 44.77184], [5.15333, 44.77229], [5.15271, 44.77252], [5.15244, 44.77365], [5.15117, 44.77345], [5.15024, 44.77415], [5.14803, 44.77419], [5.14773, 44.77465], [5.1471, 44.77466], [5.14674, 44.77354], [5.14545, 44.77289], [5.14511, 44.77222], [5.1448, 44.77223], [5.14481, 44.77268], [5.14323, 44.77248], [5.14292, 44.77271], [5.14222, 44.77093], [5.14158, 44.77071], [5.14188, 44.77026], [5.14029, 44.77006], [5.14066, 44.77141], [5.14163, 44.77206], [5.14166, 44.77296], [5.14231, 44.7734], [5.14388, 44.77314], [5.14389, 44.77337], [5.14484, 44.77335], [5.14582, 44.77423], [5.14587, 44.77558], [5.14682, 44.77556], [5.14712, 44.77511], [5.14775, 44.7751], [5.14715, 44.77578], [5.14651, 44.7758], [5.1459, 44.77626], [5.14563, 44.77739], [5.14531, 44.7774], [5.14535, 44.7783], [5.14726, 44.77871], [5.14823, 44.77937], [5.14825, 44.77982], [5.14889, 44.78003], [5.14933, 44.78317], [5.14901, 44.78318], [5.14904, 44.78408], [5.15, 44.78428], [5.14939, 44.78475], [5.15033, 44.78473], [5.15196, 44.78582], [5.15197, 44.78627], [5.15326, 44.78692], [5.15329, 44.7876], [5.15394, 44.78804], [5.15395, 44.78849], [5.1546, 44.7887], [5.1556, 44.79026], [5.15658, 44.79091], [5.15913, 44.79154], [5.15914, 44.79176], [5.1604, 44.79174], [5.16012, 44.79264], [5.1611, 44.79353], [5.16117, 44.79533], [5.16215, 44.79598], [5.16341, 44.79596], [5.16602, 44.79793], [5.16665, 44.79792], [5.16667, 44.79837], [5.16732, 44.79881], [5.16921, 44.79877], [5.16957, 44.79989], [5.17055, 44.80077], [5.17059, 44.80167], [5.17189, 44.80255], [5.17348, 44.80274], [5.17446, 44.80362], [5.17542, 44.80383], [5.17541, 44.8036], [5.17824, 44.80332], [5.17824, 44.8031], [5.17982, 44.80307], [5.17982, 44.80329], [5.17888, 44.80331], [5.17888, 44.80353], [5.1773, 44.80357], [5.17731, 44.80379], [5.17543, 44.80405], [5.17544, 44.8045], [5.17608, 44.80472], [5.1761, 44.80517], [5.17579, 44.80517], [5.17349, 44.80319], [5.1703, 44.80235], [5.17026, 44.80145], [5.16929, 44.8008], [5.16926, 44.7999], [5.16861, 44.79946], [5.16702, 44.79926], [5.16604, 44.79838], [5.16444, 44.79796], [5.16311, 44.79641], [5.16121, 44.79623], [5.16056, 44.79579], [5.16019, 44.79444], [5.16051, 44.79444], [5.16048, 44.79376], [5.15983, 44.79332], [5.15981, 44.79288], [5.15917, 44.79266], [5.15883, 44.79199], [5.15693, 44.79181], [5.1553, 44.79071], [5.15495, 44.78982], [5.15366, 44.78894], [5.15331, 44.78805], [5.15267, 44.78784], [5.15231, 44.78694], [5.14973, 44.78542], [5.14814, 44.78522], [5.14815, 44.78545], [5.14752, 44.78546], [5.14694, 44.78682], [5.14787, 44.78658], [5.14816, 44.7859], [5.14911, 44.78588], [5.15041, 44.78675], [5.15044, 44.78743], [5.14887, 44.78791], [5.14828, 44.78905], [5.14734, 44.78906], [5.14732, 44.78861], [5.14637, 44.78863], [5.14673, 44.78975], [5.14578, 44.78977], [5.14581, 44.79045], [5.14455, 44.79069], [5.14431, 44.79273], [5.14495, 44.79271], [5.14499, 44.79384], [5.14564, 44.79428], [5.14568, 44.7954], [5.14537, 44.79563], [5.14699, 44.7965], [5.14736, 44.79785], [5.14801, 44.79828], [5.14959, 44.79848], [5.15025, 44.79914], [5.1512, 44.79912], [5.15122, 44.79957], [5.15153, 44.79957], [5.1519, 44.80091], [5.15255, 44.80135], [5.15235, 44.80428], [5.15267, 44.8045], [5.15236, 44.80473], [5.15301, 44.80517], [5.15239, 44.8054], [5.15206, 44.80518], [5.15177, 44.80564], [5.15113, 44.80543], [5.15114, 44.80588], [5.15178, 44.80609], [5.15182, 44.80699], [5.15059, 44.80792], [5.14971, 44.80973], [5.14939, 44.80974], [5.14915, 44.81177], [5.14947, 44.81176], [5.1495, 44.81244], [5.15014, 44.81265], [5.15015, 44.8131], [5.14888, 44.8129], [5.14857, 44.81313], [5.14829, 44.81404], [5.14798, 44.81405], [5.148, 44.81472], [5.14769, 44.81473], [5.14771, 44.8154], [5.14646, 44.81588], [5.14648, 44.81633], [5.14616, 44.81633], [5.14614, 44.81566], [5.14705, 44.81474], [5.14671, 44.81407], [5.14703, 44.81406], [5.14698, 44.81294], [5.1473, 44.81293], [5.14694, 44.81181], [5.14787, 44.81135], [5.1478, 44.80955], [5.14872, 44.80863], [5.1487, 44.80818], [5.14902, 44.80817], [5.149, 44.80772], [5.15054, 44.80657], [5.15051, 44.80589], [5.15083, 44.80588], [5.15078, 44.80476], [5.15046, 44.80454], [5.15077, 44.80453], [5.15075, 44.80386], [5.15106, 44.80385], [5.15104, 44.80318], [5.15135, 44.80317], [5.15129, 44.8016], [5.15098, 44.8016], [5.15094, 44.80048], [5.15029, 44.80004], [5.15027, 44.79959], [5.14836, 44.79918], [5.14706, 44.7983], [5.14643, 44.79831], [5.14573, 44.79675], [5.14478, 44.79654], [5.14479, 44.79677], [5.14352, 44.79679], [5.14414, 44.79633], [5.14441, 44.7952], [5.14473, 44.79519], [5.1447, 44.79452], [5.14373, 44.79409], [5.14362, 44.79116], [5.14268, 44.79141], [5.14209, 44.79254], [5.14178, 44.79255], [5.14176, 44.7921], [5.14208, 44.79209], [5.14204, 44.79119], [5.14266, 44.79073], [5.14391, 44.79048], [5.14453, 44.79002], [5.14386, 44.78913], [5.14448, 44.78867], [5.14443, 44.78754], [5.1438, 44.78756], [5.14355, 44.78914], [5.14258, 44.78871], [5.14256, 44.78826], [5.1432, 44.78847], [5.14317, 44.78757], [5.1441, 44.7871], [5.14407, 44.78643], [5.14469, 44.78596], [5.14312, 44.78622], [5.14314, 44.78667], [5.14219, 44.78669], [5.14225, 44.78826], [5.14194, 44.78849], [5.14259, 44.78893], [5.14261, 44.78961], [5.14168, 44.78985], [5.14139, 44.79076], [5.14077, 44.79099], [5.14078, 44.79122], [5.14141, 44.79121], [5.14145, 44.79211], [5.14113, 44.79211], [5.14116, 44.79279], [5.14084, 44.79279], [5.14086, 44.79347], [5.13993, 44.79371], [5.1399, 44.79304], [5.13958, 44.79304], [5.13932, 44.7944], [5.13809, 44.79532], [5.13714, 44.79534], [5.13684, 44.7958], [5.13621, 44.79581], [5.13623, 44.79626], [5.1356, 44.79627], [5.13437, 44.79742], [5.13374, 44.79743], [5.13313, 44.79789], [5.13314, 44.79834], [5.13191, 44.79904], [5.13164, 44.8004], [5.13069, 44.80042], [5.1301, 44.80156], [5.12822, 44.80182], [5.12699, 44.80274], [5.127, 44.80319], [5.12606, 44.80343], [5.12608, 44.80388], [5.12512, 44.80368], [5.12539, 44.80232], [5.12571, 44.80232], [5.12537, 44.80187], [5.12569, 44.80187], [5.12566, 44.80119], [5.12598, 44.80118], [5.12596, 44.80073], [5.12533, 44.80075], [5.12532, 44.80052], [5.12624, 44.79983], [5.12591, 44.79938], [5.12623, 44.79938], [5.12651, 44.79847], [5.12618, 44.79825], [5.1268, 44.79779], [5.12711, 44.79779], [5.1271, 44.79734], [5.12741, 44.79733], [5.12676, 44.79689], [5.12803, 44.79687], [5.12804, 44.79709], [5.12867, 44.79708], [5.12837, 44.79754], [5.12869, 44.79775], [5.12964, 44.79774], [5.12963, 44.79729], [5.12899, 44.7973], [5.12899, 44.79707], [5.12962, 44.79706], [5.1296, 44.79661], [5.12802, 44.79664], [5.12801, 44.79642], [5.12675, 44.79644], [5.12674, 44.79622], [5.13054, 44.79637], [5.13052, 44.79592], [5.12955, 44.79526], [5.1292, 44.79437], [5.12858, 44.7946], [5.12857, 44.79438], [5.12762, 44.7944], [5.12796, 44.79507], [5.12574, 44.79488], [5.12544, 44.79534], [5.12577, 44.79556], [5.12483, 44.7958], [5.12548, 44.79624], [5.12454, 44.79648], [5.12518, 44.79692], [5.12392, 44.79695], [5.12325, 44.79583], [5.12261, 44.79562], [5.12263, 44.7963], [5.12199, 44.79608], [5.12168, 44.79631], [5.12111, 44.7979], [5.11927, 44.79929], [5.11707, 44.79978], [5.11709, 44.80023], [5.11646, 44.80024], [5.11523, 44.80139], [5.11366, 44.80165], [5.1133, 44.8003], [5.11265, 44.80009], [5.11295, 44.79941], [5.11263, 44.79941], [5.1126, 44.79874], [5.11164, 44.79831], [5.11159, 44.79696], [5.11127, 44.79696], [5.11124, 44.79606], [5.11092, 44.79607], [5.11091, 44.79584], [5.11186, 44.79583], [5.11187, 44.79605], [5.11313, 44.79603], [5.11249, 44.79559], [5.11246, 44.79491], [5.11182, 44.7947], [5.11209, 44.79357], [5.11114, 44.79336], [5.11113, 44.79314], [5.11239, 44.79311], [5.11241, 44.79356], [5.11305, 44.79378], [5.11302, 44.79288], [5.11269, 44.79266], [5.10952, 44.79249], [5.10854, 44.79161], [5.10791, 44.79162], [5.10821, 44.79117], [5.10788, 44.79095], [5.10694, 44.79119], [5.10693, 44.79074], [5.10787, 44.7905], [5.10783, 44.7896], [5.10718, 44.78916], [5.10813, 44.78914], [5.10715, 44.78826], [5.10619, 44.78805], [5.10654, 44.78872], [5.10592, 44.78918], [5.10625, 44.7894], [5.1058, 44.78946], [5.10593, 44.78958], [5.10563, 44.78986], [5.10565, 44.79031], [5.10596, 44.79031], [5.10633, 44.79165], [5.10601, 44.79163], [5.10605, 44.79258], [5.10513, 44.79348], [5.10518, 44.79483], [5.1055, 44.79482], [5.10553, 44.7955], [5.10649, 44.79593], [5.10684, 44.79682], [5.10748, 44.79703], [5.10746, 44.79748], [5.10751, 44.79793], [5.10783, 44.79811], [5.10783, 44.79827], [5.10815, 44.79815], [5.10848, 44.79837], [5.10786, 44.79883], [5.10851, 44.79927], [5.10821, 44.7995], [5.10854, 44.79994], [5.10822, 44.79995], [5.10826, 44.80107], [5.10732, 44.80132], [5.10735, 44.80199], [5.10767, 44.80198], [5.10769, 44.80266], [5.10801, 44.80265], [5.10804, 44.80355], [5.10836, 44.80355], [5.10808, 44.80468], [5.1084, 44.80467], [5.10879, 44.80669], [5.10824, 44.80711], [5.10794, 44.80918], [5.10731, 44.80942], [5.10735, 44.81055], [5.10703, 44.81044], [5.10703, 44.8106], [5.10673, 44.81078], [5.10674, 44.81101], [5.10705, 44.81078], [5.10712, 44.8128], [5.10713, 44.81303], [5.10745, 44.81302], [5.1078, 44.81392], [5.10748, 44.81404], [5.1075, 44.81437], [5.10826, 44.81436], [5.10811, 44.81391], [5.10843, 44.8139], [5.1087, 44.81277], [5.10773, 44.81212], [5.10765, 44.81009], [5.10918, 44.80871], [5.10885, 44.80827], [5.10917, 44.80826], [5.10914, 44.80759], [5.10946, 44.80758], [5.10942, 44.80668], [5.11007, 44.80712], [5.10978, 44.8078], [5.11075, 44.80823], [5.11167, 44.80754], [5.11193, 44.80618], [5.11352, 44.80615], [5.11322, 44.80661], [5.11385, 44.8066], [5.11415, 44.80614], [5.11478, 44.80613], [5.11449, 44.80681], [5.11354, 44.80683], [5.11357, 44.8075], [5.11451, 44.80748], [5.1145, 44.80703], [5.11513, 44.80702], [5.11484, 44.8077], [5.11547, 44.80769], [5.11552, 44.80904], [5.11456, 44.80883], [5.11489, 44.80905], [5.11464, 44.81086], [5.11496, 44.81085], [5.11497, 44.8113], [5.11403, 44.81155], [5.11402, 44.8111], [5.1137, 44.8111], [5.11374, 44.81223], [5.11343, 44.81223], [5.11378, 44.81313], [5.11409, 44.81312], [5.11412, 44.8138], [5.11444, 44.81379], [5.11446, 44.81446], [5.11352, 44.81471], [5.11385, 44.81515], [5.11322, 44.81516], [5.11387, 44.8156], [5.11358, 44.81628], [5.1139, 44.81628], [5.11394, 44.8174], [5.11302, 44.81809], [5.11334, 44.81831], [5.11309, 44.82012], [5.11341, 44.82011], [5.11342, 44.82049], [5.11537, 44.82186], [5.11536, 44.82143], [5.11598, 44.82119], [5.11596, 44.82074], [5.11658, 44.82028], [5.11468, 44.82031], [5.11467, 44.82009], [5.11593, 44.81984], [5.11621, 44.81893], [5.11589, 44.81894], [5.11588, 44.81849], [5.1165, 44.81825], [5.11683, 44.81847], [5.1168, 44.8178], [5.11742, 44.81733], [5.11707, 44.81667], [5.11801, 44.81642], [5.11766, 44.81553], [5.11798, 44.81552], [5.11794, 44.8144], [5.11856, 44.81416], [5.11827, 44.81484], [5.1189, 44.81483], [5.11888, 44.81415], [5.11951, 44.81414], [5.11949, 44.81369], [5.11887, 44.81393], [5.11885, 44.81348], [5.11854, 44.81349], [5.11878, 44.81168], [5.11847, 44.81169], [5.11845, 44.81124], [5.11907, 44.811], [5.11903, 44.80987], [5.11935, 44.80987], [5.1193, 44.80852], [5.11897, 44.8083], [5.11929, 44.80829], [5.11926, 44.80762], [5.11895, 44.80762], [5.11893, 44.80717], [5.11989, 44.80738], [5.11991, 44.80806], [5.12056, 44.80849], [5.12058, 44.80894], [5.12279, 44.8089], [5.12308, 44.80822], [5.1234, 44.80821], [5.12374, 44.80888], [5.12438, 44.8091], [5.12508, 44.81088], [5.1254, 44.81088], [5.12546, 44.81268], [5.12611, 44.81312], [5.12615, 44.81402], [5.12646, 44.81401], [5.12617, 44.81469], [5.12649, 44.81468], [5.12651, 44.81513], [5.1262, 44.81537], [5.12716, 44.8158], [5.12775, 44.81466], [5.12899, 44.81396], [5.12927, 44.81305], [5.1305, 44.81213], [5.13106, 44.81009], [5.13138, 44.81009], [5.13129, 44.80784], [5.13287, 44.80781], [5.13286, 44.80758], [5.13128, 44.80761], [5.13127, 44.80739], [5.13348, 44.80712], [5.13314, 44.80668], [5.13437, 44.80575], [5.13413, 44.80756], [5.13381, 44.80756], [5.13386, 44.80891], [5.13418, 44.80891], [5.1342, 44.80958], [5.13452, 44.80958], [5.1349, 44.81115], [5.13521, 44.81114], [5.13491, 44.8116], [5.13555, 44.81181], [5.13557, 44.81226], [5.13461, 44.81183], [5.13458, 44.81115], [5.13396, 44.81161], [5.13428, 44.81161], [5.13431, 44.81251], [5.13495, 44.8125], [5.13466, 44.81318], [5.1353, 44.81339], [5.13531, 44.81361], [5.13436, 44.81363], [5.13472, 44.81475], [5.13503, 44.81475], [5.13474, 44.81543], [5.13506, 44.81542], [5.13508, 44.81587], [5.13477, 44.8161], [5.1354, 44.81609], [5.13573, 44.81653], [5.13447, 44.81656], [5.13513, 44.81722], [5.13481, 44.81723], [5.13456, 44.81903], [5.13425, 44.81904], [5.13428, 44.81994], [5.13396, 44.81994], [5.13441, 44.82331], [5.13538, 44.82397], [5.13489, 44.82758], [5.1352, 44.82758], [5.13523, 44.82825], [5.13555, 44.82825], [5.13626, 44.83048], [5.13658, 44.83048], [5.13629, 44.83116], [5.13661, 44.83115], [5.13662, 44.8316], [5.13631, 44.83183], [5.13696, 44.83205], [5.13731, 44.83294], [5.13762, 44.83293], [5.13765, 44.83361], [5.1383, 44.83405], [5.13831, 44.8345], [5.13895, 44.83448], [5.13866, 44.83517], [5.13897, 44.83516], [5.13901, 44.83606], [5.13932, 44.83605], [5.13936, 44.83695], [5.13967, 44.83695], [5.13971, 44.83785], [5.14036, 44.83829], [5.14041, 44.83964], [5.14073, 44.83963], [5.14075, 44.8403], [5.14107, 44.8403], [5.14108, 44.84075], [5.14013, 44.84054], [5.14014, 44.84077], [5.14173, 44.84119], [5.14144, 44.84164], [5.14175, 44.84164], [5.14177, 44.84209], [5.14083, 44.84233], [5.14082, 44.8421], [5.14019, 44.84212], [5.1415, 44.84322], [5.14191, 44.84591], [5.14223, 44.8459], [5.14228, 44.84725], [5.14197, 44.84737], [5.14198, 44.84771], [5.14293, 44.84769], [5.14263, 44.84815], [5.14328, 44.84859], [5.14333, 44.84994], [5.14302, 44.84994], [5.14305, 44.85084], [5.14337, 44.85084], [5.14373, 44.85196], [5.14404, 44.85195], [5.14407, 44.85262], [5.14439, 44.85262], [5.14512, 44.85531], [5.14544, 44.8553], [5.14546, 44.85597], [5.14578, 44.85597], [5.14585, 44.85777], [5.14617, 44.85776], [5.14621, 44.85889], [5.14559, 44.85935], [5.14594, 44.86024], [5.14563, 44.86025], [5.14567, 44.86137], [5.14599, 44.86137], [5.14602, 44.86227], [5.14634, 44.86226], [5.14606, 44.86317], [5.14637, 44.86316], [5.14639, 44.86361], [5.14607, 44.86362], [5.1461, 44.86429], [5.14578, 44.8643], [5.14582, 44.8652], [5.1455, 44.86521], [5.14556, 44.86543], [5.14741, 44.86539], [5.14742, 44.86562], [5.1471, 44.86563], [5.14758, 44.86573], [5.14835, 44.86515], [5.14794, 44.86268], [5.14825, 44.86268], [5.1483, 44.86403], [5.14927, 44.86446], [5.14922, 44.86311], [5.14954, 44.8631], [5.14951, 44.86243], [5.14983, 44.86242], [5.1508, 44.86308], [5.15051, 44.86376], [5.15083, 44.86375], [5.15119, 44.86487], [5.15055, 44.86488], [5.15056, 44.86511], [5.15119, 44.8651], [5.15091, 44.866], [5.15155, 44.86621], [5.15157, 44.86666], [5.15126, 44.86667], [5.15159, 44.86711], [5.15127, 44.86712], [5.15138, 44.86982], [5.15169, 44.86981], [5.15172, 44.87049], [5.15203, 44.87048], [5.15206, 44.87116], [5.15238, 44.87115], [5.1524, 44.87183], [5.15337, 44.87226], [5.1534, 44.87316], [5.15372, 44.87315], [5.15369, 44.87248], [5.15401, 44.87247], [5.15398, 44.87157], [5.15333, 44.87113], [5.15261, 44.8689], [5.15324, 44.86888], [5.15326, 44.86933], [5.15389, 44.86932], [5.15384, 44.86797], [5.15415, 44.86797], [5.15412, 44.86707], [5.15444, 44.86706], [5.15473, 44.86638], [5.15376, 44.86595], [5.15374, 44.8655], [5.15309, 44.86506], [5.15341, 44.86505], [5.15335, 44.86348], [5.15462, 44.86368], [5.15493, 44.86345], [5.15449, 44.8603], [5.15511, 44.85984], [5.15532, 44.85713], [5.15564, 44.85713], [5.15589, 44.85555], [5.15683, 44.85508], [5.15679, 44.85418], [5.15648, 44.85419], [5.15644, 44.85329], [5.15581, 44.8533], [5.15516, 44.85286], [5.15543, 44.85173], [5.15511, 44.85173], [5.15509, 44.85106], [5.15445, 44.85085], [5.15506, 44.85038], [5.15504, 44.84971], [5.1544, 44.8495], [5.15404, 44.8486], [5.15436, 44.8486], [5.15432, 44.84747], [5.15463, 44.84747], [5.15429, 44.8468], [5.15461, 44.84679], [5.15458, 44.84612], [5.1549, 44.84611], [5.15485, 44.84476], [5.15453, 44.84477], [5.1545, 44.84409], [5.15419, 44.8441], [5.15416, 44.84342], [5.15352, 44.84321], [5.15317, 44.84232], [5.15285, 44.84232], [5.15283, 44.84165], [5.15185, 44.84076], [5.15183, 44.84031], [5.15087, 44.84011], [5.15085, 44.83966], [5.15148, 44.83942], [5.15172, 44.83761], [5.15141, 44.83762], [5.15138, 44.83695], [5.15107, 44.83695], [5.15101, 44.8356], [5.14972, 44.83473], [5.14968, 44.83383], [5.14936, 44.83383], [5.14934, 44.83316], [5.14902, 44.83316], [5.14894, 44.83091], [5.14957, 44.8309], [5.14959, 44.83158], [5.15058, 44.83246], [5.1506, 44.83291], [5.15091, 44.8329], [5.15094, 44.83358], [5.1519, 44.83401], [5.15192, 44.83446], [5.15354, 44.83555], [5.15356, 44.836], [5.15452, 44.83621], [5.15519, 44.83732], [5.15584, 44.83754], [5.15619, 44.83843], [5.1565, 44.83842], [5.15653, 44.8391], [5.15684, 44.83909], [5.15688, 44.83999], [5.15786, 44.84087], [5.15788, 44.84132], [5.15918, 44.8422], [5.15991, 44.84466], [5.16087, 44.84509], [5.1609, 44.84577], [5.16155, 44.84621], [5.16157, 44.84666], [5.16221, 44.84687], [5.16255, 44.84754], [5.16318, 44.84752], [5.16321, 44.8482], [5.16576, 44.84883], [5.16577, 44.84905], [5.16451, 44.84907], [5.16266, 44.85046], [5.16239, 44.85159], [5.16177, 44.85183], [5.16178, 44.85228], [5.16115, 44.85229], [5.16118, 44.85297], [5.1628, 44.85406], [5.16407, 44.85404], [5.16504, 44.85469], [5.1663, 44.85444], [5.16632, 44.85489], [5.16727, 44.8551], [5.16825, 44.85576], [5.16827, 44.85621], [5.16923, 44.85664], [5.16925, 44.85709], [5.17087, 44.85818], [5.17151, 44.85817], [5.17152, 44.8584], [5.17058, 44.85864], [5.17059, 44.85909], [5.16934, 44.85934], [5.16967, 44.85978], [5.1681, 44.86004], [5.16843, 44.86048], [5.16717, 44.86051], [5.16718, 44.86096], [5.16655, 44.86097], [5.16625, 44.86143], [5.16752, 44.8614], [5.16782, 44.86094], [5.16876, 44.86093], [5.17246, 44.85815], [5.17405, 44.85835], [5.17307, 44.85769], [5.17402, 44.85767], [5.17435, 44.85789], [5.17465, 44.85766], [5.17595, 44.85853], [5.17528, 44.85742], [5.17432, 44.85721], [5.17367, 44.85678], [5.17365, 44.85633], [5.17302, 44.85634], [5.17204, 44.85568], [5.1717, 44.85501], [5.17014, 44.85549], [5.17012, 44.85504], [5.16947, 44.85461], [5.16884, 44.85462], [5.1685, 44.85395], [5.16755, 44.85397], [5.16625, 44.85309], [5.16623, 44.85264], [5.16527, 44.85244], [5.16586, 44.8513], [5.16681, 44.85128], [5.16682, 44.85151], [5.16809, 44.85171], [5.16811, 44.85216], [5.17005, 44.85324], [5.17007, 44.85369], [5.17071, 44.85391], [5.17105, 44.85458], [5.17263, 44.85455], [5.17296, 44.85476], [5.17293, 44.85409], [5.17387, 44.85385], [5.17353, 44.85318], [5.1729, 44.85319], [5.1732, 44.85273], [5.17226, 44.85298], [5.17223, 44.8523], [5.17159, 44.85209], [5.17125, 44.85142], [5.17061, 44.85143], [5.17059, 44.85076], [5.17027, 44.85076], [5.17242, 44.84915], [5.17271, 44.84824], [5.17239, 44.84825], [5.17237, 44.8478], [5.17017, 44.84806], [5.16949, 44.84695], [5.16885, 44.84674], [5.16883, 44.84629], [5.16787, 44.84608], [5.16722, 44.84542], [5.16658, 44.84543], [5.16557, 44.84388], [5.16494, 44.84389], [5.16523, 44.84321], [5.16555, 44.8432], [5.16551, 44.8423], [5.16583, 44.84229], [5.16549, 44.84163], [5.16451, 44.84097], [5.16324, 44.84077], [5.1629, 44.8401], [5.16096, 44.83901], [5.16094, 44.83856], [5.16284, 44.83852], [5.16284, 44.83875], [5.16379, 44.83873], [5.1638, 44.83896], [5.16475, 44.83894], [5.16477, 44.83939], [5.16541, 44.8396], [5.16544, 44.84028], [5.16608, 44.84049], [5.16609, 44.84094], [5.16674, 44.84138], [5.16737, 44.84114], [5.16733, 44.84024], [5.16669, 44.84003], [5.16667, 44.83935], [5.16568, 44.83847], [5.16566, 44.83802], [5.16471, 44.83781], [5.16437, 44.83737], [5.16374, 44.83738], [5.16341, 44.83694], [5.16278, 44.83695], [5.16401, 44.83603], [5.16397, 44.83513], [5.16333, 44.83491], [5.16271, 44.83537], [5.16083, 44.83564], [5.16053, 44.83609], [5.15895, 44.83635], [5.15831, 44.83591], [5.15829, 44.83546], [5.15667, 44.83459], [5.15665, 44.83414], [5.15601, 44.8337], [5.15537, 44.83372], [5.15536, 44.83327], [5.15471, 44.83283], [5.15407, 44.83284], [5.15406, 44.83239], [5.15342, 44.83218], [5.1534, 44.83173], [5.15276, 44.83152], [5.15241, 44.83062], [5.15209, 44.83063], [5.15207, 44.83018], [5.15111, 44.82975], [5.15138, 44.82861], [5.15106, 44.82862], [5.15104, 44.82795], [5.1504, 44.82773], [5.15029, 44.82481], [5.15091, 44.82457], [5.15116, 44.82276], [5.15052, 44.82278], [5.15082, 44.82232], [5.14985, 44.82166], [5.15016, 44.82166], [5.15015, 44.82121], [5.15046, 44.8212], [5.15045, 44.82075], [5.15076, 44.82075], [5.15075, 44.8203], [5.15106, 44.82029], [5.15073, 44.81985], [5.15104, 44.81984], [5.15102, 44.81917], [5.15005, 44.81873], [5.15004, 44.81828], [5.1494, 44.8183], [5.14942, 44.81875], [5.14878, 44.81853], [5.14907, 44.81785], [5.14969, 44.81761], [5.14968, 44.81716], [5.14999, 44.81716], [5.14996, 44.81626], [5.15027, 44.81625], [5.15032, 44.81738], [5.15129, 44.81803], [5.15255, 44.81778], [5.15289, 44.81845], [5.15385, 44.81888], [5.15387, 44.81933], [5.1555, 44.82043], [5.15802, 44.82038], [5.15835, 44.8206], [5.15834, 44.82037], [5.15929, 44.82036], [5.1593, 44.82058], [5.15993, 44.82057], [5.16021, 44.81966], [5.15924, 44.81901], [5.15797, 44.81903], [5.15796, 44.8188], [5.15923, 44.81878], [5.16011, 44.81696], [5.16105, 44.81672], [5.16104, 44.81649], [5.1623, 44.81647], [5.16229, 44.81602], [5.1626, 44.81601], [5.16294, 44.81668], [5.16231, 44.81669], [5.16233, 44.81714], [5.16295, 44.81691], [5.16328, 44.81713], [5.16301, 44.81848], [5.16333, 44.81848], [5.16331, 44.81803], [5.16394, 44.81801], [5.16456, 44.81755], [5.16492, 44.81867], [5.1646, 44.81868], [5.16462, 44.81913], [5.16556, 44.81888], [5.16528, 44.81979], [5.16559, 44.81978], [5.16562, 44.82046], [5.16594, 44.82045], [5.166, 44.82203], [5.16631, 44.82202], [5.16602, 44.8227], [5.1654, 44.82294], [5.16543, 44.82384], [5.1664, 44.82427], [5.16644, 44.82517], [5.16582, 44.82563], [5.16519, 44.82564], [5.16521, 44.82632], [5.16586, 44.82676], [5.16558, 44.82766], [5.16622, 44.82788], [5.16583, 44.82586], [5.16645, 44.82562], [5.16681, 44.82674], [5.16713, 44.82673], [5.16716, 44.82763], [5.16748, 44.82763], [5.1672, 44.82853], [5.16657, 44.82877], [5.16625, 44.82855], [5.16627, 44.829], [5.16595, 44.82901], [5.1663, 44.8299], [5.16599, 44.83013], [5.16726, 44.83011], [5.16732, 44.83168], [5.16764, 44.83168], [5.16768, 44.8328], [5.16799, 44.83279], [5.16805, 44.83414], [5.16712, 44.83484], [5.16714, 44.83529], [5.16809, 44.83527], [5.16812, 44.83594], [5.16843, 44.83594], [5.16847, 44.83684], [5.16783, 44.83685], [5.16785, 44.8373], [5.16879, 44.83706], [5.16881, 44.83751], [5.16913, 44.8375], [5.16887, 44.83908], [5.16981, 44.83884], [5.17014, 44.83906], [5.16943, 44.83727], [5.17007, 44.83726], [5.17077, 44.83905], [5.17108, 44.83904], [5.17146, 44.84061], [5.17178, 44.8406], [5.1718, 44.84128], [5.17212, 44.84127], [5.17215, 44.84195], [5.17345, 44.84282], [5.17317, 44.84395], [5.17349, 44.84395], [5.17385, 44.84506], [5.17323, 44.8453], [5.17264, 44.84666], [5.17359, 44.84642], [5.17391, 44.84664], [5.17389, 44.84619], [5.17453, 44.84618], [5.17455, 44.84685], [5.17487, 44.84685], [5.17492, 44.8482], [5.1746, 44.8482], [5.17458, 44.84753], [5.17426, 44.84753], [5.17424, 44.84686], [5.17392, 44.84686], [5.17396, 44.84799], [5.17495, 44.84887], [5.17496, 44.84932], [5.17558, 44.84886], [5.1756, 44.84953], [5.17497, 44.84955], [5.17531, 44.85021], [5.175, 44.85022], [5.17502, 44.8509], [5.17567, 44.85111], [5.17568, 44.85156], [5.17632, 44.85177], [5.17668, 44.85266], [5.17699, 44.85266], [5.17673, 44.85401], [5.178, 44.85421], [5.17742, 44.85558], [5.17806, 44.85579], [5.17809, 44.85646], [5.17841, 44.85646], [5.17815, 44.85804], [5.17847, 44.85803], [5.17849, 44.85871], [5.17881, 44.8587], [5.17884, 44.8596], [5.17949, 44.86004], [5.18013, 44.86003], [5.17947, 44.85937], [5.18043, 44.85957], [5.18042, 44.85935], [5.18105, 44.85933], [5.18139, 44.86], [5.18203, 44.85999], [5.18169, 44.85955], [5.18265, 44.85975], [5.18296, 44.85952], [5.18268, 44.86065], [5.18141, 44.86045], [5.1811, 44.86068], [5.18078, 44.86047], [5.18017, 44.86115], [5.17859, 44.86118], [5.17794, 44.86075], [5.17857, 44.86073], [5.17855, 44.86028], [5.17634, 44.86033], [5.17601, 44.86011], [5.17572, 44.86079], [5.17509, 44.8608], [5.17417, 44.8615], [5.17418, 44.86172], [5.17481, 44.86171], [5.17518, 44.86305], [5.17487, 44.86328], [5.17551, 44.8635], [5.17521, 44.86395], [5.17586, 44.86439], [5.17429, 44.86465], [5.17427, 44.8642], [5.17363, 44.86398], [5.17365, 44.86443], [5.17397, 44.86443], [5.17369, 44.86556], [5.17401, 44.86555], [5.17405, 44.86668], [5.17341, 44.86646], [5.17345, 44.86759], [5.1741, 44.8678], [5.17379, 44.86803], [5.17386, 44.86983], [5.17417, 44.86983], [5.17423, 44.87118], [5.17359, 44.87119], [5.17363, 44.87209], [5.17331, 44.8721], [5.17335, 44.873], [5.17366, 44.87299], [5.17369, 44.87366], [5.17401, 44.87366], [5.17406, 44.87501], [5.17374, 44.87501], [5.17372, 44.87434], [5.1734, 44.87435], [5.17348, 44.87637], [5.17413, 44.87681], [5.17383, 44.87726], [5.17415, 44.87726], [5.17416, 44.87771], [5.17448, 44.8777], [5.17454, 44.87928], [5.17423, 44.87951], [5.17582, 44.8797], [5.17608, 44.87812], [5.17673, 44.87856], [5.17671, 44.87811], [5.17703, 44.8781], [5.17665, 44.87653], [5.17697, 44.87653], [5.177, 44.87743], [5.17732, 44.87742], [5.17757, 44.87584], [5.17789, 44.87583], [5.17794, 44.87718], [5.17764, 44.87741], [5.17795, 44.87741], [5.17798, 44.87808], [5.17829, 44.87808], [5.17833, 44.87898], [5.17769, 44.87876], [5.17766, 44.87809], [5.17735, 44.8781], [5.17706, 44.879], [5.17675, 44.87901], [5.1768, 44.88036], [5.17553, 44.88038], [5.17494, 44.8813], [5.17589, 44.8815], [5.17593, 44.8824], [5.17625, 44.8824], [5.17659, 44.88306], [5.17754, 44.88305], [5.17846, 44.88235], [5.17849, 44.88303], [5.17787, 44.88349], [5.1785, 44.88348], [5.17821, 44.88416], [5.17886, 44.88437], [5.17888, 44.88505], [5.1792, 44.88504], [5.1789, 44.8855], [5.17984, 44.88525], [5.1802, 44.88637], [5.17988, 44.88638], [5.1799, 44.88685], [5.18046, 44.88719], [5.18086, 44.88703], [5.18082, 44.88613], [5.18114, 44.88613], [5.18113, 44.8859], [5.1805, 44.88592], [5.18075, 44.88433], [5.18139, 44.88432], [5.18169, 44.88387], [5.18233, 44.88408], [5.18325, 44.88338], [5.1842, 44.88337], [5.1845, 44.88291], [5.18513, 44.8829], [5.18512, 44.88245], [5.18606, 44.8822], [5.18635, 44.88152], [5.18697, 44.88128], [5.18695, 44.88083], [5.1879, 44.88082], [5.18793, 44.88149], [5.18857, 44.8817], [5.18893, 44.88282], [5.18958, 44.88326], [5.19053, 44.88324], [5.19026, 44.88437], [5.19089, 44.88436], [5.19087, 44.88391], [5.19119, 44.8839], [5.19145, 44.88255], [5.19272, 44.88252], [5.19274, 44.88297], [5.19371, 44.88363], [5.19407, 44.88475], [5.19439, 44.88474], [5.19442, 44.88542], [5.19473, 44.88541], [5.19499, 44.88383], [5.19624, 44.88358], [5.19654, 44.88312], [5.19719, 44.88333], [5.1972, 44.88378], [5.19689, 44.88379], [5.19723, 44.88446], [5.19691, 44.88447], [5.19705, 44.88784], [5.19674, 44.88807], [5.19737, 44.88806], [5.19738, 44.88828], [5.1968, 44.8885], [5.19708, 44.88874], [5.19844, 44.88872], [5.199, 44.88915], [5.19938, 44.88916], [5.1993, 44.88892], [5.20025, 44.8889], [5.20063, 44.89047], [5.20095, 44.89047], [5.20103, 44.89113], [5.20192, 44.8909], [5.20194, 44.89157], [5.20894, 44.89143], [5.20923, 44.89165], [5.21056, 44.89163], [5.21082, 44.89172], [5.21079, 44.89095], [5.21143, 44.89116], [5.21141, 44.89071], [5.21078, 44.89072], [5.21109, 44.89049], [5.21104, 44.88936], [5.21168, 44.88935], [5.21167, 44.88913], [5.21198, 44.88912], [5.21266, 44.89022], [5.21488, 44.89041], [5.21554, 44.89085], [5.21617, 44.89084], [5.21619, 44.89129], [5.21683, 44.8915], [5.21686, 44.8924], [5.21751, 44.89284], [5.21974, 44.89302], [5.22136, 44.89389], [5.22131, 44.8941], [5.22138, 44.89434], [5.22195, 44.89464], [5.22204, 44.895], [5.22233, 44.89513], [5.22238, 44.89567], [5.22269, 44.89566], [5.2227, 44.89589], [5.22302, 44.89588], [5.22303, 44.89611], [5.22366, 44.89609], [5.22367, 44.89632], [5.22399, 44.89631], [5.224, 44.89654], [5.22368, 44.89654], [5.22422, 44.8966], [5.2245, 44.89698], [5.22496, 44.89697], [5.22497, 44.89719], [5.22466, 44.8972], [5.22522, 44.89727], [5.22531, 44.89764], [5.22577, 44.89765], [5.22627, 44.89785], [5.2269, 44.89783], [5.22691, 44.89805], [5.22722, 44.89805], [5.22723, 44.89823], [5.22787, 44.89848], [5.22755, 44.89827], [5.22913, 44.89823], [5.22947, 44.89868], [5.2301, 44.89867], [5.23011, 44.89889], [5.23043, 44.89888], [5.23044, 44.89911], [5.23075, 44.8991], [5.23076, 44.89933], [5.23108, 44.89932], [5.23152, 44.8989], [5.23201, 44.89885], [5.23237, 44.89862], [5.232, 44.89863], [5.23199, 44.8984], [5.23263, 44.89845], [5.23284, 44.89832], [5.23262, 44.89816], [5.23293, 44.89816], [5.23294, 44.89826], [5.23334, 44.89799], [5.23324, 44.89793], [5.23387, 44.89791], [5.23465, 44.89725], [5.23543, 44.89721], [5.23579, 44.89661], [5.23674, 44.89589], [5.23758, 44.89559], [5.23766, 44.8952], [5.2382, 44.89512], [5.23788, 44.89513], [5.23813, 44.89355], [5.23828, 44.89355], [5.23811, 44.89288], [5.23832, 44.89287], [5.23837, 44.89196], [5.23806, 44.89175], [5.23898, 44.89106], [5.23897, 44.89061], [5.23928, 44.8906], [5.23927, 44.89015], [5.23895, 44.89016], [5.23892, 44.88948], [5.23924, 44.88947], [5.23922, 44.889], [5.23952, 44.88879], [5.23921, 44.8888], [5.23936, 44.88858], [5.2392, 44.88839], [5.23916, 44.88743], [5.23946, 44.88722], [5.23946, 44.88646], [5.23975, 44.88631], [5.23969, 44.88496], [5.23928, 44.88475], [5.23905, 44.88475], [5.23901, 44.88385], [5.23933, 44.88384], [5.23934, 44.88407], [5.23941, 44.88346], [5.23931, 44.88339], [5.23971, 44.88343], [5.23962, 44.88316], [5.24025, 44.88315], [5.24019, 44.88157], [5.23987, 44.88158], [5.23984, 44.88068], [5.24044, 44.88067], [5.24078, 44.88044], [5.24046, 44.88044], [5.24027, 44.87857], [5.24007, 44.87845], [5.23995, 44.8755], [5.24026, 44.87549], [5.24024, 44.87482], [5.24086, 44.87458], [5.24084, 44.87413], [5.24116, 44.87412], [5.24081, 44.87323], [5.24112, 44.87322], [5.24109, 44.87232], [5.2414, 44.87232], [5.24137, 44.87142], [5.24168, 44.87141], [5.24162, 44.86984], [5.24194, 44.86975], [5.24192, 44.86936], [5.24223, 44.86915], [5.2419, 44.86893], [5.24222, 44.86892], [5.24223, 44.86914], [5.24224, 44.8687], [5.24219, 44.86825], [5.24251, 44.86824], [5.24251, 44.86802], [5.24245, 44.86689], [5.24277, 44.86689], [5.24304, 44.86575], [5.24336, 44.86575], [5.24301, 44.86508], [5.24363, 44.86462], [5.24362, 44.86439], [5.24299, 44.8644], [5.24261, 44.86284], [5.24387, 44.86281], [5.24358, 44.86327], [5.24423, 44.8637], [5.24359, 44.86372], [5.2433, 44.86417], [5.24489, 44.86437], [5.2449, 44.86482], [5.24614, 44.86412], [5.24678, 44.8641], [5.24677, 44.86388], [5.24773, 44.86431], [5.24772, 44.86386], [5.24835, 44.86385], [5.24837, 44.8643], [5.24874, 44.86442], [5.24914, 44.86409], [5.24988, 44.86405], [5.24993, 44.86381], [5.24961, 44.86382], [5.24956, 44.86247], [5.25018, 44.86223], [5.25015, 44.86133], [5.25203, 44.86084], [5.25204, 44.86107], [5.25228, 44.86079], [5.25202, 44.86062], [5.25233, 44.86061], [5.25232, 44.86016], [5.25263, 44.86016], [5.25258, 44.85881], [5.25289, 44.8588], [5.25287, 44.85812], [5.25302, 44.85816], [5.25327, 44.85789], [5.25313, 44.85677], [5.25345, 44.85676], [5.25343, 44.85631], [5.25366, 44.85631], [5.25373, 44.85586], [5.25275, 44.8552], [5.25085, 44.85523], [5.25087, 44.85569], [5.25055, 44.85569], [5.25053, 44.85508], [5.24995, 44.85472], [5.24987, 44.85436], [5.24956, 44.8542], [5.24952, 44.85369], [5.24896, 44.85362], [5.24887, 44.85325], [5.2476, 44.85225], [5.24755, 44.85193], [5.24724, 44.85177], [5.24722, 44.85148], [5.24689, 44.85127], [5.24721, 44.85126], [5.246, 44.85054], [5.2459, 44.85016], [5.2446, 44.84929], [5.24492, 44.84928], [5.24429, 44.84892], [5.24425, 44.8484], [5.24426, 44.84862], [5.24393, 44.8484], [5.24425, 44.84839], [5.2436, 44.848], [5.24361, 44.84818], [5.24328, 44.84796], [5.24352, 44.84796], [5.24302, 44.84765], [5.2426, 44.84685], [5.24195, 44.84647], [5.24196, 44.84664], [5.24165, 44.84664], [5.24163, 44.84619], [5.24131, 44.8462], [5.24092, 44.84441], [5.24061, 44.84423], [5.24057, 44.84351], [5.24025, 44.84352], [5.24019, 44.84194], [5.23988, 44.84195], [5.23978, 44.84128], [5.23953, 44.84128], [5.23951, 44.84083], [5.23964, 44.84083], [5.2395, 44.84038], [5.23892, 44.84008], [5.23884, 44.83972], [5.23852, 44.83973], [5.23848, 44.83883], [5.23816, 44.83863], [5.23814, 44.83808], [5.23783, 44.83816], [5.23745, 44.83659], [5.23647, 44.83594], [5.23645, 44.83549], [5.23515, 44.83461], [5.23547, 44.83461], [5.23514, 44.83439], [5.23463, 44.83435], [5.23418, 44.83402], [5.23419, 44.83418], [5.23354, 44.83375], [5.23321, 44.83353], [5.23353, 44.83352], [5.23353, 44.83355], [5.23389, 44.83292], [5.23409, 44.83281], [5.23381, 44.83262], [5.23412, 44.83261], [5.23413, 44.83278], [5.23444, 44.8326], [5.23481, 44.83132], [5.2347, 44.83125], [5.23516, 44.83126], [5.23534, 44.83146], [5.23756, 44.83141], [5.24011, 44.8294], [5.24064, 44.82932], [5.24156, 44.82863], [5.24123, 44.82841], [5.24155, 44.82841], [5.24153, 44.82796], [5.24121, 44.82776], [5.24119, 44.82729], [5.24087, 44.82729], [5.24086, 44.82684], [5.24117, 44.82684], [5.24116, 44.82661], [5.24084, 44.82636], [5.24144, 44.82571], [5.24153, 44.82533], [5.24142, 44.82526], [5.24166, 44.82525], [5.24205, 44.82502], [5.24214, 44.82464], [5.24203, 44.82457], [5.24226, 44.82456], [5.24265, 44.82433], [5.24233, 44.82411], [5.24264, 44.82411], [5.24261, 44.82321], [5.24228, 44.82299], [5.2426, 44.82298], [5.24255, 44.82163], [5.24252, 44.82096], [5.24219, 44.82074], [5.24251, 44.82073], [5.2425, 44.82048], [5.24311, 44.82004], [5.2431, 44.81959], [5.24277, 44.81937], [5.24309, 44.81937], [5.24304, 44.81824], [5.24273, 44.81825], [5.2427, 44.81757], [5.24238, 44.81737], [5.24238, 44.81758], [5.24173, 44.81714], [5.24201, 44.81714], [5.24142, 44.81676], [5.24134, 44.81517], [5.24138, 44.81625], [5.24107, 44.81626], [5.24098, 44.81401], [5.24034, 44.81402], [5.23962, 44.81331], [5.23936, 44.81314], [5.23904, 44.81314], [5.23899, 44.81156], [5.23867, 44.8118], [5.23854, 44.80843], [5.23814, 44.80821], [5.2379, 44.80821], [5.23788, 44.80776], [5.23756, 44.80777], [5.23754, 44.8071], [5.23785, 44.80709], [5.23726, 44.80677], [5.23719, 44.80621], [5.23719, 44.80643], [5.23688, 44.80643], [5.23685, 44.80553], [5.23653, 44.80554], [5.23683, 44.80508], [5.2368, 44.80441], [5.23648, 44.80441], [5.23637, 44.80368], [5.23613, 44.80352], [5.23632, 44.80352], [5.2361, 44.80285], [5.23545, 44.80241], [5.23564, 44.80241], [5.23545, 44.80222], [5.23561, 44.80209], [5.23481, 44.8022], [5.2348, 44.80197], [5.23574, 44.80173], [5.23598, 44.79947], [5.23591, 44.7979], [5.23745, 44.79696], [5.23743, 44.79651], [5.23775, 44.79651], [5.23797, 44.79459], [5.23767, 44.79448], [5.23764, 44.79381], [5.23763, 44.79358], [5.23732, 44.79359], [5.23696, 44.79247], [5.23502, 44.79161], [5.23444, 44.79064], [5.2337, 44.79006], [5.23244, 44.79031], [5.23212, 44.79009], [5.23209, 44.78941], [5.23062, 44.7894], [5.2305, 44.78917], [5.23051, 44.78945], [5.2302, 44.78945], [5.23017, 44.78878], [5.22899, 44.78808], [5.22886, 44.78768], [5.22835, 44.78764], [5.22692, 44.78659], [5.22724, 44.78659], [5.22659, 44.78599], [5.22655, 44.78525], [5.22591, 44.78512], [5.22592, 44.78526], [5.22561, 44.78506], [5.22496, 44.78506], [5.22495, 44.78483], [5.22521, 44.78483], [5.22494, 44.78461], [5.22431, 44.78448], [5.22431, 44.78462], [5.224, 44.78463], [5.22398, 44.78422], [5.22366, 44.78418], [5.22365, 44.78396], [5.22294, 44.78381], [5.22302, 44.78397], [5.22239, 44.78398], [5.22042, 44.78245], [5.21918, 44.7827], [5.21856, 44.78316], [5.21826, 44.78339], [5.21805, 44.78383], [5.21759, 44.78384], [5.21765, 44.78408], [5.21639, 44.7841], [5.21638, 44.78387], [5.21543, 44.78389], [5.21544, 44.78412], [5.21414, 44.78325], [5.21382, 44.78325], [5.21348, 44.78258], [5.21317, 44.78259], [5.21318, 44.78304], [5.21129, 44.78308], [5.21158, 44.7824], [5.21189, 44.78239], [5.21161, 44.7815], [5.21127, 44.78173], [5.20997, 44.78162], [5.20997, 44.78175], [5.20966, 44.78176], [5.20964, 44.7814], [5.20937, 44.78121], [5.20914, 44.78075], [5.20866, 44.78043], [5.20897, 44.78042], [5.20832, 44.77999], [5.20801, 44.77999], [5.20799, 44.77954], [5.20809, 44.77954], [5.20787, 44.77932], [5.20735, 44.77933], [5.20737, 44.77978], [5.20705, 44.77979], [5.20663, 44.77909], [5.20595, 44.77909], [5.20577, 44.77936], [5.20608, 44.77935], [5.2061, 44.7798], [5.20547, 44.77982], [5.20518, 44.77908], [5.20391, 44.77907], [5.20385, 44.7788], [5.20391, 44.7803], [5.20359, 44.7803], [5.20363, 44.7812], [5.20331, 44.78121], [5.20351, 44.77828], [5.20373, 44.77828], [5.20349, 44.77783], [5.20362, 44.77783], [5.20347, 44.77716], [5.20349, 44.7776], [5.20317, 44.77761], [5.20314, 44.77694], [5.20283, 44.77694], [5.20278, 44.77582], [5.20247, 44.77582], [5.20245, 44.7751], [5.20213, 44.77516], [5.20206, 44.77358], [5.20269, 44.77334], [5.20266, 44.77358], [5.20396, 44.77354], [5.20393, 44.77287], [5.2049, 44.7733], [5.20487, 44.77262], [5.20519, 44.77262], [5.20517, 44.77217], [5.20549, 44.77216], [5.20547, 44.77171], [5.2064, 44.77124], [5.20638, 44.77079], [5.2067, 44.77078], [5.20665, 44.76966], [5.20634, 44.76967], [5.20596, 44.7681], [5.20628, 44.76832], [5.20624, 44.76719], [5.20559, 44.76676], [5.20496, 44.76677], [5.20428, 44.76611], [5.20398, 44.76611], [5.204, 44.76531], [5.20423, 44.76518], [5.20394, 44.76499], [5.20426, 44.76498], [5.20426, 44.76516], [5.20457, 44.76497], [5.20459, 44.76465], [5.20486, 44.76451], [5.20455, 44.7643], [5.20486, 44.76429], [5.20478, 44.76227], [5.20447, 44.76227], [5.20442, 44.76115], [5.20411, 44.76116], [5.20374, 44.75981], [5.20309, 44.75937], [5.20304, 44.75825], [5.20336, 44.75825], [5.20393, 44.75753], [5.20364, 44.75734], [5.20396, 44.75733], [5.20392, 44.75643], [5.2036, 44.75621], [5.20296, 44.75622], [5.20296, 44.756], [5.20231, 44.75556], [5.20199, 44.75557], [5.20197, 44.75512], [5.20165, 44.7549], [5.20102, 44.75491], [5.20091, 44.75469], [5.20038, 44.7547], [5.20036, 44.75428], [5.20004, 44.75426], [5.20003, 44.75403], [5.19846, 44.75406], [5.19845, 44.75384], [5.19875, 44.75383], [5.19799, 44.75382], [5.19781, 44.75363], [5.1967, 44.75362], [5.19654, 44.75351], [5.19654, 44.75365], [5.19622, 44.75343], [5.19642, 44.75343], [5.19625, 44.75331], [5.1962, 44.75299], [5.19621, 44.75321], [5.19556, 44.75277], [5.19525, 44.75278], [5.19523, 44.75233], [5.1949, 44.75211], [5.19427, 44.75212], [5.19421, 44.7519], [5.19332, 44.75191], [5.19332, 44.75214], [5.19274, 44.75215], [5.19229, 44.75238], [5.1924, 44.75261], [5.19176, 44.75262], [5.1905, 44.75264], [5.19051, 44.75287], [5.18895, 44.75335], [5.18867, 44.75426], [5.18835, 44.75426], [5.18837, 44.75471], [5.18805, 44.75472], [5.18806, 44.75494], [5.18796, 44.75487], [5.18775, 44.75503], [5.18776, 44.7554], [5.18713, 44.75541], [5.1873, 44.75516], [5.18672, 44.75519], [5.18644, 44.75498], [5.18585, 44.75499], [5.18621, 44.75611], [5.18495, 44.75613], [5.18497, 44.75658], [5.18339, 44.75661], [5.18373, 44.75728], [5.18216, 44.75754], [5.18215, 44.75731], [5.1812, 44.75733], [5.18059, 44.75779], [5.18061, 44.75847], [5.17999, 44.75871], [5.18026, 44.75757], [5.18058, 44.75757], [5.18023, 44.75668], [5.17926, 44.75602], [5.17926, 44.75624], [5.17894, 44.75602], [5.17925, 44.75602], [5.17879, 44.756], [5.17849, 44.75581], [5.17767, 44.75582], [5.17765, 44.75537], [5.1767, 44.75539], [5.17641, 44.75585], [5.17673, 44.75607], [5.17579, 44.75631], [5.17543, 44.75519], [5.17637, 44.75495], [5.17604, 44.75451], [5.17628, 44.75432], [5.17602, 44.75414], [5.17603, 44.75428], [5.17571, 44.75429], [5.17537, 44.75362], [5.17571, 44.75373], [5.17569, 44.75361], [5.17505, 44.75361], [5.17442, 44.75364], [5.17409, 44.75319], [5.17346, 44.7532], [5.17344, 44.75275], [5.17313, 44.75276], [5.17283, 44.75322], [5.17314, 44.75321], [5.17316, 44.75366], [5.17221, 44.75368], [5.1725, 44.753], [5.17093, 44.75325], [5.17127, 44.75392], [5.17065, 44.75416], [5.17063, 44.75349], [5.16968, 44.7535], [5.16903, 44.75307], [5.17092, 44.75303], [5.17154, 44.75257], [5.17218, 44.75278], [5.17178, 44.75166], [5.17119, 44.75167], [5.17118, 44.75157], [5.1709, 44.75168], [5.16819, 44.75173], [5.16804, 44.75196], [5.16836, 44.75218], [5.16742, 44.7522], [5.16707, 44.75153], [5.16737, 44.75152], [5.16676, 44.75153], [5.16613, 44.75155], [5.16612, 44.75132], [5.16643, 44.75132], [5.16597, 44.7513], [5.16579, 44.7511], [5.16436, 44.75109], [5.16421, 44.75089], [5.16451, 44.75068], [5.1645, 44.74994], [5.1648, 44.74977], [5.16476, 44.74966], [5.16384, 44.74957], [5.16413, 44.74888], [5.16348, 44.74845], [5.16346, 44.748], [5.16378, 44.74799], [5.16376, 44.74754], [5.16281, 44.74733], [5.16305, 44.74553], [5.1624, 44.74509], [5.16177, 44.7451], [5.16144, 44.74466], [5.16112, 44.74466], [5.16116, 44.74556], [5.16148, 44.74578], [5.16085, 44.7458], [5.16083, 44.74535], [5.15988, 44.74514], [5.15986, 44.74469], [5.15921, 44.74425], [5.15636, 44.74408], [5.15606, 44.74454], [5.15764, 44.74451], [5.15829, 44.74495], [5.15544, 44.74478], [5.15545, 44.745], [5.15704, 44.74519], [5.15769, 44.74563], [5.15452, 44.74547], [5.15453, 44.74569], [5.1539, 44.74571], [5.15391, 44.74593], [5.15643, 44.74588], [5.15644, 44.74611], [5.15455, 44.74614], [5.15424, 44.74638], [5.15423, 44.74615], [5.15297, 44.74617], [5.15298, 44.74662], [5.15551, 44.74658], [5.15552, 44.7468], [5.15236, 44.74686], [5.1527, 44.74753], [5.15143, 44.74733], [5.15113, 44.74779], [5.15208, 44.74777], [5.15209, 44.74799], [5.15083, 44.74802], [5.15053, 44.74847], [5.15085, 44.74869], [5.14959, 44.74872], [5.14987, 44.74781], [5.15112, 44.74734], [5.1514, 44.74643], [5.15233, 44.74596], [5.15231, 44.74551], [5.15292, 44.74505], [5.15356, 44.74504], [5.15447, 44.74412], [5.1551, 44.74411], [5.15508, 44.74366], [5.15632, 44.74296], [5.15629, 44.74228], [5.15641, 44.74236], [5.15596, 44.74184], [5.15564, 44.74184], [5.15535, 44.7423]], [[5.15015, 44.7469], [5.14983, 44.74669], [5.15014, 44.74668], [5.15015, 44.7469]], [[5.15912, 44.75821], [5.16069, 44.75796], [5.16007, 44.75842], [5.16009, 44.75887], [5.15977, 44.75888], [5.15976, 44.75843], [5.15912, 44.75844], [5.15912, 44.75821]], [[5.16068, 44.75773], [5.16162, 44.75771], [5.16163, 44.75794], [5.16069, 44.75796], [5.16068, 44.75773]], [[5.16162, 44.75749], [5.1632, 44.75746], [5.1632, 44.75768], [5.16162, 44.75771], [5.16162, 44.75749]], [[5.16098, 44.7575], [5.16094, 44.75638], [5.16126, 44.75637], [5.16162, 44.75749], [5.16098, 44.7575]], [[5.16342, 44.76331], [5.16405, 44.7633], [5.16406, 44.76352], [5.16343, 44.76353], [5.16342, 44.76331]], [[5.16449, 44.76644], [5.1645, 44.76666], [5.16417, 44.76645], [5.16449, 44.76644]], [[5.16513, 44.76665], [5.16514, 44.76688], [5.16672, 44.76685], [5.16673, 44.76707], [5.16894, 44.76703], [5.16894, 44.76725], [5.16989, 44.76723], [5.1699, 44.76746], [5.1718, 44.76742], [5.17179, 44.7672], [5.17273, 44.76718], [5.17273, 44.76695], [5.17618, 44.76644], [5.17648, 44.76598], [5.17744, 44.76619], [5.17743, 44.76596], [5.17806, 44.76595], [5.17776, 44.7664], [5.17462, 44.76692], [5.17463, 44.76714], [5.174, 44.76715], [5.17402, 44.7676], [5.17275, 44.76763], [5.17214, 44.76809], [5.17088, 44.76834], [5.17091, 44.76902], [5.17156, 44.76945], [5.17158, 44.77013], [5.1719, 44.77012], [5.17194, 44.77102], [5.1713, 44.77103], [5.17063, 44.76992], [5.17126, 44.76991], [5.17125, 44.76968], [5.1703, 44.76948], [5.17027, 44.7688], [5.16929, 44.76792], [5.16802, 44.76795], [5.16769, 44.7675], [5.1661, 44.76731], [5.16609, 44.76708], [5.16483, 44.76711], [5.1645, 44.76666], [5.16513, 44.76665]], [[5.17929, 44.76502], [5.18058, 44.76567], [5.18153, 44.76566], [5.18153, 44.76588], [5.18028, 44.76613], [5.18035, 44.76793], [5.18003, 44.76794], [5.17996, 44.76591], [5.17868, 44.76571], [5.17869, 44.76594], [5.17806, 44.76595], [5.17929, 44.76502]], [[5.17225, 44.77102], [5.17227, 44.77147], [5.17195, 44.77147], [5.17194, 44.77102], [5.17225, 44.77102]], [[5.17258, 44.77146], [5.17259, 44.77169], [5.17227, 44.77147], [5.17258, 44.77146]], [[5.17291, 44.77168], [5.17292, 44.7719], [5.17259, 44.77169], [5.17291, 44.77168]], [[5.17323, 44.7719], [5.17324, 44.77212], [5.17292, 44.7719], [5.17323, 44.7719]], [[5.17356, 44.77212], [5.17357, 44.77234], [5.17388, 44.77234], [5.17389, 44.77256], [5.17421, 44.77255], [5.17422, 44.77278], [5.17453, 44.77277], [5.17454, 44.773], [5.17486, 44.77299], [5.17486, 44.77322], [5.17803, 44.77338], [5.17804, 44.7736], [5.17678, 44.77363], [5.17677, 44.7734], [5.17456, 44.77345], [5.17326, 44.77257], [5.17324, 44.77212], [5.17356, 44.77212]], [[5.14112, 44.76689], [5.14113, 44.76712], [5.1408, 44.7669], [5.14112, 44.76689]], [[5.14144, 44.76711], [5.14145, 44.76734], [5.14113, 44.76712], [5.14144, 44.76711]], [[5.14177, 44.76733], [5.14177, 44.76756], [5.14145, 44.76734], [5.14177, 44.76733]], [[5.14209, 44.76755], [5.1421, 44.76778], [5.14177, 44.76756], [5.14209, 44.76755]], [[5.1434, 44.76865], [5.14371, 44.76864], [5.14372, 44.76887], [5.1434, 44.76865]], [[5.14307, 44.76843], [5.14339, 44.76843], [5.1434, 44.76865], [5.14307, 44.76843]], [[5.14275, 44.76821], [5.14306, 44.76821], [5.14307, 44.76843], [5.14275, 44.76821]], [[5.14242, 44.76799], [5.14274, 44.76799], [5.14275, 44.76821], [5.14242, 44.76799]], [[5.1525, 44.7669], [5.15281, 44.76689], [5.15282, 44.76712], [5.1525, 44.7669]], [[5.15186, 44.76691], [5.15153, 44.76647], [5.15216, 44.76645], [5.15249, 44.76667], [5.1525, 44.7669], [5.15186, 44.76691]], [[5.1509, 44.76648], [5.15089, 44.76625], [5.15152, 44.76624], [5.15153, 44.76647], [5.1509, 44.76648]], [[5.15026, 44.76627], [5.15025, 44.76604], [5.15088, 44.76603], [5.15089, 44.76625], [5.15026, 44.76627]], [[5.14836, 44.76608], [5.14834, 44.76563], [5.15024, 44.76582], [5.15025, 44.76604], [5.14836, 44.76608]], [[5.14837, 44.76653], [5.14806, 44.76653], [5.14804, 44.76608], [5.14836, 44.76608], [5.14837, 44.76653]], [[5.1547, 44.76663], [5.15628, 44.7666], [5.15627, 44.76637], [5.15562, 44.76594], [5.15467, 44.76596], [5.15532, 44.76639], [5.15374, 44.76642], [5.15341, 44.76598], [5.15404, 44.76597], [5.15403, 44.76574], [5.15244, 44.76555], [5.15243, 44.7651], [5.15179, 44.76489], [5.15207, 44.76398], [5.15301, 44.76374], [5.15302, 44.76396], [5.15459, 44.76393], [5.15524, 44.76437], [5.15873, 44.76453], [5.16066, 44.76561], [5.16102, 44.76673], [5.16134, 44.76673], [5.16138, 44.76785], [5.163, 44.76895], [5.16364, 44.76893], [5.16429, 44.7696], [5.16556, 44.76957], [5.16557, 44.77002], [5.16372, 44.77118], [5.16407, 44.77208], [5.16376, 44.77208], [5.16342, 44.77141], [5.16278, 44.77143], [5.16276, 44.77075], [5.16213, 44.77076], [5.16179, 44.77032], [5.15895, 44.77038], [5.15861, 44.76971], [5.15829, 44.76971], [5.15827, 44.76904], [5.15858, 44.76903], [5.15925, 44.76992], [5.16084, 44.77011], [5.16019, 44.76968], [5.16016, 44.769], [5.15921, 44.76902], [5.15888, 44.76858], [5.15826, 44.76881], [5.15823, 44.76814], [5.1576, 44.76815], [5.15759, 44.76793], [5.15949, 44.76789], [5.15982, 44.76833], [5.16077, 44.76831], [5.16103, 44.76696], [5.16072, 44.76696], [5.16036, 44.76584], [5.15972, 44.76563], [5.15942, 44.76609], [5.16038, 44.76652], [5.16043, 44.76764], [5.15915, 44.76744], [5.15915, 44.76722], [5.15852, 44.76746], [5.15851, 44.76723], [5.15788, 44.76724], [5.15789, 44.76747], [5.15694, 44.76749], [5.15695, 44.76771], [5.15569, 44.76774], [5.15535, 44.76707], [5.15565, 44.76684], [5.15471, 44.76686], [5.1547, 44.76663]], [[5.15143, 44.76377], [5.15051, 44.76446], [5.15084, 44.7649], [5.14988, 44.7647], [5.15022, 44.76537], [5.14801, 44.76518], [5.14801, 44.76541], [5.14738, 44.76542], [5.14741, 44.7661], [5.14649, 44.76679], [5.1465, 44.76724], [5.14556, 44.76748], [5.14527, 44.76816], [5.14463, 44.76795], [5.14464, 44.76818], [5.14401, 44.76819], [5.14367, 44.76752], [5.14398, 44.76729], [5.14335, 44.7673], [5.14298, 44.76596], [5.14456, 44.76593], [5.14579, 44.76523], [5.14578, 44.76478], [5.14546, 44.76478], [5.14486, 44.76547], [5.14391, 44.76549], [5.14452, 44.76503], [5.14389, 44.76504], [5.14388, 44.76481], [5.14515, 44.76479], [5.1445, 44.76435], [5.14387, 44.76436], [5.14384, 44.76369], [5.14446, 44.76345], [5.14442, 44.76233], [5.14538, 44.76253], [5.14538, 44.76276], [5.14633, 44.76274], [5.14631, 44.76229], [5.14441, 44.7621], [5.14471, 44.76165], [5.14566, 44.76163], [5.14567, 44.76185], [5.14661, 44.76183], [5.14662, 44.76206], [5.14757, 44.76204], [5.14886, 44.76269], [5.15012, 44.76267], [5.15077, 44.7631], [5.15204, 44.7633], [5.15207, 44.76398], [5.15143, 44.76377]], [[5.14439, 44.76143], [5.1447, 44.76142], [5.14471, 44.76165], [5.14439, 44.76143]], [[5.1567, 44.76929], [5.15671, 44.76952], [5.15638, 44.7693], [5.1567, 44.76929]], [[5.15702, 44.76951], [5.15703, 44.76974], [5.15735, 44.76973], [5.15736, 44.77018], [5.15705, 44.77019], [5.15671, 44.76952], [5.15702, 44.76951]], [[5.15768, 44.77018], [5.15769, 44.7704], [5.15736, 44.77018], [5.15768, 44.77018]], [[5.158, 44.77039], [5.15801, 44.77062], [5.15769, 44.7704], [5.158, 44.77039]], [[5.15833, 44.77061], [5.15834, 44.77084], [5.15801, 44.77062], [5.15833, 44.77061]], [[5.15865, 44.77083], [5.15866, 44.77106], [5.15834, 44.77084], [5.15865, 44.77083]], [[5.15898, 44.77105], [5.15899, 44.77128], [5.15866, 44.77106], [5.15898, 44.77105]], [[5.15992, 44.77103], [5.15993, 44.77126], [5.1612, 44.77146], [5.16151, 44.77123], [5.16122, 44.77191], [5.16059, 44.77192], [5.16026, 44.77148], [5.15899, 44.7715], [5.15899, 44.77128], [5.15992, 44.77103]], [[5.16217, 44.77189], [5.16218, 44.77211], [5.16281, 44.7721], [5.16282, 44.77233], [5.16156, 44.77235], [5.16122, 44.77191], [5.16217, 44.77189]], [[5.16313, 44.77232], [5.16315, 44.77277], [5.16284, 44.77278], [5.16282, 44.77233], [5.16313, 44.77232]], [[5.16347, 44.77276], [5.16348, 44.77299], [5.16315, 44.77277], [5.16347, 44.77276]], [[5.16379, 44.77298], [5.1638, 44.77321], [5.16348, 44.77299], [5.16379, 44.77298]], [[5.16412, 44.7732], [5.16413, 44.77343], [5.1638, 44.77321], [5.16412, 44.7732]], [[5.16444, 44.77342], [5.16445, 44.77365], [5.16413, 44.77343], [5.16444, 44.77342]], [[5.16477, 44.77364], [5.16477, 44.77386], [5.16445, 44.77365], [5.16477, 44.77364]], [[5.16572, 44.77385], [5.16573, 44.77407], [5.16478, 44.77409], [5.16477, 44.77386], [5.16572, 44.77385]], [[5.16699, 44.77405], [5.167, 44.77427], [5.16574, 44.7743], [5.16573, 44.77407], [5.16699, 44.77405]], [[5.16732, 44.77427], [5.16733, 44.77449], [5.167, 44.77427], [5.16732, 44.77427]], [[5.16796, 44.77448], [5.16828, 44.77447], [5.16828, 44.7747], [5.16796, 44.77448]], [[5.16834, 44.77627], [5.16835, 44.7765], [5.16803, 44.77628], [5.16834, 44.77627]], [[5.14774, 44.77487], [5.14838, 44.77486], [5.14838, 44.77508], [5.14775, 44.7751], [5.14774, 44.77487]], [[5.18205, 44.8037], [5.18206, 44.80392], [5.18111, 44.80394], [5.18111, 44.80372], [5.18016, 44.80374], [5.17982, 44.80329], [5.18205, 44.8037]], [[5.18301, 44.8039], [5.18302, 44.80413], [5.18365, 44.80412], [5.18366, 44.80434], [5.18271, 44.80436], [5.18206, 44.80392], [5.18301, 44.8039]], [[5.18398, 44.80434], [5.18398, 44.80456], [5.18366, 44.80434], [5.18398, 44.80434]], [[5.1843, 44.80455], [5.18431, 44.80478], [5.18398, 44.80456], [5.1843, 44.80455]], [[5.18463, 44.80477], [5.18464, 44.80522], [5.18433, 44.80523], [5.18431, 44.80478], [5.18463, 44.80477]], [[5.18496, 44.80522], [5.18498, 44.80567], [5.18466, 44.80567], [5.18464, 44.80522], [5.18496, 44.80522]], [[5.18529, 44.80566], [5.1853, 44.80589], [5.18498, 44.80567], [5.18529, 44.80566]], [[5.17675, 44.8056], [5.17711, 44.80672], [5.17617, 44.80697], [5.17588, 44.80765], [5.17812, 44.80828], [5.17847, 44.80917], [5.17911, 44.80938], [5.17914, 44.81006], [5.18043, 44.81071], [5.1808, 44.81205], [5.18048, 44.81206], [5.18013, 44.81117], [5.17884, 44.81052], [5.17782, 44.80873], [5.17717, 44.8083], [5.17558, 44.8081], [5.17554, 44.80698], [5.17646, 44.80628], [5.1761, 44.80517], [5.17675, 44.8056]], [[5.18143, 44.81204], [5.18209, 44.8127], [5.18272, 44.81269], [5.18273, 44.81292], [5.18178, 44.81294], [5.1808, 44.81205], [5.18143, 44.81204]], [[5.18304, 44.81291], [5.18305, 44.81314], [5.18273, 44.81292], [5.18304, 44.81291]], [[5.18337, 44.81313], [5.18338, 44.81335], [5.18305, 44.81314], [5.18337, 44.81313]], [[5.18369, 44.81335], [5.1837, 44.81357], [5.18338, 44.81335], [5.18369, 44.81335]], [[5.18465, 44.81355], [5.18531, 44.81422], [5.18658, 44.81442], [5.18692, 44.81509], [5.18596, 44.81465], [5.18533, 44.81467], [5.18467, 44.814], [5.18404, 44.81402], [5.1837, 44.81357], [5.18465, 44.81355]], [[5.18724, 44.81508], [5.18725, 44.8153], [5.18692, 44.81509], [5.18724, 44.81508]], [[5.18757, 44.8153], [5.18757, 44.81552], [5.18725, 44.8153], [5.18757, 44.8153]], [[5.18789, 44.81552], [5.1879, 44.81574], [5.18757, 44.81552], [5.18789, 44.81552]], [[5.18853, 44.81573], [5.18918, 44.81617], [5.18894, 44.81797], [5.18862, 44.81798], [5.18827, 44.81709], [5.18889, 44.81685], [5.18887, 44.8164], [5.1879, 44.81574], [5.18853, 44.81573]], [[5.18957, 44.81796], [5.18989, 44.81818], [5.18991, 44.81863], [5.18894, 44.81797], [5.18957, 44.81796]], [[5.19023, 44.81862], [5.19023, 44.81885], [5.19055, 44.81884], [5.19056, 44.81907], [5.19088, 44.81906], [5.19089, 44.81951], [5.19121, 44.8195], [5.19124, 44.82018], [5.19092, 44.82019], [5.18991, 44.81863], [5.19023, 44.81862]], [[5.19155, 44.82017], [5.19156, 44.8204], [5.19124, 44.82018], [5.19155, 44.82017]], [[5.19219, 44.82039], [5.1922, 44.82061], [5.19315, 44.82059], [5.19317, 44.82104], [5.19381, 44.82125], [5.19383, 44.8217], [5.19156, 44.8204], [5.19219, 44.82039]], [[5.19414, 44.8217], [5.19415, 44.82192], [5.19383, 44.8217], [5.19414, 44.8217]], [[5.19447, 44.82192], [5.19448, 44.82214], [5.19542, 44.82212], [5.19543, 44.82235], [5.19417, 44.82237], [5.19415, 44.82192], [5.19447, 44.82192]], [[5.19575, 44.82234], [5.19576, 44.82257], [5.19543, 44.82235], [5.19575, 44.82234]], [[5.19607, 44.82256], [5.19608, 44.82279], [5.19576, 44.82257], [5.19607, 44.82256]], [[5.1964, 44.82278], [5.19642, 44.82323], [5.1961, 44.82324], [5.19608, 44.82279], [5.1964, 44.82278]], [[5.15075, 44.78742], [5.15109, 44.78787], [5.15077, 44.78787], [5.15079, 44.78832], [5.14954, 44.7888], [5.14952, 44.78835], [5.15046, 44.7881], [5.15044, 44.78743], [5.15075, 44.78742]], [[5.15142, 44.78831], [5.15143, 44.78853], [5.1508, 44.78855], [5.15079, 44.78832], [5.15142, 44.78831]], [[5.14955, 44.78902], [5.14922, 44.7888], [5.14954, 44.7888], [5.14955, 44.78902]], [[5.14735, 44.78929], [5.14702, 44.78907], [5.14734, 44.78906], [5.14735, 44.78929]], [[5.15047, 44.8131], [5.15048, 44.81332], [5.15015, 44.8131], [5.15047, 44.8131]], [[5.14345, 44.78666], [5.14346, 44.78689], [5.14314, 44.78667], [5.14345, 44.78666]], [[5.14293, 44.7896], [5.14294, 44.78983], [5.14261, 44.78961], [5.14293, 44.7896]], [[5.12647, 44.79757], [5.12679, 44.79757], [5.1268, 44.79779], [5.12647, 44.79757]], [[5.11368, 44.8021], [5.11336, 44.8021], [5.11335, 44.80165], [5.11366, 44.80165], [5.11368, 44.8021]], [[5.11267, 44.80054], [5.11204, 44.80055], [5.11205, 44.80078], [5.11268, 44.80076], [5.11272, 44.80189], [5.11211, 44.80235], [5.11148, 44.80236], [5.11107, 44.80012], [5.11139, 44.80011], [5.11137, 44.79966], [5.11169, 44.79966], [5.11202, 44.8001], [5.11265, 44.80009], [5.11267, 44.80054]], [[5.11074, 44.79967], [5.11103, 44.79899], [5.11167, 44.79921], [5.11137, 44.79966], [5.11074, 44.79967]], [[5.10595, 44.78986], [5.10595, 44.79008], [5.10563, 44.78986], [5.10595, 44.78986]], [[5.10858, 44.80107], [5.10859, 44.80129], [5.10826, 44.80107], [5.10858, 44.80107]], [[5.14437, 44.85217], [5.14469, 44.85216], [5.1447, 44.85261], [5.14439, 44.85262], [5.14437, 44.85217]], [[5.14502, 44.85261], [5.14504, 44.85306], [5.14535, 44.85305], [5.14537, 44.8535], [5.14505, 44.85351], [5.1447, 44.85261], [5.14502, 44.85261]], [[5.17086, 44.85773], [5.17085, 44.85751], [5.1718, 44.85749], [5.17179, 44.85726], [5.17116, 44.85728], [5.17051, 44.85684], [5.17015, 44.85594], [5.1711, 44.85593], [5.17112, 44.85638], [5.17177, 44.85681], [5.1724, 44.8568], [5.17243, 44.85748], [5.17306, 44.85746], [5.17307, 44.85769], [5.17086, 44.85773]], [[5.17052, 44.85729], [5.17084, 44.85728], [5.17085, 44.85751], [5.17052, 44.85729]], [[5.1702, 44.85707], [5.17051, 44.85706], [5.17052, 44.85729], [5.1702, 44.85707]], [[5.16987, 44.85685], [5.17019, 44.85684], [5.1702, 44.85707], [5.16987, 44.85685]], [[5.17291, 44.85341], [5.17227, 44.85343], [5.17226, 44.8532], [5.1729, 44.85319], [5.17291, 44.85341]], [[5.17228, 44.85365], [5.17196, 44.85343], [5.17227, 44.85343], [5.17228, 44.85365]], [[5.17101, 44.85345], [5.17099, 44.853], [5.17131, 44.853], [5.17132, 44.85322], [5.17195, 44.85321], [5.17196, 44.85343], [5.17101, 44.85345]], [[5.17067, 44.85278], [5.17098, 44.85278], [5.17099, 44.853], [5.17067, 44.85278]], [[5.14952, 44.82122], [5.14917, 44.82055], [5.14979, 44.82009], [5.14977, 44.81964], [5.15009, 44.81963], [5.15015, 44.82121], [5.14952, 44.82122]], [[5.14945, 44.81965], [5.14944, 44.8192], [5.14975, 44.81919], [5.14977, 44.81964], [5.14945, 44.81965]], [[5.16836, 44.83414], [5.16871, 44.83503], [5.16808, 44.83504], [5.16805, 44.83414], [5.16836, 44.83414]], [[5.18663, 44.88062], [5.18694, 44.88061], [5.18695, 44.88083], [5.18663, 44.88062]], [[5.19717, 44.88288], [5.19813, 44.88309], [5.19813, 44.88332], [5.19719, 44.88333], [5.19717, 44.88288]], [[5.21134, 44.88891], [5.21166, 44.8889], [5.21167, 44.88913], [5.21134, 44.88891]], [[5.23355, 44.8977], [5.23386, 44.89769], [5.23387, 44.89791], [5.23355, 44.8977]], [[5.24591, 44.85038], [5.24558, 44.85017], [5.2459, 44.85016], [5.24591, 44.85038]], [[5.24261, 44.84707], [5.24229, 44.84686], [5.2426, 44.84685], [5.24261, 44.84707]], [[5.24255, 44.82186], [5.24223, 44.82164], [5.24255, 44.82163], [5.24255, 44.82186]], [[5.21949, 44.78269], [5.2195, 44.78291], [5.21918, 44.7827], [5.21949, 44.78269]], [[5.21888, 44.78315], [5.21889, 44.78338], [5.21856, 44.78316], [5.21888, 44.78315]], [[5.21857, 44.78338], [5.21858, 44.78361], [5.21826, 44.78339], [5.21857, 44.78338]], [[5.21029, 44.78175], [5.21031, 44.7822], [5.20999, 44.7822], [5.20997, 44.78175], [5.21029, 44.78175]], [[5.19177, 44.75284], [5.19145, 44.75263], [5.19176, 44.75262], [5.19177, 44.75284]], [[5.17572, 44.75451], [5.1754, 44.75429], [5.17571, 44.75429], [5.17572, 44.75451]], [[5.15676, 44.7461], [5.15676, 44.74633], [5.15644, 44.74611], [5.15676, 44.7461]], [[5.22169, 44.89433], [5.22137, 44.89411], [5.22168, 44.89411], [5.22169, 44.89433]], [[5.22201, 44.89432], [5.22202, 44.89455], [5.22169, 44.89433], [5.22201, 44.89432]], [[5.22626, 44.89762], [5.22627, 44.89784], [5.22594, 44.89762], [5.22626, 44.89762]], [[5.22562, 44.8974], [5.22593, 44.8974], [5.22594, 44.89762], [5.22562, 44.8974]], [[5.23596, 44.79925], [5.23597, 44.79947], [5.23564, 44.79925], [5.23596, 44.79925]], [[5.23532, 44.79903], [5.23563, 44.79903], [5.23564, 44.79925], [5.23532, 44.79903]], [[5.22234, 44.89477], [5.22235, 44.89499], [5.22203, 44.89477], [5.22234, 44.89477]], [[5.22895, 44.89351], [5.22895, 44.89373], [5.22863, 44.89352], [5.22895, 44.89351]], [[5.2276, 44.89151], [5.22761, 44.89174], [5.22728, 44.89152], [5.2276, 44.89151]], [[5.22692, 44.8904], [5.22724, 44.89039], [5.22726, 44.89084], [5.22694, 44.89085], [5.22692, 44.8904]], [[5.20157, 44.89023], [5.20159, 44.89068], [5.20127, 44.89068], [5.20126, 44.89023], [5.20157, 44.89023]], [[5.20094, 44.89024], [5.20089, 44.88889], [5.19991, 44.88823], [5.20022, 44.888], [5.20017, 44.88665], [5.2008, 44.88664], [5.20083, 44.88732], [5.20114, 44.88731], [5.20115, 44.88753], [5.20052, 44.88755], [5.20054, 44.88822], [5.20119, 44.88866], [5.20126, 44.89023], [5.20094, 44.89024]], [[5.22689, 44.88972], [5.22721, 44.88972], [5.22723, 44.89017], [5.2266, 44.89018], [5.22689, 44.88972]], [[5.22654, 44.88883], [5.22686, 44.88882], [5.22689, 44.8895], [5.22657, 44.8895], [5.22654, 44.88883]], [[5.20154, 44.88933], [5.20185, 44.88932], [5.20187, 44.88977], [5.20156, 44.88978], [5.20154, 44.88933]], [[5.22684, 44.88837], [5.22685, 44.8886], [5.22652, 44.88838], [5.22684, 44.88837]], [[5.19833, 44.88827], [5.19959, 44.88824], [5.1996, 44.88847], [5.19834, 44.88849], [5.19833, 44.88827]], [[5.21162, 44.888], [5.21163, 44.88823], [5.21131, 44.88801], [5.21162, 44.888]], [[5.2265, 44.8877], [5.22651, 44.88793], [5.22618, 44.88771], [5.2265, 44.8877]], [[5.19863, 44.88781], [5.19864, 44.88803], [5.19831, 44.88782], [5.19863, 44.88781]], [[5.22616, 44.88726], [5.22617, 44.88749], [5.22585, 44.88727], [5.22616, 44.88726]], [[5.22521, 44.88728], [5.22449, 44.88504], [5.22417, 44.88482], [5.22163, 44.88487], [5.22124, 44.88286], [5.2206, 44.88264], [5.22183, 44.88194], [5.22176, 44.88014], [5.22144, 44.87992], [5.22175, 44.87992], [5.22174, 44.87947], [5.22141, 44.87925], [5.22172, 44.87902], [5.22076, 44.87881], [5.22038, 44.87724], [5.22069, 44.87701], [5.21974, 44.87703], [5.21944, 44.87749], [5.2188, 44.87728], [5.21878, 44.87683], [5.21941, 44.87681], [5.22034, 44.87612], [5.22032, 44.87567], [5.22095, 44.87566], [5.22057, 44.87409], [5.22089, 44.87408], [5.22116, 44.87295], [5.21991, 44.8732], [5.21989, 44.87275], [5.22083, 44.87251], [5.22108, 44.87092], [5.2214, 44.87092], [5.221, 44.8689], [5.22132, 44.86889], [5.22128, 44.86799], [5.22064, 44.86778], [5.22039, 44.86936], [5.22007, 44.86937], [5.21973, 44.8687], [5.21909, 44.86871], [5.21938, 44.86803], [5.21844, 44.86805], [5.21843, 44.86783], [5.21906, 44.86781], [5.21903, 44.86714], [5.21808, 44.86716], [5.21807, 44.86671], [5.2187, 44.86669], [5.21868, 44.86624], [5.21932, 44.86646], [5.21902, 44.86691], [5.21935, 44.86713], [5.22029, 44.86689], [5.21992, 44.86554], [5.22024, 44.86554], [5.22019, 44.86441], [5.22051, 44.86441], [5.22041, 44.86193], [5.22009, 44.86194], [5.22006, 44.86104], [5.21974, 44.86104], [5.21971, 44.86014], [5.21906, 44.85993], [5.21935, 44.85925], [5.21967, 44.85924], [5.21925, 44.85655], [5.21861, 44.85634], [5.2183, 44.85657], [5.21895, 44.85701], [5.21864, 44.85724], [5.21869, 44.85859], [5.21775, 44.85861], [5.21773, 44.85816], [5.21837, 44.85837], [5.21835, 44.85792], [5.21804, 44.85793], [5.21801, 44.85725], [5.21769, 44.85726], [5.21766, 44.85636], [5.21734, 44.85636], [5.21764, 44.85591], [5.217, 44.85569], [5.21695, 44.85457], [5.2163, 44.85413], [5.21627, 44.85323], [5.21658, 44.85323], [5.2166, 44.85368], [5.21692, 44.85367], [5.2169, 44.85322], [5.21722, 44.85321], [5.21686, 44.85209], [5.21557, 44.85167], [5.21555, 44.85122], [5.21459, 44.85079], [5.21457, 44.85034], [5.21359, 44.84968], [5.21234, 44.84993], [5.21235, 44.85016], [5.2114, 44.85018], [5.21264, 44.84948], [5.21421, 44.84922], [5.21453, 44.84944], [5.21514, 44.84875], [5.2164, 44.8485], [5.21638, 44.84805], [5.217, 44.84781], [5.21728, 44.84691], [5.21631, 44.84625], [5.21626, 44.84513], [5.21658, 44.84512], [5.21683, 44.84354], [5.21715, 44.84353], [5.21716, 44.84376], [5.21748, 44.84375], [5.21719, 44.84443], [5.2175, 44.84443], [5.21764, 44.84803], [5.21702, 44.84826], [5.21704, 44.84871], [5.21799, 44.84869], [5.21832, 44.84914], [5.21675, 44.84939], [5.21674, 44.84917], [5.21547, 44.84919], [5.21519, 44.84988], [5.21614, 44.85008], [5.21713, 44.85096], [5.21839, 44.85094], [5.2184, 44.85116], [5.21935, 44.85114], [5.21936, 44.85137], [5.22062, 44.85134], [5.22063, 44.85157], [5.22221, 44.85154], [5.22222, 44.85176], [5.22696, 44.85144], [5.22726, 44.85099], [5.22789, 44.85097], [5.22783, 44.8494], [5.22813, 44.84917], [5.2275, 44.84918], [5.22779, 44.8485], [5.22714, 44.84806], [5.22746, 44.84805], [5.22773, 44.84692], [5.22805, 44.84692], [5.22844, 44.84894], [5.22942, 44.84959], [5.22912, 44.85005], [5.23008, 44.85025], [5.23009, 44.85048], [5.23103, 44.85023], [5.23104, 44.85068], [5.23041, 44.8507], [5.23043, 44.85115], [5.23297, 44.85132], [5.23298, 44.85155], [5.23203, 44.85157], [5.23204, 44.85179], [5.23077, 44.85182], [5.23079, 44.85227], [5.23047, 44.85227], [5.22949, 44.85139], [5.22886, 44.8514], [5.22795, 44.85255], [5.22701, 44.85279], [5.22703, 44.85324], [5.22573, 44.85237], [5.22129, 44.85223], [5.22099, 44.85269], [5.22131, 44.85268], [5.22133, 44.85313], [5.22101, 44.85314], [5.22036, 44.8527], [5.22034, 44.85225], [5.21845, 44.85229], [5.21847, 44.85296], [5.21911, 44.85318], [5.21983, 44.85519], [5.22014, 44.85518], [5.2209, 44.85832], [5.22153, 44.85831], [5.22155, 44.85876], [5.22092, 44.85877], [5.22127, 44.85966], [5.22095, 44.85967], [5.22098, 44.86034], [5.2213, 44.86034], [5.22141, 44.86326], [5.22173, 44.86326], [5.22144, 44.86394], [5.22176, 44.86393], [5.22178, 44.86461], [5.22147, 44.86484], [5.22211, 44.86482], [5.22182, 44.86551], [5.22246, 44.86572], [5.22245, 44.86549], [5.22308, 44.86548], [5.22342, 44.86592], [5.22405, 44.86591], [5.22406, 44.86614], [5.22311, 44.86616], [5.22376, 44.86659], [5.22502, 44.86634], [5.22503, 44.86657], [5.22598, 44.86655], [5.22568, 44.867], [5.22442, 44.86726], [5.22444, 44.86771], [5.22412, 44.86771], [5.22347, 44.86727], [5.22345, 44.86682], [5.2222, 44.86707], [5.22185, 44.86641], [5.22121, 44.86619], [5.22124, 44.86687], [5.22188, 44.86708], [5.22191, 44.86776], [5.22222, 44.86775], [5.22227, 44.86887], [5.22258, 44.86887], [5.22261, 44.86954], [5.22293, 44.86954], [5.22296, 44.87044], [5.22425, 44.87086], [5.22426, 44.87109], [5.22236, 44.87112], [5.22244, 44.87315], [5.22213, 44.87338], [5.22276, 44.87337], [5.22277, 44.87359], [5.22215, 44.87383], [5.22217, 44.87451], [5.2231, 44.87381], [5.22312, 44.87449], [5.22344, 44.87448], [5.22379, 44.87537], [5.22316, 44.87539], [5.22314, 44.87494], [5.22251, 44.87495], [5.22253, 44.8754], [5.22348, 44.87561], [5.22544, 44.87692], [5.22514, 44.87737], [5.22546, 44.87759], [5.22609, 44.87735], [5.22581, 44.87826], [5.22549, 44.87827], [5.22547, 44.87782], [5.22388, 44.87762], [5.22385, 44.87695], [5.22259, 44.87697], [5.22257, 44.87652], [5.22321, 44.87674], [5.22287, 44.87607], [5.22159, 44.87587], [5.22167, 44.87767], [5.22231, 44.87788], [5.22233, 44.87833], [5.22296, 44.87832], [5.22298, 44.87899], [5.22396, 44.87965], [5.22367, 44.88033], [5.224, 44.88055], [5.22307, 44.88102], [5.22308, 44.88147], [5.22373, 44.88191], [5.22247, 44.88193], [5.22252, 44.88328], [5.22285, 44.8835], [5.22254, 44.88373], [5.22413, 44.88392], [5.22511, 44.88458], [5.22516, 44.88593], [5.22548, 44.88592], [5.2255, 44.8866], [5.22582, 44.88659], [5.22585, 44.88727], [5.22521, 44.88728]], [[5.21594, 44.85301], [5.21626, 44.85301], [5.21627, 44.85323], [5.21594, 44.85301]], [[5.21141, 44.8504], [5.21046, 44.85042], [5.21045, 44.8502], [5.2114, 44.85018], [5.21141, 44.8504]], [[5.20982, 44.85021], [5.20981, 44.84998], [5.21044, 44.84997], [5.21045, 44.8502], [5.20982, 44.85021]], [[5.20791, 44.85002], [5.20789, 44.84957], [5.20822, 44.84979], [5.2098, 44.84976], [5.20981, 44.84998], [5.20791, 44.85002]], [[5.21677, 44.84984], [5.21613, 44.84986], [5.2158, 44.84941], [5.21675, 44.84939], [5.21677, 44.84984]], [[5.22802, 44.84624], [5.22834, 44.84624], [5.22836, 44.84691], [5.22805, 44.84692], [5.22802, 44.84624]], [[5.23102, 44.85001], [5.23165, 44.85], [5.23166, 44.85022], [5.23103, 44.85023], [5.23102, 44.85001]], [[5.23305, 44.85335], [5.23307, 44.8538], [5.23081, 44.85272], [5.23079, 44.85227], [5.23305, 44.85335]], [[5.23338, 44.85379], [5.23373, 44.85446], [5.23309, 44.85447], [5.23307, 44.8538], [5.23338, 44.85379]], [[5.22164, 44.85312], [5.22199, 44.85379], [5.22135, 44.85381], [5.22133, 44.85313], [5.22164, 44.85312]], [[5.2223, 44.85379], [5.22231, 44.85401], [5.22295, 44.854], [5.22297, 44.85467], [5.22396, 44.85556], [5.22399, 44.85646], [5.22462, 44.85644], [5.22464, 44.85689], [5.22433, 44.8569], [5.22432, 44.85667], [5.22368, 44.85669], [5.22334, 44.85602], [5.22271, 44.85603], [5.22306, 44.85692], [5.22274, 44.85693], [5.22278, 44.85783], [5.22246, 44.85784], [5.22178, 44.8565], [5.22146, 44.85651], [5.22143, 44.85561], [5.22111, 44.85561], [5.22041, 44.85383], [5.22072, 44.85382], [5.22073, 44.85404], [5.22105, 44.85404], [5.22141, 44.85516], [5.22235, 44.85491], [5.2217, 44.85447], [5.22199, 44.85379], [5.2223, 44.85379]], [[5.22529, 44.85733], [5.22531, 44.85778], [5.22499, 44.85779], [5.22464, 44.85689], [5.22529, 44.85733]], [[5.22594, 44.85777], [5.22595, 44.85799], [5.2269, 44.85797], [5.22691, 44.8582], [5.22754, 44.85819], [5.22755, 44.85841], [5.22629, 44.85844], [5.22599, 44.85889], [5.22662, 44.85888], [5.22664, 44.85933], [5.22759, 44.85931], [5.22824, 44.85975], [5.22826, 44.8602], [5.22889, 44.86019], [5.22827, 44.86065], [5.2283, 44.86132], [5.22798, 44.86133], [5.22731, 44.86022], [5.22568, 44.85912], [5.22531, 44.85778], [5.22594, 44.85777]], [[5.22405, 44.85781], [5.22407, 44.85848], [5.22376, 44.85849], [5.2234, 44.85759], [5.22309, 44.8576], [5.22306, 44.85692], [5.22405, 44.85781]], [[5.22439, 44.85847], [5.2244, 44.8587], [5.22407, 44.85848], [5.22439, 44.85847]], [[5.22471, 44.85869], [5.22473, 44.85914], [5.22442, 44.85915], [5.2244, 44.8587], [5.22471, 44.85869]], [[5.22505, 44.85914], [5.22507, 44.85959], [5.22475, 44.85959], [5.22473, 44.85914], [5.22505, 44.85914]], [[5.22538, 44.85958], [5.22541, 44.86025], [5.22604, 44.86024], [5.22606, 44.86069], [5.22702, 44.8609], [5.22736, 44.86157], [5.22865, 44.86222], [5.22867, 44.86267], [5.23091, 44.8633], [5.23093, 44.86375], [5.23001, 44.86444], [5.23002, 44.86467], [5.23065, 44.86465], [5.23068, 44.86533], [5.22942, 44.86558], [5.22843, 44.86447], [5.22683, 44.86405], [5.22649, 44.86361], [5.22554, 44.86363], [5.22552, 44.86318], [5.22521, 44.86319], [5.22519, 44.86274], [5.22551, 44.86273], [5.22552, 44.86295], [5.22583, 44.86295], [5.22584, 44.86317], [5.22742, 44.86314], [5.22804, 44.86268], [5.22739, 44.86224], [5.22675, 44.86225], [5.22709, 44.8627], [5.22646, 44.86271], [5.22581, 44.86227], [5.22608, 44.86114], [5.22576, 44.86115], [5.22574, 44.8607], [5.22511, 44.86071], [5.22507, 44.85959], [5.22538, 44.85958]], [[5.22487, 44.86274], [5.22486, 44.86229], [5.22517, 44.86229], [5.22519, 44.86274], [5.22487, 44.86274]], [[5.22009, 44.85383], [5.22007, 44.85338], [5.22039, 44.85338], [5.22041, 44.85383], [5.22009, 44.85383]], [[5.21975, 44.85316], [5.22006, 44.85316], [5.22007, 44.85338], [5.21975, 44.85316]], [[5.22604, 44.86812], [5.22605, 44.86835], [5.22446, 44.86838], [5.22413, 44.86794], [5.22444, 44.86771], [5.22604, 44.86812]], [[5.22348, 44.8675], [5.22315, 44.86728], [5.22347, 44.86727], [5.22348, 44.8675]], [[5.22457, 44.87108], [5.22458, 44.87131], [5.22426, 44.87109], [5.22457, 44.87108]], [[5.22389, 44.87785], [5.22356, 44.87763], [5.22388, 44.87762], [5.22389, 44.87785]], [[5.22324, 44.87741], [5.22356, 44.87741], [5.22356, 44.87763], [5.22324, 44.87741]], [[5.22463, 44.88054], [5.22464, 44.88076], [5.22401, 44.88077], [5.224, 44.88055], [5.22463, 44.88054]], [[5.22527, 44.88075], [5.22528, 44.88097], [5.22465, 44.88099], [5.22464, 44.88076], [5.22527, 44.88075]], [[5.2256, 44.88097], [5.22561, 44.88119], [5.22528, 44.88097], [5.2256, 44.88097]], [[5.22405, 44.8819], [5.22406, 44.88212], [5.22373, 44.88191], [5.22405, 44.8819]], [[5.19987, 44.88711], [5.19955, 44.88712], [5.19957, 44.88757], [5.19894, 44.88758], [5.19921, 44.88645], [5.19952, 44.88644], [5.19987, 44.88711]], [[5.19976, 44.88441], [5.20008, 44.8844], [5.2001, 44.88508], [5.20075, 44.88529], [5.20105, 44.88506], [5.20139, 44.8855], [5.20107, 44.88551], [5.2011, 44.88618], [5.20078, 44.88619], [5.20076, 44.88574], [5.20013, 44.88575], [5.20015, 44.8862], [5.19952, 44.88644], [5.19976, 44.88441]], [[5.19944, 44.88419], [5.19975, 44.88418], [5.19976, 44.88441], [5.19944, 44.88419]], [[5.21062, 44.88667], [5.21063, 44.8869], [5.2103, 44.88668], [5.21062, 44.88667]], [[5.21059, 44.886], [5.21091, 44.88599], [5.21093, 44.88644], [5.21061, 44.88645], [5.21059, 44.886]], [[5.18053, 44.88659], [5.18053, 44.88682], [5.18021, 44.8866], [5.18053, 44.88659]], [[5.21057, 44.88555], [5.21058, 44.88577], [5.21026, 44.88555], [5.21057, 44.88555]], [[5.20993, 44.88533], [5.21025, 44.88533], [5.21026, 44.88555], [5.20993, 44.88533]], [[5.22667, 44.8841], [5.22606, 44.88456], [5.22571, 44.88389], [5.22603, 44.88389], [5.22604, 44.88411], [5.22667, 44.8841]], [[5.22539, 44.88367], [5.2257, 44.88367], [5.22571, 44.88389], [5.22539, 44.88367]], [[5.22506, 44.88345], [5.22538, 44.88345], [5.22539, 44.88367], [5.22506, 44.88345]], [[5.20104, 44.88461], [5.20104, 44.88483], [5.20072, 44.88462], [5.20104, 44.88461]], [[5.23838, 44.88386], [5.23839, 44.88409], [5.23806, 44.88387], [5.23838, 44.88386]], [[5.22634, 44.88365], [5.22635, 44.88388], [5.22602, 44.88366], [5.22634, 44.88365]], [[5.20101, 44.88393], [5.20102, 44.88416], [5.20069, 44.88394], [5.20101, 44.88393]], [[5.18073, 44.88366], [5.18104, 44.88365], [5.18106, 44.8841], [5.18044, 44.88434], [5.17973, 44.88233], [5.18004, 44.88232], [5.18005, 44.88255], [5.18037, 44.88254], [5.18073, 44.88366]], [[5.20955, 44.88354], [5.20955, 44.88376], [5.20923, 44.88355], [5.20955, 44.88354]], [[5.22474, 44.88324], [5.22475, 44.88346], [5.22442, 44.88324], [5.22474, 44.88324]], [[5.226, 44.88321], [5.22601, 44.88344], [5.22569, 44.88322], [5.226, 44.88321]], [[5.20098, 44.88326], [5.20099, 44.88348], [5.20067, 44.88327], [5.20098, 44.88326]], [[5.21997, 44.88288], [5.21998, 44.88311], [5.21966, 44.88289], [5.21997, 44.88288]], [[5.23928, 44.88249], [5.23929, 44.88272], [5.23896, 44.8825], [5.23928, 44.88249]], [[5.18229, 44.88318], [5.18261, 44.88317], [5.18263, 44.88362], [5.18199, 44.88363], [5.18229, 44.88318]], [[5.19496, 44.88315], [5.19497, 44.88338], [5.19464, 44.88316], [5.19496, 44.88315]], [[5.19432, 44.88294], [5.19464, 44.88293], [5.19464, 44.88316], [5.19432, 44.88294]], [[5.194, 44.88295], [5.19399, 44.8825], [5.1943, 44.88249], [5.19432, 44.88294], [5.194, 44.88295]], [[5.19367, 44.8825], [5.19364, 44.88183], [5.19396, 44.88182], [5.19399, 44.8825], [5.19367, 44.8825]], [[5.19333, 44.88183], [5.19331, 44.88138], [5.19362, 44.88138], [5.19364, 44.88183], [5.19333, 44.88183]], [[5.19876, 44.88308], [5.19939, 44.88307], [5.1994, 44.88329], [5.19877, 44.8833], [5.19876, 44.88308]], [[5.20034, 44.88305], [5.20035, 44.88327], [5.20002, 44.88305], [5.20034, 44.88305]], [[5.22028, 44.88265], [5.22029, 44.88287], [5.21996, 44.88266], [5.22028, 44.88265]], [[5.22503, 44.88255], [5.22504, 44.88278], [5.22471, 44.88256], [5.22503, 44.88255]], [[5.22438, 44.88234], [5.2247, 44.88234], [5.22471, 44.88256], [5.22438, 44.88234]], [[5.1959, 44.88291], [5.19591, 44.88313], [5.19559, 44.88292], [5.1959, 44.88291]], [[5.1997, 44.88283], [5.19971, 44.88306], [5.19938, 44.88284], [5.1997, 44.88283]], [[5.19102, 44.87963], [5.19134, 44.87962], [5.19104, 44.88008], [5.19264, 44.8805], [5.19266, 44.88095], [5.19203, 44.88118], [5.19074, 44.88053], [5.19109, 44.88143], [5.19014, 44.88145], [5.19049, 44.88212], [5.18954, 44.88213], [5.18953, 44.88191], [5.1889, 44.88192], [5.18919, 44.88124], [5.18887, 44.88125], [5.18883, 44.88012], [5.1866, 44.87994], [5.18627, 44.8795], [5.18532, 44.87952], [5.18568, 44.88063], [5.1841, 44.88089], [5.18319, 44.88181], [5.18321, 44.88226], [5.18228, 44.88295], [5.18103, 44.8832], [5.18132, 44.88252], [5.181, 44.88253], [5.18063, 44.88118], [5.18095, 44.88118], [5.18092, 44.8805], [5.18028, 44.88029], [5.18001, 44.88142], [5.17969, 44.88143], [5.17967, 44.88075], [5.17998, 44.88075], [5.18054, 44.87893], [5.1815, 44.87914], [5.18149, 44.87869], [5.18085, 44.8787], [5.18083, 44.87803], [5.18114, 44.87802], [5.1811, 44.8769], [5.18171, 44.87643], [5.1817, 44.87598], [5.18264, 44.87574], [5.18229, 44.87507], [5.18295, 44.87551], [5.18421, 44.87548], [5.18388, 44.87504], [5.18638, 44.87432], [5.18699, 44.87363], [5.18762, 44.87362], [5.18793, 44.87338], [5.18759, 44.87272], [5.1879, 44.87271], [5.18785, 44.87136], [5.18817, 44.87135], [5.18821, 44.87248], [5.18853, 44.87247], [5.18847, 44.87112], [5.18815, 44.8709], [5.18847, 44.8709], [5.18844, 44.87022], [5.18753, 44.87114], [5.18779, 44.86978], [5.18684, 44.8698], [5.1871, 44.86845], [5.18678, 44.86823], [5.18709, 44.86822], [5.18708, 44.86777], [5.18802, 44.86753], [5.18768, 44.86708], [5.188, 44.86708], [5.18797, 44.8664], [5.18829, 44.8664], [5.18865, 44.86752], [5.18897, 44.86751], [5.18871, 44.86909], [5.18933, 44.86863], [5.18939, 44.8702], [5.18907, 44.87021], [5.18905, 44.86953], [5.18841, 44.86955], [5.18878, 44.87089], [5.1891, 44.87088], [5.1888, 44.87134], [5.18912, 44.87133], [5.18914, 44.87201], [5.18946, 44.872], [5.18948, 44.87268], [5.1898, 44.87267], [5.18972, 44.87065], [5.19004, 44.87064], [5.19014, 44.87312], [5.19079, 44.87355], [5.19086, 44.87535], [5.19117, 44.87535], [5.19119, 44.8758], [5.19057, 44.87603], [5.19065, 44.87828], [5.19098, 44.8785], [5.19066, 44.87851], [5.19068, 44.87896], [5.191, 44.87895], [5.19102, 44.87963]], [[5.18003, 44.8821], [5.17941, 44.88233], [5.17907, 44.88166], [5.17969, 44.88143], [5.18003, 44.8821]], [[5.1894, 44.87043], [5.18971, 44.87042], [5.18972, 44.87065], [5.1894, 44.87043]], [[5.20032, 44.8826], [5.20028, 44.88147], [5.2006, 44.88147], [5.20065, 44.88282], [5.20002, 44.88283], [5.20032, 44.8826]], [[5.20058, 44.88102], [5.20089, 44.88101], [5.20091, 44.88146], [5.2006, 44.88147], [5.20058, 44.88102]], [[5.20084, 44.87966], [5.20115, 44.87943], [5.20083, 44.87943], [5.20082, 44.87898], [5.20143, 44.87852], [5.2014, 44.87762], [5.20171, 44.87762], [5.20194, 44.87536], [5.20257, 44.87535], [5.20256, 44.8749], [5.20287, 44.87489], [5.20321, 44.87556], [5.20353, 44.87555], [5.20358, 44.8769], [5.20327, 44.87691], [5.20325, 44.87646], [5.2023, 44.87648], [5.20231, 44.8767], [5.20294, 44.87669], [5.20296, 44.87714], [5.20233, 44.87715], [5.20269, 44.87827], [5.20176, 44.87897], [5.20153, 44.881], [5.20089, 44.88101], [5.20084, 44.87966]], [[5.20285, 44.87444], [5.20317, 44.87443], [5.20319, 44.87488], [5.20287, 44.87489], [5.20285, 44.87444]], [[5.20315, 44.87398], [5.20347, 44.87398], [5.20349, 44.87443], [5.20317, 44.87443], [5.20315, 44.87398]], [[5.22881, 44.88203], [5.22882, 44.88225], [5.22849, 44.88204], [5.22881, 44.88203]], [[5.18387, 44.88292], [5.18292, 44.88294], [5.18507, 44.88132], [5.1857, 44.88131], [5.18387, 44.88292]], [[5.1857, 44.88108], [5.18633, 44.88107], [5.18634, 44.8813], [5.1857, 44.88131], [5.1857, 44.88108]], [[5.19653, 44.88267], [5.1962, 44.88245], [5.19557, 44.88247], [5.19585, 44.88156], [5.19617, 44.88155], [5.19619, 44.88223], [5.19651, 44.88222], [5.19653, 44.88267]], [[5.18986, 44.88235], [5.18987, 44.88258], [5.18955, 44.88236], [5.18986, 44.88235]], [[5.19896, 44.88015], [5.19928, 44.88014], [5.19935, 44.88194], [5.19903, 44.88195], [5.19896, 44.88015]], [[5.22434, 44.88122], [5.22435, 44.88144], [5.22402, 44.88122], [5.22434, 44.88122]], [[5.23035, 44.8811], [5.23036, 44.88132], [5.23004, 44.8811], [5.23035, 44.8811]], [[5.17908, 44.88189], [5.17908, 44.88211], [5.17876, 44.8819], [5.17908, 44.88189]], [[5.22591, 44.88096], [5.22655, 44.88095], [5.22656, 44.88117], [5.22592, 44.88119], [5.22591, 44.88096]], [[5.22908, 44.8809], [5.22909, 44.88112], [5.22876, 44.8809], [5.22908, 44.8809]], [[5.22844, 44.88069], [5.22875, 44.88068], [5.22876, 44.8809], [5.22844, 44.88069]], [[5.17714, 44.88103], [5.17778, 44.88124], [5.17781, 44.88191], [5.17749, 44.88192], [5.17714, 44.88103]], [[5.19298, 44.88117], [5.19299, 44.88139], [5.19267, 44.88117], [5.19298, 44.88117]], [[5.22938, 44.88044], [5.22939, 44.88067], [5.22906, 44.88045], [5.22938, 44.88044]], [[5.1768, 44.87225], [5.17775, 44.87223], [5.17778, 44.87291], [5.17842, 44.87312], [5.17845, 44.8738], [5.18258, 44.87417], [5.18258, 44.87439], [5.181, 44.87442], [5.18039, 44.87488], [5.18041, 44.87556], [5.17979, 44.8758], [5.18011, 44.87602], [5.18017, 44.87737], [5.17986, 44.8776], [5.18018, 44.87759], [5.18019, 44.87804], [5.17958, 44.8785], [5.1796, 44.87918], [5.17929, 44.87918], [5.17934, 44.88053], [5.17811, 44.88146], [5.17777, 44.88079], [5.17808, 44.88078], [5.17803, 44.87943], [5.17925, 44.87828], [5.17947, 44.8758], [5.17916, 44.87581], [5.1788, 44.87469], [5.17785, 44.87471], [5.17786, 44.87516], [5.17755, 44.87516], [5.17747, 44.87314], [5.17715, 44.87315], [5.1768, 44.87225]], [[5.19329, 44.88093], [5.1933, 44.88116], [5.19297, 44.88094], [5.19329, 44.88093]], [[5.2167, 44.88024], [5.21702, 44.88024], [5.21703, 44.88069], [5.21672, 44.88069], [5.2167, 44.88024]], [[5.18664, 44.88084], [5.18665, 44.88107], [5.18632, 44.88085], [5.18664, 44.88084]], [[5.21797, 44.88022], [5.21798, 44.88044], [5.21765, 44.88023], [5.21797, 44.88022]], [[5.22746, 44.88003], [5.22747, 44.88025], [5.22714, 44.88004], [5.22746, 44.88003]], [[5.22682, 44.87982], [5.22713, 44.87981], [5.22714, 44.88004], [5.22682, 44.87982]], [[5.23473, 44.87966], [5.23505, 44.87965], [5.23506, 44.8801], [5.23475, 44.88011], [5.23473, 44.87966]], [[5.17587, 44.88083], [5.17588, 44.88105], [5.17555, 44.88083], [5.17587, 44.88083]], [[5.22807, 44.87957], [5.22808, 44.87979], [5.22776, 44.87957], [5.22807, 44.87957]], [[5.20022, 44.8799], [5.20023, 44.88012], [5.1999, 44.8799], [5.20022, 44.8799]], [[5.20813, 44.87974], [5.20814, 44.87996], [5.20781, 44.87975], [5.20813, 44.87974]], [[5.22806, 44.87912], [5.22807, 44.87934], [5.22712, 44.87936], [5.22647, 44.87892], [5.22676, 44.87847], [5.22806, 44.87912]], [[5.19859, 44.8788], [5.19891, 44.8788], [5.19894, 44.8797], [5.19863, 44.8797], [5.19859, 44.8788]], [[5.21601, 44.87891], [5.21633, 44.8789], [5.21635, 44.87935], [5.21603, 44.87936], [5.21601, 44.87891]], [[5.22583, 44.87894], [5.22584, 44.87916], [5.22552, 44.87894], [5.22583, 44.87894]], [[5.22519, 44.87872], [5.22551, 44.87872], [5.22552, 44.87894], [5.22519, 44.87872]], [[5.22487, 44.8785], [5.22518, 44.8785], [5.22519, 44.87872], [5.22487, 44.8785]], [[5.22454, 44.87829], [5.22486, 44.87828], [5.22487, 44.8785], [5.22454, 44.87829]], [[5.22422, 44.87807], [5.22453, 44.87806], [5.22454, 44.87829], [5.22422, 44.87807]], [[5.22834, 44.87821], [5.22836, 44.87889], [5.2274, 44.87845], [5.22834, 44.87821]], [[5.21885, 44.87863], [5.21886, 44.87885], [5.21854, 44.87863], [5.21885, 44.87863]], [[5.22898, 44.87842], [5.22899, 44.87865], [5.22866, 44.87843], [5.22898, 44.87842]], [[5.19446, 44.87843], [5.19478, 44.87843], [5.1948, 44.8791], [5.19449, 44.87911], [5.19446, 44.87843]], [[5.20772, 44.87727], [5.20803, 44.87726], [5.20809, 44.87884], [5.20778, 44.87885], [5.20772, 44.87727]], [[5.22611, 44.87803], [5.22643, 44.87802], [5.22645, 44.87847], [5.22582, 44.87849], [5.22611, 44.87803]], [[5.2163, 44.87823], [5.21694, 44.87821], [5.21695, 44.87844], [5.21631, 44.87845], [5.2163, 44.87823]], [[5.22769, 44.87777], [5.2277, 44.878], [5.22706, 44.87801], [5.22705, 44.87779], [5.22769, 44.87777]], [[5.22642, 44.8778], [5.22641, 44.87757], [5.22705, 44.87756], [5.22705, 44.87779], [5.22642, 44.8778]], [[5.21817, 44.87729], [5.21848, 44.87728], [5.21819, 44.87796], [5.21756, 44.87798], [5.21817, 44.87729]], [[5.19601, 44.8775], [5.19603, 44.87818], [5.19572, 44.87818], [5.19569, 44.87751], [5.19601, 44.8775]], [[5.19537, 44.87752], [5.19535, 44.87684], [5.19566, 44.87683], [5.19569, 44.87751], [5.19537, 44.87752]], [[5.19503, 44.87685], [5.195, 44.87617], [5.19532, 44.87617], [5.19535, 44.87684], [5.19503, 44.87685]], [[5.19469, 44.87618], [5.19467, 44.87573], [5.19499, 44.87572], [5.195, 44.87617], [5.19469, 44.87618]], [[5.21627, 44.87733], [5.21628, 44.87755], [5.21595, 44.87733], [5.21627, 44.87733]], [[5.21722, 44.87731], [5.21723, 44.87753], [5.2169, 44.87731], [5.21722, 44.87731]], [[5.19884, 44.877], [5.19915, 44.87699], [5.19918, 44.87767], [5.19886, 44.87767], [5.19884, 44.877]], [[5.21532, 44.87734], [5.21469, 44.87736], [5.21468, 44.87713], [5.21531, 44.87712], [5.21532, 44.87734]], [[5.2153, 44.87689], [5.21593, 44.87688], [5.21594, 44.87711], [5.21531, 44.87712], [5.2153, 44.87689]], [[5.21498, 44.87668], [5.21529, 44.87667], [5.2153, 44.87689], [5.21498, 44.87668]], [[5.17669, 44.87766], [5.1767, 44.87788], [5.17638, 44.87766], [5.17669, 44.87766]], [[5.21403, 44.87669], [5.21434, 44.87669], [5.21436, 44.87714], [5.21373, 44.87715], [5.21403, 44.87669]], [[5.22826, 44.87619], [5.22953, 44.87638], [5.22955, 44.87683], [5.22892, 44.87685], [5.22826, 44.87619]], [[5.20801, 44.87681], [5.20802, 44.87704], [5.2077, 44.87682], [5.20801, 44.87681]], [[5.21655, 44.87642], [5.21656, 44.87664], [5.21623, 44.87643], [5.21655, 44.87642]], [[5.19912, 44.87609], [5.19944, 44.87608], [5.19946, 44.87676], [5.19915, 44.87677], [5.19912, 44.87609]], [[5.2146, 44.87511], [5.2149, 44.87465], [5.21521, 44.87464], [5.21557, 44.87576], [5.21622, 44.87598], [5.2156, 44.87644], [5.21526, 44.87577], [5.21494, 44.87578], [5.21491, 44.8751], [5.2146, 44.87511]], [[5.21687, 44.87641], [5.21654, 44.87619], [5.21686, 44.87619], [5.21687, 44.87641]], [[5.21745, 44.87505], [5.219, 44.87434], [5.21904, 44.87524], [5.21841, 44.87548], [5.21843, 44.87593], [5.21686, 44.87619], [5.21745, 44.87505]], [[5.22761, 44.87575], [5.22762, 44.87597], [5.22698, 44.87599], [5.22697, 44.87576], [5.22761, 44.87575]], [[5.22665, 44.87554], [5.22696, 44.87554], [5.22697, 44.87576], [5.22665, 44.87554]], [[5.23172, 44.87567], [5.23173, 44.87589], [5.2314, 44.87567], [5.23172, 44.87567]], [[5.23108, 44.87545], [5.23139, 44.87545], [5.2314, 44.87567], [5.23108, 44.87545]], [[5.19088, 44.87603], [5.1912, 44.87602], [5.19122, 44.87647], [5.1909, 44.87648], [5.19088, 44.87603]], [[5.20766, 44.87592], [5.20767, 44.87615], [5.20735, 44.87593], [5.20766, 44.87592]], [[5.23393, 44.8754], [5.23394, 44.87562], [5.23361, 44.8754], [5.23393, 44.8754]], [[5.17693, 44.87563], [5.17725, 44.87562], [5.17728, 44.8763], [5.17696, 44.8763], [5.17693, 44.87563]], [[5.21682, 44.87529], [5.21683, 44.87551], [5.2165, 44.87529], [5.21682, 44.87529]], [[5.22663, 44.87509], [5.22664, 44.87532], [5.22631, 44.8751], [5.22663, 44.87509]], [[5.226, 44.8751], [5.22598, 44.87465], [5.2263, 44.87465], [5.22631, 44.8751], [5.226, 44.8751]], [[5.22979, 44.87503], [5.2298, 44.87525], [5.22948, 44.87503], [5.22979, 44.87503]], [[5.23043, 44.87502], [5.23044, 44.87524], [5.23011, 44.87502], [5.23043, 44.87502]], [[5.22979, 44.8748], [5.2301, 44.8748], [5.23011, 44.87502], [5.22979, 44.8748]], [[5.20384, 44.87532], [5.20385, 44.87555], [5.20352, 44.87533], [5.20384, 44.87532]], [[5.21585, 44.87463], [5.21616, 44.87463], [5.21619, 44.8753], [5.21587, 44.87531], [5.21585, 44.87463]], [[5.23263, 44.87475], [5.23264, 44.87497], [5.23232, 44.87475], [5.23263, 44.87475]], [[5.17472, 44.87567], [5.17473, 44.8759], [5.1744, 44.87568], [5.17472, 44.87567]], [[5.19973, 44.8754], [5.1994, 44.87518], [5.19972, 44.87518], [5.19973, 44.8754]], [[5.19969, 44.8745], [5.20063, 44.87426], [5.20065, 44.87471], [5.19972, 44.87518], [5.19969, 44.8745]], [[5.21712, 44.87483], [5.21713, 44.87506], [5.2168, 44.87484], [5.21712, 44.87483]], [[5.22851, 44.8746], [5.22946, 44.87458], [5.22947, 44.87481], [5.22852, 44.87483], [5.22851, 44.8746]], [[5.17819, 44.87538], [5.1782, 44.8756], [5.17787, 44.87538], [5.17819, 44.87538]], [[5.20793, 44.87479], [5.20794, 44.87501], [5.20762, 44.8748], [5.20793, 44.87479]], [[5.21743, 44.8746], [5.21744, 44.87483], [5.21711, 44.87461], [5.21743, 44.8746]], [[5.21648, 44.87462], [5.21678, 44.87416], [5.21709, 44.87416], [5.21711, 44.87461], [5.21648, 44.87462]], [[5.23261, 44.87407], [5.23292, 44.87406], [5.23294, 44.87451], [5.23262, 44.87452], [5.23261, 44.87407]], [[5.22849, 44.87415], [5.22913, 44.87414], [5.22914, 44.87437], [5.2285, 44.87438], [5.22849, 44.87415]], [[5.22976, 44.87413], [5.22977, 44.87435], [5.22944, 44.87413], [5.22976, 44.87413]], [[5.20758, 44.8739], [5.2079, 44.87389], [5.20793, 44.87456], [5.20761, 44.87457], [5.20758, 44.8739]], [[5.21773, 44.87414], [5.21773, 44.87437], [5.21741, 44.87415], [5.21773, 44.87414]], [[5.22595, 44.87398], [5.22596, 44.8742], [5.22564, 44.87399], [5.22595, 44.87398]], [[5.22754, 44.87395], [5.22754, 44.87417], [5.22722, 44.87395], [5.22754, 44.87395]], [[5.1962, 44.87435], [5.19715, 44.87433], [5.19716, 44.87455], [5.19621, 44.87457], [5.1962, 44.87435]], [[5.21803, 44.87391], [5.21804, 44.87414], [5.21772, 44.87392], [5.21803, 44.87391]], [[5.20443, 44.87418], [5.20379, 44.8742], [5.20344, 44.8733], [5.20407, 44.87307], [5.20443, 44.87418]], [[5.20405, 44.87262], [5.20437, 44.87261], [5.20438, 44.87306], [5.20407, 44.87307], [5.20405, 44.87262]], [[5.18353, 44.87415], [5.18416, 44.87413], [5.18417, 44.87436], [5.18353, 44.87437], [5.18353, 44.87415]], [[5.20061, 44.87381], [5.20125, 44.8738], [5.20125, 44.87402], [5.20062, 44.87403], [5.20061, 44.87381]], [[5.21897, 44.87367], [5.21865, 44.87345], [5.21897, 44.87344], [5.21897, 44.87367]], [[5.21896, 44.87322], [5.21959, 44.87321], [5.2196, 44.87343], [5.21897, 44.87344], [5.21896, 44.87322]], [[5.22561, 44.87331], [5.22562, 44.87354], [5.22529, 44.87332], [5.22561, 44.87331]], [[5.22719, 44.87328], [5.2272, 44.8735], [5.22688, 44.87329], [5.22719, 44.87328]], [[5.22941, 44.87323], [5.23004, 44.87322], [5.23005, 44.87345], [5.22942, 44.87346], [5.22941, 44.87323]], [[5.23067, 44.87321], [5.23068, 44.87343], [5.23036, 44.87322], [5.23067, 44.87321]], [[5.18479, 44.87412], [5.18447, 44.8739], [5.18478, 44.8739], [5.18479, 44.87412]], [[5.18508, 44.87344], [5.18666, 44.87341], [5.18667, 44.87363], [5.18572, 44.87365], [5.18573, 44.87388], [5.18478, 44.8739], [5.18508, 44.87344]], [[5.21577, 44.87283], [5.21641, 44.87282], [5.21643, 44.87349], [5.2158, 44.87351], [5.21577, 44.87283]], [[5.21734, 44.87235], [5.2186, 44.8721], [5.21859, 44.87188], [5.21954, 44.87208], [5.21831, 44.87301], [5.21706, 44.87326], [5.21734, 44.87235]], [[5.23286, 44.87249], [5.23287, 44.87271], [5.23254, 44.8725], [5.23286, 44.87249]], [[5.17905, 44.87311], [5.18033, 44.87331], [5.18033, 44.87353], [5.1797, 44.87355], [5.17905, 44.87311]], [[5.18697, 44.87318], [5.18698, 44.8734], [5.18665, 44.87318], [5.18697, 44.87318]], [[5.19488, 44.87302], [5.19489, 44.87325], [5.19457, 44.87303], [5.19488, 44.87302]], [[5.22429, 44.87199], [5.22432, 44.87266], [5.224, 44.87267], [5.22397, 44.87199], [5.22429, 44.87199]], [[5.22366, 44.872], [5.22364, 44.87155], [5.22396, 44.87154], [5.22397, 44.87199], [5.22366, 44.872]], [[5.22652, 44.87239], [5.22653, 44.87262], [5.22621, 44.8724], [5.22652, 44.87239]], [[5.22716, 44.87238], [5.22779, 44.87237], [5.2278, 44.87259], [5.22717, 44.8726], [5.22716, 44.87238]], [[5.1876, 44.87294], [5.1876, 44.87317], [5.18728, 44.87295], [5.1876, 44.87294]], [[5.1914, 44.87309], [5.19108, 44.8731], [5.19105, 44.8722], [5.19073, 44.8722], [5.19037, 44.87108], [5.19101, 44.87107], [5.19102, 44.87152], [5.19134, 44.87152], [5.1914, 44.87309]], [[5.19076, 44.87288], [5.19044, 44.87288], [5.19042, 44.87221], [5.19073, 44.8722], [5.19076, 44.87288]], [[5.20718, 44.87165], [5.20749, 44.87165], [5.20754, 44.87277], [5.20722, 44.87278], [5.20718, 44.87165]], [[5.18156, 44.87238], [5.18219, 44.87237], [5.18222, 44.87305], [5.1819, 44.87305], [5.18156, 44.87238]], [[5.18441, 44.87255], [5.1847, 44.87187], [5.18439, 44.87188], [5.18436, 44.8712], [5.18404, 44.87121], [5.18402, 44.87053], [5.1837, 44.87054], [5.18399, 44.86986], [5.18431, 44.86985], [5.18433, 44.87053], [5.18465, 44.87052], [5.18468, 44.8712], [5.18499, 44.87119], [5.18498, 44.87074], [5.18561, 44.87073], [5.18597, 44.87185], [5.18693, 44.87205], [5.18664, 44.87273], [5.18538, 44.87298], [5.18505, 44.87254], [5.18441, 44.87255]], [[5.18367, 44.86964], [5.18398, 44.86963], [5.18399, 44.86986], [5.18367, 44.86964]], [[5.22771, 44.87034], [5.22803, 44.87034], [5.22803, 44.87056], [5.22961, 44.8703], [5.22962, 44.87053], [5.23025, 44.87052], [5.23026, 44.87074], [5.22931, 44.87076], [5.22996, 44.8712], [5.22999, 44.87187], [5.22936, 44.87211], [5.22868, 44.871], [5.22773, 44.87079], [5.22771, 44.87034]], [[5.22738, 44.87012], [5.2277, 44.87012], [5.22771, 44.87034], [5.22738, 44.87012]], [[5.17871, 44.87244], [5.17934, 44.87243], [5.17935, 44.87265], [5.17872, 44.87266], [5.17871, 44.87244]], [[5.18725, 44.87227], [5.18726, 44.8725], [5.18694, 44.87228], [5.18725, 44.87227]], [[5.21763, 44.87167], [5.21764, 44.87189], [5.21731, 44.87168], [5.21763, 44.87167]], [[5.18345, 44.87212], [5.18346, 44.87235], [5.18313, 44.87213], [5.18345, 44.87212]], [[5.2014, 44.86974], [5.20172, 44.86973], [5.20181, 44.87198], [5.20149, 44.87199], [5.2014, 44.86974]], [[5.21826, 44.87166], [5.21824, 44.87121], [5.21888, 44.87119], [5.21887, 44.87097], [5.21823, 44.87098], [5.21852, 44.87008], [5.21786, 44.86964], [5.21881, 44.86939], [5.21879, 44.86894], [5.21942, 44.86893], [5.21945, 44.86961], [5.22009, 44.86982], [5.22013, 44.87094], [5.21826, 44.87166]], [[5.22489, 44.87107], [5.22585, 44.87128], [5.22585, 44.8715], [5.22522, 44.87152], [5.22489, 44.87107]], [[5.18181, 44.8708], [5.18185, 44.8717], [5.18092, 44.87217], [5.18091, 44.87195], [5.17996, 44.87197], [5.17898, 44.87131], [5.17896, 44.87063], [5.17959, 44.87062], [5.17955, 44.86972], [5.17987, 44.86972], [5.17921, 44.86905], [5.18017, 44.86926], [5.18015, 44.86881], [5.18143, 44.86901], [5.18144, 44.86946], [5.18082, 44.8697], [5.18085, 44.87037], [5.18243, 44.87034], [5.18244, 44.87079], [5.18181, 44.8708]], [[5.17864, 44.87064], [5.17829, 44.86975], [5.17764, 44.86931], [5.17827, 44.8693], [5.17861, 44.86996], [5.17893, 44.86996], [5.17896, 44.87063], [5.17864, 44.87064]], [[5.17646, 44.87158], [5.17773, 44.87156], [5.17773, 44.87178], [5.17648, 44.87203], [5.17646, 44.87158]], [[5.17868, 44.87176], [5.17869, 44.87199], [5.17837, 44.87177], [5.17868, 44.87176]], [[5.18589, 44.86982], [5.18652, 44.86981], [5.18622, 44.87027], [5.18654, 44.87026], [5.18657, 44.87093], [5.18688, 44.87093], [5.18692, 44.87183], [5.1866, 44.87183], [5.18625, 44.87094], [5.18593, 44.87095], [5.18589, 44.86982]], [[5.20748, 44.8712], [5.20749, 44.87142], [5.20716, 44.8712], [5.20748, 44.8712]], [[5.2312, 44.8705], [5.23121, 44.87072], [5.23057, 44.87073], [5.23057, 44.87051], [5.2312, 44.8705]], [[5.23024, 44.87029], [5.23056, 44.87028], [5.23057, 44.87051], [5.23024, 44.87029]], [[5.20679, 44.86986], [5.20711, 44.86985], [5.20715, 44.87098], [5.20683, 44.87098], [5.20679, 44.86986]], [[5.22518, 44.87039], [5.22519, 44.87062], [5.22486, 44.8704], [5.22518, 44.87039]], [[5.1761, 44.87046], [5.17642, 44.87046], [5.17707, 44.87112], [5.17613, 44.87136], [5.1761, 44.87046]], [[5.20362, 44.8697], [5.20393, 44.86969], [5.20391, 44.86902], [5.20422, 44.86901], [5.20429, 44.87081], [5.20398, 44.87082], [5.20362, 44.8697]], [[5.2261, 44.8697], [5.22706, 44.8699], [5.22707, 44.87013], [5.22643, 44.87014], [5.2261, 44.8697]], [[5.22958, 44.86963], [5.22928, 44.87008], [5.22802, 44.87011], [5.22768, 44.86967], [5.22896, 44.86987], [5.22895, 44.86964], [5.22958, 44.86963]], [[5.22862, 44.86942], [5.22894, 44.86942], [5.22895, 44.86964], [5.22862, 44.86942]], [[5.22991, 44.86985], [5.22991, 44.87007], [5.22959, 44.86985], [5.22991, 44.86985]], [[5.19001, 44.86997], [5.19065, 44.87018], [5.19067, 44.87063], [5.19036, 44.87063], [5.19001, 44.86997]], [[5.21692, 44.86988], [5.21693, 44.87011], [5.21661, 44.86989], [5.21692, 44.86988]], [[5.21787, 44.86986], [5.21788, 44.87009], [5.21756, 44.86987], [5.21787, 44.86986]], [[5.19413, 44.87011], [5.19414, 44.87033], [5.19382, 44.87012], [5.19413, 44.87011]], [[5.21596, 44.86945], [5.21659, 44.86944], [5.21629, 44.86989], [5.21598, 44.8699], [5.21596, 44.86945]], [[5.22577, 44.86948], [5.22578, 44.8697], [5.22546, 44.86949], [5.22577, 44.86948]], [[5.22513, 44.86927], [5.22545, 44.86926], [5.22546, 44.86949], [5.22513, 44.86927]], [[5.22481, 44.86905], [5.22512, 44.86904], [5.22513, 44.86927], [5.22481, 44.86905]], [[5.17627, 44.86663], [5.17661, 44.8673], [5.17819, 44.86727], [5.17853, 44.86771], [5.17979, 44.86769], [5.17981, 44.86814], [5.17853, 44.86794], [5.17854, 44.86816], [5.17633, 44.86821], [5.17603, 44.86866], [5.17666, 44.86865], [5.17667, 44.86888], [5.17604, 44.86889], [5.17605, 44.86911], [5.17669, 44.86933], [5.17671, 44.86978], [5.17607, 44.86979], [5.17641, 44.87023], [5.17578, 44.87047], [5.17576, 44.8698], [5.17544, 44.8698], [5.17565, 44.8671], [5.17534, 44.8671], [5.17527, 44.86553], [5.17591, 44.86551], [5.17626, 44.86641], [5.17688, 44.86617], [5.17722, 44.86661], [5.17785, 44.8666], [5.17786, 44.86683], [5.17659, 44.86685], [5.17627, 44.86663]], [[5.18304, 44.86988], [5.18305, 44.8701], [5.18273, 44.86988], [5.18304, 44.86988]], [[5.19031, 44.86951], [5.19094, 44.86927], [5.19128, 44.86994], [5.19065, 44.86995], [5.19031, 44.86951]], [[5.22607, 44.86902], [5.22608, 44.86925], [5.22576, 44.86903], [5.22607, 44.86902]], [[5.22639, 44.86902], [5.22702, 44.869], [5.22703, 44.86923], [5.2264, 44.86924], [5.22639, 44.86902]], [[5.22827, 44.86853], [5.2286, 44.86897], [5.22798, 44.86921], [5.22765, 44.86877], [5.22827, 44.86853]], [[5.22701, 44.86878], [5.227, 44.86855], [5.22764, 44.86854], [5.22765, 44.86877], [5.22701, 44.86878]], [[5.2343, 44.86886], [5.23431, 44.86908], [5.23398, 44.86886], [5.2343, 44.86886]], [[5.18145, 44.86968], [5.18208, 44.86967], [5.18209, 44.8699], [5.18146, 44.86991], [5.18145, 44.86968]], [[5.18335, 44.86965], [5.18336, 44.86987], [5.18303, 44.86965], [5.18335, 44.86965]], [[5.18271, 44.86943], [5.18303, 44.86943], [5.18303, 44.86965], [5.18271, 44.86943]], [[5.19189, 44.86948], [5.1919, 44.8697], [5.19158, 44.86948], [5.19189, 44.86948]], [[5.19379, 44.86944], [5.1938, 44.86967], [5.19348, 44.86945], [5.19379, 44.86944]], [[5.20169, 44.86906], [5.20201, 44.86905], [5.20203, 44.8695], [5.20171, 44.86951], [5.20169, 44.86906]], [[5.19314, 44.869], [5.19316, 44.86945], [5.19253, 44.86947], [5.19251, 44.86902], [5.19314, 44.869]], [[5.19219, 44.86902], [5.19217, 44.86857], [5.19249, 44.86857], [5.19251, 44.86902], [5.19219, 44.86902]], [[5.18554, 44.86893], [5.18556, 44.86938], [5.18524, 44.86938], [5.18522, 44.86893], [5.18554, 44.86893]], [[5.18459, 44.86895], [5.18489, 44.86849], [5.18521, 44.86848], [5.18522, 44.86893], [5.18459, 44.86895]], [[5.19123, 44.86882], [5.19155, 44.86881], [5.19157, 44.86926], [5.19125, 44.86927], [5.19123, 44.86882]], [[5.20636, 44.86694], [5.20668, 44.86693], [5.20676, 44.86896], [5.20644, 44.86896], [5.20636, 44.86694]], [[5.22415, 44.86839], [5.22416, 44.86861], [5.22383, 44.86839], [5.22415, 44.86839]], [[5.22351, 44.86817], [5.22382, 44.86817], [5.22383, 44.86839], [5.22351, 44.86817]], [[5.22921, 44.86828], [5.22922, 44.86851], [5.22889, 44.86829], [5.22921, 44.86828]], [[5.19345, 44.86877], [5.19346, 44.869], [5.19313, 44.86878], [5.19345, 44.86877]], [[5.20231, 44.8686], [5.20232, 44.86882], [5.20199, 44.8686], [5.20231, 44.8686]], [[5.21591, 44.86833], [5.21592, 44.86855], [5.2156, 44.86833], [5.21591, 44.86833]], [[5.22952, 44.86805], [5.23015, 44.86804], [5.23016, 44.86827], [5.22953, 44.86828], [5.22952, 44.86805]], [[5.20451, 44.86833], [5.20452, 44.86855], [5.2042, 44.86833], [5.20451, 44.86833]], [[5.21685, 44.86808], [5.21812, 44.86806], [5.21813, 44.86828], [5.21686, 44.86831], [5.21685, 44.86808]], [[5.22918, 44.86761], [5.22917, 44.86738], [5.23044, 44.86736], [5.23046, 44.86781], [5.22793, 44.86786], [5.22762, 44.86809], [5.22697, 44.86765], [5.22602, 44.86767], [5.22601, 44.86745], [5.22918, 44.86761]], [[5.18394, 44.86851], [5.18395, 44.86873], [5.18362, 44.86852], [5.18394, 44.86851]], [[5.1833, 44.8683], [5.18361, 44.86829], [5.18362, 44.86852], [5.1833, 44.8683]], [[5.20227, 44.8677], [5.20259, 44.86769], [5.20262, 44.86837], [5.2023, 44.86837], [5.20227, 44.8677]], [[5.18235, 44.86832], [5.18298, 44.8683], [5.18299, 44.86853], [5.18236, 44.86854], [5.18235, 44.86832]], [[5.18456, 44.86827], [5.18457, 44.8685], [5.18425, 44.86828], [5.18456, 44.86827]], [[5.21713, 44.86718], [5.21745, 44.86717], [5.21748, 44.86784], [5.21653, 44.86786], [5.21713, 44.86718]], [[5.22316, 44.86751], [5.22317, 44.86773], [5.22285, 44.86751], [5.22316, 44.86751]], [[5.18582, 44.86802], [5.18583, 44.86825], [5.1855, 44.86803], [5.18582, 44.86802]], [[5.18926, 44.86683], [5.19083, 44.86657], [5.19021, 44.86703], [5.18958, 44.86705], [5.18963, 44.86817], [5.18931, 44.86818], [5.18926, 44.86683]], [[5.20479, 44.8672], [5.2051, 44.86719], [5.20513, 44.86787], [5.2045, 44.86788], [5.20416, 44.86743], [5.20448, 44.86743], [5.20445, 44.86675], [5.20508, 44.86674], [5.20479, 44.8672]], [[5.15259, 44.86845], [5.1526, 44.86867], [5.15227, 44.86845], [5.15259, 44.86845]], [[5.18518, 44.86781], [5.18519, 44.86803], [5.18486, 44.86782], [5.18518, 44.86781]], [[5.19182, 44.86768], [5.19183, 44.8679], [5.19151, 44.86768], [5.19182, 44.86768]], [[5.19309, 44.86765], [5.1931, 44.86788], [5.19277, 44.86766], [5.19309, 44.86765]], [[5.22916, 44.86693], [5.22917, 44.86716], [5.22884, 44.86694], [5.22916, 44.86693]], [[5.23137, 44.86689], [5.23232, 44.86687], [5.23233, 44.8671], [5.23138, 44.86712], [5.23137, 44.86689]], [[5.18011, 44.86768], [5.18074, 44.86767], [5.18075, 44.8679], [5.18012, 44.86791], [5.18011, 44.86768]], [[5.1858, 44.86757], [5.18581, 44.8678], [5.18549, 44.86758], [5.1858, 44.86757]], [[5.18644, 44.86756], [5.18644, 44.86778], [5.18612, 44.86757], [5.18644, 44.86756]], [[5.18579, 44.86735], [5.18611, 44.86734], [5.18612, 44.86757], [5.18579, 44.86735]], [[5.20289, 44.86723], [5.2029, 44.86746], [5.20257, 44.86724], [5.20289, 44.86723]], [[5.2263, 44.86677], [5.22788, 44.86674], [5.22789, 44.86696], [5.22631, 44.86699], [5.2263, 44.86677]], [[5.22946, 44.86648], [5.22947, 44.86693], [5.22851, 44.8665], [5.22946, 44.86648]], [[5.2301, 44.86669], [5.23011, 44.86692], [5.22978, 44.8667], [5.2301, 44.86669]], [[5.23105, 44.86667], [5.23106, 44.8669], [5.23073, 44.86668], [5.23105, 44.86667]], [[5.19212, 44.86722], [5.19213, 44.86745], [5.19181, 44.86723], [5.19212, 44.86722]], [[5.18673, 44.8671], [5.18674, 44.86733], [5.18642, 44.86711], [5.18673, 44.8671]], [[5.20318, 44.86655], [5.2032, 44.867], [5.20288, 44.86701], [5.20286, 44.86656], [5.20318, 44.86655]], [[5.20254, 44.86634], [5.20285, 44.86633], [5.20286, 44.86656], [5.20254, 44.86634]], [[5.20221, 44.86612], [5.20253, 44.86612], [5.20254, 44.86634], [5.20221, 44.86612]], [[5.21456, 44.8661], [5.21552, 44.86631], [5.21553, 44.86653], [5.21459, 44.86678], [5.21456, 44.8661]], [[5.15256, 44.86755], [5.15256, 44.86777], [5.15224, 44.86755], [5.15256, 44.86755]], [[5.1807, 44.86655], [5.18229, 44.86674], [5.1823, 44.86697], [5.18071, 44.867], [5.1807, 44.86655]], [[5.22402, 44.86524], [5.22466, 44.86522], [5.22469, 44.86612], [5.22438, 44.86613], [5.22402, 44.86524]], [[5.18481, 44.86647], [5.18482, 44.86669], [5.18449, 44.86647], [5.18481, 44.86647]], [[5.18577, 44.86667], [5.18544, 44.86645], [5.18576, 44.86645], [5.18577, 44.86667]], [[5.18512, 44.86623], [5.18543, 44.86623], [5.18544, 44.86645], [5.18512, 44.86623]], [[5.18574, 44.866], [5.18606, 44.86599], [5.18608, 44.86644], [5.18576, 44.86645], [5.18574, 44.866]], [[5.18924, 44.86638], [5.18925, 44.8666], [5.18892, 44.86638], [5.18924, 44.86638]], [[5.21898, 44.86579], [5.21899, 44.86601], [5.21866, 44.86579], [5.21898, 44.86579]], [[5.22529, 44.86521], [5.22592, 44.8652], [5.22558, 44.86453], [5.22621, 44.86452], [5.22624, 44.86519], [5.22689, 44.86563], [5.2269, 44.86585], [5.22626, 44.86587], [5.22593, 44.86542], [5.2253, 44.86544], [5.22529, 44.86521]], [[5.23511, 44.86546], [5.23512, 44.86569], [5.2348, 44.86547], [5.23511, 44.86546]], [[5.18035, 44.86588], [5.18037, 44.86633], [5.17975, 44.86657], [5.17972, 44.86589], [5.18035, 44.86588]], [[5.1794, 44.86567], [5.17971, 44.86567], [5.17972, 44.86589], [5.1794, 44.86567]], [[5.19079, 44.86545], [5.19047, 44.86545], [5.1905, 44.86613], [5.18956, 44.86637], [5.18951, 44.86525], [5.19014, 44.86523], [5.18979, 44.86434], [5.19043, 44.86433], [5.19079, 44.86545]], [[5.21834, 44.86558], [5.21835, 44.8658], [5.21802, 44.86558], [5.21834, 44.86558]], [[5.23352, 44.86527], [5.23447, 44.86525], [5.23448, 44.86548], [5.23353, 44.8655], [5.23352, 44.86527]], [[5.18796, 44.86595], [5.18796, 44.86618], [5.18764, 44.86596], [5.18796, 44.86595]], [[5.21643, 44.86539], [5.21644, 44.86561], [5.21611, 44.86539], [5.21643, 44.86539]], [[5.17841, 44.86479], [5.17873, 44.86478], [5.1791, 44.86613], [5.17878, 44.86613], [5.17844, 44.86546], [5.17812, 44.86547], [5.17776, 44.86435], [5.17839, 44.86434], [5.17841, 44.86479]], [[5.17655, 44.86573], [5.17718, 44.86571], [5.17719, 44.86594], [5.17656, 44.86595], [5.17655, 44.86573]], [[5.18129, 44.86563], [5.1813, 44.86586], [5.18098, 44.86564], [5.18129, 44.86563]], [[5.18414, 44.86558], [5.18415, 44.8658], [5.18383, 44.86558], [5.18414, 44.86558]], [[5.18572, 44.86555], [5.18573, 44.86577], [5.18541, 44.86555], [5.18572, 44.86555]], [[5.22432, 44.86478], [5.22433, 44.86501], [5.22401, 44.86479], [5.22432, 44.86478]], [[5.19584, 44.86512], [5.19585, 44.86535], [5.19552, 44.86513], [5.19584, 44.86512]], [[5.2164, 44.86471], [5.21641, 44.86494], [5.21609, 44.86472], [5.2164, 44.86471]], [[5.21955, 44.8642], [5.21861, 44.86444], [5.2186, 44.86422], [5.21797, 44.86423], [5.21831, 44.8649], [5.21768, 44.86491], [5.21698, 44.86335], [5.21761, 44.86311], [5.21762, 44.86334], [5.21888, 44.86331], [5.21886, 44.86286], [5.21791, 44.86266], [5.21756, 44.86199], [5.21818, 44.86153], [5.21945, 44.86173], [5.21943, 44.86128], [5.21975, 44.86127], [5.21987, 44.86442], [5.21955, 44.8642]], [[5.17493, 44.86486], [5.17589, 44.86506], [5.1759, 44.86529], [5.17496, 44.86553], [5.17493, 44.86486]], [[5.18854, 44.86459], [5.18885, 44.86458], [5.18888, 44.86526], [5.18856, 44.86527], [5.18854, 44.86459]], [[5.20719, 44.864], [5.20751, 44.86399], [5.20755, 44.86489], [5.20723, 44.8649], [5.20719, 44.864]], [[5.18949, 44.8648], [5.1895, 44.86502], [5.18918, 44.8648], [5.18949, 44.8648]], [[5.19107, 44.86454], [5.19138, 44.86453], [5.1914, 44.86498], [5.19108, 44.86499], [5.19107, 44.86454]], [[5.22555, 44.86385], [5.22587, 44.86385], [5.22589, 44.8643], [5.22557, 44.8643], [5.22555, 44.86385]], [[5.24486, 44.86369], [5.24487, 44.86392], [5.24454, 44.8637], [5.24486, 44.86369]], [[5.17966, 44.86432], [5.17998, 44.86431], [5.18, 44.86498], [5.17969, 44.86499], [5.17966, 44.86432]], [[5.19707, 44.8642], [5.19739, 44.86419], [5.1974, 44.86464], [5.19709, 44.86465], [5.19707, 44.8642]], [[5.20151, 44.86433], [5.20152, 44.86456], [5.20119, 44.86434], [5.20151, 44.86433]], [[5.2477, 44.86341], [5.24771, 44.86363], [5.24738, 44.86341], [5.2477, 44.86341]], [[5.14677, 44.86518], [5.14644, 44.86496], [5.14676, 44.86496], [5.14677, 44.86518]], [[5.14674, 44.86451], [5.14706, 44.8645], [5.14707, 44.86495], [5.14676, 44.86496], [5.14674, 44.86451]], [[5.2445, 44.86257], [5.24481, 44.86257], [5.24483, 44.86302], [5.24577, 44.86277], [5.24547, 44.86323], [5.24452, 44.86325], [5.24419, 44.8628], [5.2445, 44.86257]], [[5.2448, 44.86212], [5.24543, 44.8621], [5.24545, 44.86255], [5.24481, 44.86257], [5.2448, 44.86212]], [[5.18213, 44.86269], [5.1815, 44.8627], [5.18184, 44.86337], [5.18153, 44.8636], [5.18185, 44.8636], [5.18187, 44.86427], [5.1806, 44.86407], [5.18029, 44.8643], [5.18027, 44.86363], [5.17995, 44.86363], [5.17997, 44.86408], [5.17965, 44.86409], [5.17963, 44.86364], [5.17869, 44.86388], [5.17868, 44.86343], [5.1793, 44.8632], [5.17892, 44.86163], [5.1805, 44.86137], [5.18079, 44.86092], [5.18174, 44.8609], [5.18213, 44.86269]], [[5.18947, 44.86412], [5.18914, 44.8639], [5.18946, 44.8639], [5.18947, 44.86412]], [[5.18942, 44.863], [5.18974, 44.86299], [5.18978, 44.86389], [5.18946, 44.8639], [5.18942, 44.863]], [[5.1891, 44.86278], [5.18942, 44.86277], [5.18942, 44.863], [5.1891, 44.86278]], [[5.20053, 44.86368], [5.20054, 44.8639], [5.20022, 44.86368], [5.20053, 44.86368]], [[5.20747, 44.86286], [5.20778, 44.86286], [5.20782, 44.86376], [5.2075, 44.86376], [5.20747, 44.86286]], [[5.19735, 44.86329], [5.19736, 44.86352], [5.19703, 44.8633], [5.19735, 44.86329]], [[5.20431, 44.86315], [5.20432, 44.86338], [5.20399, 44.86316], [5.20431, 44.86315]], [[5.19671, 44.86308], [5.19672, 44.8633], [5.19639, 44.86308], [5.19671, 44.86308]], [[5.21661, 44.86201], [5.21726, 44.86244], [5.21728, 44.86289], [5.21631, 44.86246], [5.21661, 44.86201]], [[5.24384, 44.86191], [5.24448, 44.86212], [5.24449, 44.86235], [5.24386, 44.86236], [5.24384, 44.86191]], [[5.17708, 44.86301], [5.17739, 44.86301], [5.17741, 44.86346], [5.17709, 44.86346], [5.17708, 44.86301]], [[5.24226, 44.86194], [5.24227, 44.86217], [5.24194, 44.86195], [5.24226, 44.86194]], [[5.23181, 44.86193], [5.23182, 44.86215], [5.23149, 44.86193], [5.23181, 44.86193]], [[5.19034, 44.86208], [5.19097, 44.86207], [5.191, 44.86274], [5.19036, 44.86275], [5.19034, 44.86208]], [[5.19951, 44.8619], [5.19954, 44.86257], [5.19922, 44.86258], [5.1992, 44.8619], [5.19951, 44.8619]], [[5.19888, 44.86191], [5.19885, 44.86123], [5.19917, 44.86123], [5.1992, 44.8619], [5.19888, 44.86191]], [[5.20807, 44.86218], [5.20808, 44.8624], [5.20776, 44.86218], [5.20807, 44.86218]], [[5.22484, 44.86184], [5.22485, 44.86207], [5.22452, 44.86185], [5.22484, 44.86184]], [[5.22927, 44.86175], [5.22928, 44.86198], [5.22895, 44.86176], [5.22927, 44.86175]], [[5.22863, 44.86154], [5.22894, 44.86154], [5.22895, 44.86176], [5.22863, 44.86154]], [[5.17672, 44.8619], [5.17735, 44.86188], [5.17738, 44.86278], [5.17707, 44.86279], [5.17672, 44.8619]], [[5.18876, 44.86211], [5.18907, 44.8621], [5.18909, 44.86255], [5.18877, 44.86256], [5.18876, 44.86211]], [[5.15427, 44.86278], [5.15428, 44.86301], [5.15396, 44.86279], [5.15427, 44.86278]], [[5.19192, 44.86205], [5.19255, 44.86203], [5.19256, 44.86226], [5.19193, 44.86227], [5.19192, 44.86205]], [[5.22545, 44.86138], [5.22546, 44.8616], [5.22514, 44.86139], [5.22545, 44.86138]], [[5.23082, 44.86105], [5.23146, 44.86103], [5.23146, 44.86126], [5.23083, 44.86127], [5.23082, 44.86105]], [[5.15391, 44.86167], [5.15395, 44.86257], [5.15363, 44.86257], [5.1536, 44.86167], [5.15391, 44.86167]], [[5.15328, 44.86168], [5.15325, 44.861], [5.15357, 44.861], [5.1536, 44.86167], [5.15328, 44.86168]], [[5.18906, 44.86165], [5.18906, 44.86188], [5.18874, 44.86166], [5.18906, 44.86165]], [[5.21848, 44.86107], [5.21848, 44.86129], [5.21816, 44.86108], [5.21848, 44.86107]], [[5.2248, 44.86094], [5.22481, 44.86117], [5.22449, 44.86095], [5.2248, 44.86094]], [[5.17544, 44.8617], [5.17545, 44.86192], [5.17513, 44.8617], [5.17544, 44.8617]], [[5.20794, 44.8588], [5.20826, 44.8588], [5.20832, 44.86037], [5.208, 44.86038], [5.20804, 44.86128], [5.20772, 44.86128], [5.20794, 44.8588]], [[5.22353, 44.86074], [5.22416, 44.86073], [5.22417, 44.86096], [5.22354, 44.86097], [5.22353, 44.86074]], [[5.18999, 44.86118], [5.19, 44.86141], [5.18967, 44.86119], [5.18999, 44.86118]], [[5.22447, 44.8605], [5.22448, 44.86072], [5.22415, 44.86051], [5.22447, 44.8605]], [[5.22352, 44.86052], [5.22349, 44.85984], [5.22412, 44.85961], [5.22383, 44.86029], [5.22415, 44.86051], [5.22352, 44.86052]], [[5.22317, 44.85962], [5.22348, 44.85962], [5.22349, 44.85984], [5.22317, 44.85962]], [[5.22921, 44.8604], [5.22922, 44.86063], [5.2289, 44.86041], [5.22921, 44.8604]], [[5.23142, 44.86013], [5.23047, 44.86015], [5.23046, 44.85993], [5.23204, 44.8599], [5.23239, 44.86057], [5.23175, 44.86058], [5.23142, 44.86013]], [[5.19848, 44.85989], [5.1988, 44.85988], [5.19884, 44.86101], [5.19853, 44.86102], [5.19848, 44.85989]], [[5.22699, 44.86022], [5.227, 44.86045], [5.22667, 44.86023], [5.22699, 44.86022]], [[5.15106, 44.8615], [5.15169, 44.86148], [5.1517, 44.86171], [5.15107, 44.86172], [5.15106, 44.8615]], [[5.18996, 44.86051], [5.19028, 44.8605], [5.19029, 44.86095], [5.18998, 44.86096], [5.18996, 44.86051]], [[5.21781, 44.86018], [5.21782, 44.86041], [5.21749, 44.86019], [5.21781, 44.86018]], [[5.20293, 44.86025], [5.20294, 44.86048], [5.20261, 44.86026], [5.20293, 44.86025]], [[5.23392, 44.85941], [5.23393, 44.85963], [5.23361, 44.85941], [5.23392, 44.85941]], [[5.15078, 44.8543], [5.15046, 44.8543], [5.15076, 44.85362], [5.15044, 44.85363], [5.15042, 44.85318], [5.15073, 44.85295], [5.15041, 44.85295], [5.15039, 44.85228], [5.15007, 44.85228], [5.14969, 44.85049], [5.14905, 44.8505], [5.14966, 44.84981], [5.15063, 44.85047], [5.15034, 44.85093], [5.15065, 44.85092], [5.15101, 44.85204], [5.15133, 44.85203], [5.15136, 44.85293], [5.15201, 44.85337], [5.15203, 44.85382], [5.15267, 44.85403], [5.1527, 44.85471], [5.15334, 44.85492], [5.15343, 44.8574], [5.15281, 44.85763], [5.1526, 44.86056], [5.15199, 44.86103], [5.15227, 44.86012], [5.15164, 44.86013], [5.15157, 44.85833], [5.15125, 44.85834], [5.15121, 44.85721], [5.15089, 44.85722], [5.15019, 44.85543], [5.15083, 44.85565], [5.15085, 44.8561], [5.15148, 44.85608], [5.15176, 44.85518], [5.15081, 44.85497], [5.15078, 44.8543]], [[5.18994, 44.86006], [5.18995, 44.86028], [5.18963, 44.86007], [5.18994, 44.86006]], [[5.22885, 44.85929], [5.22886, 44.85951], [5.22854, 44.85929], [5.22885, 44.85929]], [[5.23138, 44.85923], [5.23139, 44.85946], [5.23107, 44.85924], [5.23138, 44.85923]], [[5.1921, 44.85844], [5.19212, 44.85912], [5.19151, 44.85958], [5.19152, 44.86003], [5.19089, 44.86004], [5.19088, 44.85982], [5.19025, 44.85983], [5.19022, 44.85915], [5.18957, 44.85872], [5.1908, 44.85779], [5.19079, 44.85734], [5.19142, 44.85733], [5.19113, 44.85801], [5.19239, 44.85798], [5.1924, 44.85821], [5.19145, 44.85823], [5.19147, 44.85868], [5.1921, 44.85844]], [[5.20258, 44.85936], [5.2029, 44.85935], [5.20291, 44.8598], [5.2026, 44.85981], [5.20258, 44.85936]], [[5.22821, 44.85907], [5.22822, 44.8593], [5.2279, 44.85908], [5.22821, 44.85907]], [[5.23043, 44.85903], [5.23043, 44.85925], [5.23011, 44.85903], [5.23043, 44.85903]], [[5.22757, 44.85886], [5.22758, 44.85909], [5.22725, 44.85887], [5.22757, 44.85886]], [[5.22884, 44.85884], [5.22947, 44.85882], [5.22948, 44.85905], [5.22884, 44.85906], [5.22884, 44.85884]], [[5.23264, 44.85898], [5.23201, 44.859], [5.23135, 44.85833], [5.23198, 44.85832], [5.23263, 44.85876], [5.23264, 44.85898]], [[5.23072, 44.85835], [5.23006, 44.85768], [5.23069, 44.85767], [5.23134, 44.85811], [5.23135, 44.85833], [5.23072, 44.85835]], [[5.14847, 44.86019], [5.14848, 44.86042], [5.14816, 44.8602], [5.14847, 44.86019]], [[5.1532, 44.85965], [5.15352, 44.85965], [5.15354, 44.86032], [5.15323, 44.86033], [5.1532, 44.85965]], [[5.2168, 44.85863], [5.21711, 44.85862], [5.21713, 44.85907], [5.21681, 44.85908], [5.2168, 44.85863]], [[5.22851, 44.85862], [5.22852, 44.85884], [5.22819, 44.85862], [5.22851, 44.85862]], [[5.19845, 44.85899], [5.19846, 44.85922], [5.19813, 44.859], [5.19845, 44.85899]], [[5.23325, 44.8583], [5.23325, 44.85852], [5.23293, 44.8583], [5.23325, 44.8583]], [[5.18862, 44.85851], [5.18893, 44.8585], [5.18896, 44.85918], [5.18864, 44.85918], [5.18862, 44.85851]], [[5.20286, 44.85845], [5.20288, 44.8589], [5.20256, 44.85891], [5.20254, 44.85846], [5.20286, 44.85845]], [[5.20223, 44.85847], [5.20185, 44.8569], [5.20217, 44.85689], [5.20219, 44.85757], [5.20251, 44.85756], [5.20254, 44.85846], [5.20223, 44.85847]], [[5.20153, 44.8569], [5.20148, 44.85555], [5.2018, 44.85555], [5.20185, 44.8569], [5.20153, 44.8569]], [[5.22217, 44.85829], [5.22217, 44.85852], [5.22185, 44.8583], [5.22217, 44.85829]], [[5.1804, 44.8589], [5.18041, 44.85912], [5.18008, 44.8589], [5.1804, 44.8589]], [[5.17977, 44.85891], [5.17973, 44.85801], [5.18005, 44.858], [5.18008, 44.8589], [5.17977, 44.85891]], [[5.17961, 44.85486], [5.17993, 44.85485], [5.17997, 44.85598], [5.18029, 44.85597], [5.18036, 44.858], [5.18005, 44.858], [5.17961, 44.85486]], [[5.17929, 44.85487], [5.17926, 44.85397], [5.17957, 44.85396], [5.17961, 44.85486], [5.17929, 44.85487]], [[5.18356, 44.85883], [5.18357, 44.85906], [5.18325, 44.85884], [5.18356, 44.85883]], [[5.19875, 44.85853], [5.19876, 44.85876], [5.19843, 44.85854], [5.19875, 44.85853]], [[5.21646, 44.85818], [5.2171, 44.85817], [5.2171, 44.85839], [5.21647, 44.85841], [5.21646, 44.85818]], [[5.225, 44.85801], [5.22501, 44.85824], [5.22469, 44.85802], [5.225, 44.85801]], [[5.15383, 44.85942], [5.15351, 44.85942], [5.15348, 44.85852], [5.15379, 44.85852], [5.15383, 44.85942]], [[5.15377, 44.85784], [5.15408, 44.85783], [5.15411, 44.85851], [5.15379, 44.85852], [5.15377, 44.85784]], [[5.20788, 44.85723], [5.20819, 44.85722], [5.20824, 44.85835], [5.20792, 44.85835], [5.20788, 44.85723]], [[5.22847, 44.85749], [5.22846, 44.85727], [5.22751, 44.85729], [5.2275, 44.85706], [5.22654, 44.85685], [5.22681, 44.85572], [5.2265, 44.85573], [5.22647, 44.85505], [5.22679, 44.85505], [5.22679, 44.85527], [5.22711, 44.85527], [5.22712, 44.85549], [5.22744, 44.85549], [5.22744, 44.85571], [5.22776, 44.8557], [5.22777, 44.85593], [5.22873, 44.85614], [5.22907, 44.8568], [5.2297, 44.85679], [5.22941, 44.85725], [5.22847, 44.85749]], [[5.22614, 44.85484], [5.22646, 44.85483], [5.22647, 44.85505], [5.22614, 44.85484]], [[5.22551, 44.85485], [5.22549, 44.8544], [5.22613, 44.85439], [5.22614, 44.85484], [5.22551, 44.85485]], [[5.23004, 44.85723], [5.23005, 44.85746], [5.22972, 44.85724], [5.23004, 44.85723]], [[5.18954, 44.85782], [5.18955, 44.85804], [5.18922, 44.85782], [5.18954, 44.85782]], [[5.18605, 44.85766], [5.18606, 44.85788], [5.18573, 44.85767], [5.18605, 44.85766]], [[5.23223, 44.85674], [5.23224, 44.85697], [5.23192, 44.85675], [5.23223, 44.85674]], [[5.18414, 44.85747], [5.18415, 44.8577], [5.18383, 44.85748], [5.18414, 44.85747]], [[5.24961, 44.85594], [5.24993, 44.85593], [5.24995, 44.85638], [5.24963, 44.85639], [5.24961, 44.85594]], [[5.18635, 44.8572], [5.18636, 44.85743], [5.18603, 44.85721], [5.18635, 44.8572]], [[5.2338, 44.85626], [5.23381, 44.85648], [5.23348, 44.85626], [5.2338, 44.85626]], [[5.20817, 44.85655], [5.20818, 44.85677], [5.20785, 44.85655], [5.20817, 44.85655]], [[5.23157, 44.85608], [5.23158, 44.8563], [5.23126, 44.85608], [5.23157, 44.85608]], [[5.23093, 44.85587], [5.23125, 44.85586], [5.23126, 44.85608], [5.23093, 44.85587]], [[5.15406, 44.85716], [5.15437, 44.85715], [5.15439, 44.8576], [5.15407, 44.85761], [5.15406, 44.85716]], [[5.1857, 44.85677], [5.18571, 44.85699], [5.18538, 44.85677], [5.1857, 44.85677]], [[5.19044, 44.85667], [5.19045, 44.8569], [5.19013, 44.85668], [5.19044, 44.85667]], [[5.23252, 44.85606], [5.23185, 44.85495], [5.23089, 44.85474], [5.23054, 44.85385], [5.22957, 44.85342], [5.22954, 44.85274], [5.23084, 44.85362], [5.23086, 44.85407], [5.23149, 44.85405], [5.23151, 44.8545], [5.23248, 44.85493], [5.23251, 44.85561], [5.23316, 44.85605], [5.23252, 44.85606]], [[5.19107, 44.85643], [5.19108, 44.85666], [5.19075, 44.85644], [5.19107, 44.85643]], [[5.2499, 44.85526], [5.24991, 44.85548], [5.24959, 44.85526], [5.2499, 44.85526]], [[5.22933, 44.85545], [5.22997, 44.85543], [5.22998, 44.85566], [5.22934, 44.85567], [5.22933, 44.85545]], [[5.16986, 44.8564], [5.16986, 44.85663], [5.16954, 44.85641], [5.16986, 44.8564]], [[5.18882, 44.85558], [5.19009, 44.85578], [5.19011, 44.85623], [5.18916, 44.85625], [5.18882, 44.85558]], [[5.19168, 44.85597], [5.19169, 44.8562], [5.19137, 44.85598], [5.19168, 44.85597]], [[5.23027, 44.8552], [5.23028, 44.85543], [5.22996, 44.85521], [5.23027, 44.8552]], [[5.23533, 44.85488], [5.23533, 44.8551], [5.23439, 44.85535], [5.23438, 44.8549], [5.23533, 44.85488]], [[5.23374, 44.85491], [5.23374, 44.85468], [5.23437, 44.85467], [5.23438, 44.8549], [5.23374, 44.85491]], [[5.23565, 44.8551], [5.23628, 44.85508], [5.23629, 44.85531], [5.23566, 44.85532], [5.23565, 44.8551]], [[5.1863, 44.85585], [5.18631, 44.85608], [5.18598, 44.85586], [5.1863, 44.85585]], [[5.20781, 44.85543], [5.20782, 44.85565], [5.20749, 44.85543], [5.20781, 44.85543]], [[5.16952, 44.85596], [5.16953, 44.85618], [5.16921, 44.85596], [5.16952, 44.85596]], [[5.19384, 44.85435], [5.19385, 44.8548], [5.19262, 44.85573], [5.19261, 44.85528], [5.19196, 44.85507], [5.19227, 44.85483], [5.19223, 44.85371], [5.19318, 44.85369], [5.19377, 44.85278], [5.19441, 44.85277], [5.19412, 44.85345], [5.19349, 44.85368], [5.19351, 44.85413], [5.19319, 44.85414], [5.1932, 44.85437], [5.19384, 44.85435]], [[5.22931, 44.85477], [5.22932, 44.855], [5.22899, 44.85478], [5.22931, 44.85477]], [[5.22867, 44.85456], [5.22898, 44.85455], [5.22899, 44.85478], [5.22867, 44.85456]], [[5.1543, 44.85513], [5.15461, 44.85512], [5.15465, 44.85625], [5.15434, 44.85625], [5.1543, 44.85513]], [[5.18848, 44.85513], [5.18877, 44.85445], [5.18845, 44.85423], [5.19003, 44.8542], [5.19, 44.85353], [5.19032, 44.85352], [5.19036, 44.85465], [5.18973, 44.85466], [5.19007, 44.85533], [5.18945, 44.85557], [5.18912, 44.85512], [5.18848, 44.85513]], [[5.20177, 44.85487], [5.20209, 44.85487], [5.2021, 44.85532], [5.20179, 44.85532], [5.20177, 44.85487]], [[5.16919, 44.85551], [5.1692, 44.85574], [5.16887, 44.85552], [5.16919, 44.85551]], [[5.18722, 44.85516], [5.18723, 44.85538], [5.1869, 44.85517], [5.18722, 44.85516]], [[5.19956, 44.85492], [5.19956, 44.85514], [5.19924, 44.85492], [5.19956, 44.85492]], [[5.21537, 44.8546], [5.21538, 44.85483], [5.21506, 44.85461], [5.21537, 44.8546]], [[5.22961, 44.85432], [5.22961, 44.85454], [5.22929, 44.85432], [5.22961, 44.85432]], [[5.22896, 44.8541], [5.22928, 44.8541], [5.22929, 44.85432], [5.22896, 44.8541]], [[5.24953, 44.85391], [5.24954, 44.85414], [5.24922, 44.85392], [5.24953, 44.85391]], [[5.2024, 44.85486], [5.20208, 44.85464], [5.20239, 44.85463], [5.2024, 44.85486]], [[5.20237, 44.85396], [5.20268, 44.85395], [5.20271, 44.85463], [5.20239, 44.85463], [5.20237, 44.85396]], [[5.20264, 44.85283], [5.20296, 44.85282], [5.203, 44.85395], [5.20268, 44.85395], [5.20264, 44.85283]], [[5.22864, 44.85389], [5.22866, 44.85434], [5.22833, 44.85412], [5.2277, 44.85413], [5.228, 44.85367], [5.22864, 44.85389]], [[5.16854, 44.85508], [5.16855, 44.8553], [5.16822, 44.85508], [5.16854, 44.85508]], [[5.1679, 44.85486], [5.16821, 44.85486], [5.16822, 44.85508], [5.1679, 44.85486]], [[5.17834, 44.85488], [5.17835, 44.85511], [5.17803, 44.85489], [5.17834, 44.85488]], [[5.19448, 44.85457], [5.19449, 44.85479], [5.19416, 44.85457], [5.19448, 44.85457]], [[5.22516, 44.85396], [5.22517, 44.85418], [5.22454, 44.85419], [5.22388, 44.85353], [5.22451, 44.85352], [5.22516, 44.85396]], [[5.23718, 44.85371], [5.23719, 44.85394], [5.23686, 44.85372], [5.23718, 44.85371]], [[5.20015, 44.854], [5.20016, 44.85423], [5.19984, 44.85401], [5.20015, 44.854]], [[5.19381, 44.85368], [5.19444, 44.85367], [5.19414, 44.85412], [5.19383, 44.85413], [5.19381, 44.85368]], [[5.22861, 44.85321], [5.22862, 44.85344], [5.2283, 44.85322], [5.22861, 44.85321]], [[5.20045, 44.85355], [5.20046, 44.85377], [5.20014, 44.85355], [5.20045, 44.85355]], [[5.22323, 44.85309], [5.22323, 44.85332], [5.2226, 44.85333], [5.22259, 44.85311], [5.22323, 44.85309]], [[5.22196, 44.85312], [5.22194, 44.85267], [5.22258, 44.85288], [5.22259, 44.85311], [5.22196, 44.85312]], [[5.2248, 44.85284], [5.22576, 44.85304], [5.22577, 44.85327], [5.22482, 44.85329], [5.2248, 44.85284]], [[5.15262, 44.84458], [5.1525, 44.84953], [5.15281, 44.84953], [5.15284, 44.8502], [5.15316, 44.8502], [5.15391, 44.85333], [5.15456, 44.85377], [5.15459, 44.85445], [5.15427, 44.85445], [5.15425, 44.854], [5.15329, 44.85357], [5.15326, 44.8529], [5.15294, 44.8529], [5.15256, 44.85111], [5.15192, 44.8509], [5.15252, 44.85021], [5.15155, 44.84955], [5.15146, 44.8473], [5.15177, 44.84707], [5.15145, 44.84685], [5.15176, 44.84685], [5.15197, 44.84414], [5.15099, 44.84326], [5.15097, 44.84281], [5.15066, 44.84281], [5.15093, 44.84168], [5.15032, 44.84215], [5.14999, 44.84193], [5.14841, 44.84196], [5.14839, 44.84151], [5.1487, 44.84128], [5.15029, 44.84147], [5.15056, 44.84034], [5.1512, 44.84033], [5.15125, 44.84168], [5.15157, 44.8419], [5.15126, 44.8419], [5.15127, 44.84235], [5.15225, 44.84301], [5.15261, 44.84413], [5.15292, 44.84412], [5.15294, 44.84457], [5.15262, 44.84458]], [[5.14807, 44.84129], [5.14838, 44.84128], [5.14839, 44.84151], [5.14807, 44.84129]], [[5.20645, 44.8532], [5.20646, 44.85343], [5.20614, 44.85321], [5.20645, 44.8532]], [[5.2346, 44.85264], [5.23461, 44.85286], [5.23429, 44.85265], [5.2346, 44.85264]], [[5.17766, 44.85355], [5.17767, 44.85377], [5.17734, 44.85355], [5.17766, 44.85355]], [[5.17892, 44.8533], [5.17923, 44.85329], [5.17925, 44.85374], [5.17893, 44.85375], [5.17892, 44.8533]], [[5.18968, 44.85331], [5.18969, 44.85353], [5.18936, 44.85332], [5.18968, 44.85331]], [[5.19094, 44.85328], [5.19095, 44.85351], [5.19063, 44.85329], [5.19094, 44.85328]], [[5.1919, 44.85349], [5.19158, 44.85327], [5.19189, 44.85327], [5.1919, 44.85349]], [[5.19188, 44.85304], [5.19252, 44.85303], [5.19253, 44.85325], [5.19189, 44.85327], [5.19188, 44.85304]], [[5.19632, 44.85318], [5.19633, 44.8534], [5.19601, 44.85318], [5.19632, 44.85318]], [[5.21941, 44.85272], [5.21942, 44.85294], [5.2191, 44.85273], [5.21941, 44.85272]], [[5.22004, 44.85271], [5.22005, 44.85293], [5.21973, 44.85271], [5.22004, 44.85271]], [[5.16595, 44.85355], [5.16596, 44.85378], [5.16563, 44.85356], [5.16595, 44.85355]], [[5.165, 44.85357], [5.16499, 44.85334], [5.16562, 44.85333], [5.16563, 44.85356], [5.165, 44.85357]], [[5.16466, 44.85312], [5.16498, 44.85312], [5.16499, 44.85334], [5.16466, 44.85312]], [[5.16403, 44.85314], [5.16401, 44.85269], [5.16433, 44.85268], [5.16434, 44.85291], [5.16466, 44.8529], [5.16466, 44.85312], [5.16403, 44.85314]], [[5.1637, 44.85269], [5.16366, 44.85179], [5.16398, 44.85179], [5.16401, 44.85269], [5.1637, 44.85269]], [[5.19598, 44.85251], [5.19569, 44.85319], [5.19537, 44.8532], [5.19535, 44.85252], [5.19598, 44.85251]], [[5.19502, 44.8523], [5.19534, 44.8523], [5.19535, 44.85252], [5.19502, 44.8523]], [[5.14538, 44.85372], [5.14539, 44.85395], [5.14506, 44.85373], [5.14538, 44.85372]], [[5.19155, 44.8526], [5.19062, 44.85307], [5.1906, 44.85262], [5.19153, 44.85215], [5.19155, 44.8526]], [[5.19143, 44.84945], [5.19174, 44.84944], [5.19185, 44.85214], [5.19153, 44.85215], [5.19143, 44.84945]], [[5.21592, 44.85234], [5.21592, 44.85256], [5.2156, 44.85234], [5.21592, 44.85234]], [[5.17888, 44.8524], [5.17891, 44.85307], [5.17859, 44.85308], [5.17856, 44.8524], [5.17888, 44.8524]], [[5.17825, 44.85241], [5.17823, 44.85196], [5.17855, 44.85195], [5.17856, 44.8524], [5.17825, 44.85241]], [[5.17791, 44.85174], [5.17822, 44.85173], [5.17823, 44.85196], [5.17791, 44.85174]], [[5.19503, 44.85253], [5.19504, 44.85275], [5.19471, 44.85253], [5.19503, 44.85253]], [[5.22887, 44.85163], [5.22951, 44.85184], [5.22952, 44.85207], [5.22888, 44.85208], [5.22887, 44.85163]], [[5.18834, 44.85153], [5.188, 44.85087], [5.18862, 44.8504], [5.18896, 44.85107], [5.18928, 44.85107], [5.18891, 44.84972], [5.18921, 44.84949], [5.18889, 44.84927], [5.18921, 44.84927], [5.18919, 44.84882], [5.18887, 44.84882], [5.18885, 44.84837], [5.18916, 44.84814], [5.18948, 44.84813], [5.18981, 44.84858], [5.19044, 44.84857], [5.1908, 44.84946], [5.19111, 44.84945], [5.19116, 44.8508], [5.19085, 44.85081], [5.1909, 44.85216], [5.18996, 44.8524], [5.18997, 44.85263], [5.18902, 44.85265], [5.18866, 44.85153], [5.18834, 44.85153]], [[5.18884, 44.84792], [5.18915, 44.84792], [5.18916, 44.84814], [5.18884, 44.84792]], [[5.23328, 44.85131], [5.23488, 44.85151], [5.23488, 44.85173], [5.23299, 44.85177], [5.23328, 44.85131]], [[5.17065, 44.85233], [5.17066, 44.85256], [5.17033, 44.85234], [5.17065, 44.85233]], [[5.17001, 44.85212], [5.17032, 44.85211], [5.17033, 44.85234], [5.17001, 44.85212]], [[5.19738, 44.84775], [5.19643, 44.84777], [5.19645, 44.84845], [5.19614, 44.84845], [5.19652, 44.85002], [5.19589, 44.85026], [5.19586, 44.84958], [5.19555, 44.84959], [5.19557, 44.85004], [5.19463, 44.85028], [5.19496, 44.85073], [5.19464, 44.85073], [5.19466, 44.85118], [5.19372, 44.85143], [5.19374, 44.85188], [5.19248, 44.85213], [5.19243, 44.85078], [5.19274, 44.85055], [5.19242, 44.85055], [5.19206, 44.84943], [5.19237, 44.8492], [5.19174, 44.84922], [5.19171, 44.84854], [5.19139, 44.84855], [5.19105, 44.84788], [5.19073, 44.84788], [5.19075, 44.84833], [5.19011, 44.84812], [5.18976, 44.84723], [5.19131, 44.84652], [5.19159, 44.84539], [5.19254, 44.8456], [5.19316, 44.84513], [5.19319, 44.84581], [5.19382, 44.8458], [5.19384, 44.84625], [5.19447, 44.84623], [5.1948, 44.84668], [5.19702, 44.84686], [5.19738, 44.84775]], [[5.19107, 44.84833], [5.19109, 44.84878], [5.19077, 44.84878], [5.19075, 44.84833], [5.19107, 44.84833]], [[5.195, 44.85163], [5.195, 44.85185], [5.19468, 44.85163], [5.195, 44.85163]], [[5.1953, 44.8514], [5.19531, 44.85162], [5.19499, 44.8514], [5.1953, 44.8514]], [[5.19688, 44.85137], [5.19689, 44.85159], [5.19657, 44.85137], [5.19688, 44.85137]], [[5.2209, 44.85044], [5.22154, 44.85042], [5.22188, 44.85109], [5.22125, 44.85111], [5.2209, 44.85044]], [[5.22376, 44.85061], [5.22408, 44.8506], [5.22409, 44.85105], [5.22378, 44.85106], [5.22376, 44.85061]], [[5.22535, 44.8508], [5.22536, 44.85102], [5.22503, 44.85081], [5.22535, 44.8508]], [[5.16967, 44.85168], [5.16968, 44.8519], [5.16936, 44.85168], [5.16967, 44.85168]], [[5.16904, 44.85169], [5.16902, 44.85124], [5.16934, 44.85123], [5.16936, 44.85168], [5.16904, 44.85169]], [[5.19719, 44.85113], [5.1972, 44.85136], [5.19688, 44.85114], [5.19719, 44.85113]], [[5.20352, 44.85101], [5.20353, 44.85123], [5.2032, 44.85102], [5.20352, 44.85101]], [[5.21332, 44.85081], [5.21333, 44.85104], [5.21301, 44.85082], [5.21332, 44.85081]], [[5.22281, 44.85062], [5.22282, 44.85085], [5.2225, 44.85063], [5.22281, 44.85062]], [[5.21932, 44.85047], [5.21996, 44.85046], [5.21996, 44.85068], [5.21933, 44.85069], [5.21932, 44.85047]], [[5.22026, 44.85023], [5.22058, 44.85022], [5.2206, 44.85067], [5.22028, 44.85068], [5.22026, 44.85023]], [[5.16395, 44.85111], [5.16427, 44.85111], [5.16429, 44.85156], [5.16397, 44.85156], [5.16395, 44.85111]], [[5.20097, 44.85061], [5.20098, 44.85083], [5.20065, 44.85062], [5.20097, 44.85061]], [[5.22659, 44.8501], [5.22533, 44.85035], [5.22531, 44.84967], [5.22467, 44.84969], [5.22434, 44.84924], [5.22528, 44.849], [5.22495, 44.84856], [5.22558, 44.84854], [5.22588, 44.84809], [5.22524, 44.8481], [5.22523, 44.84787], [5.22586, 44.84764], [5.2262, 44.8483], [5.22652, 44.8483], [5.22659, 44.8501]], [[5.17787, 44.85084], [5.17788, 44.85107], [5.17755, 44.85085], [5.17787, 44.85084]], [[5.21931, 44.85002], [5.21772, 44.85005], [5.21772, 44.84983], [5.21929, 44.84957], [5.21959, 44.84911], [5.22084, 44.84886], [5.22086, 44.84931], [5.21991, 44.84933], [5.21993, 44.84978], [5.22088, 44.84976], [5.22089, 44.84999], [5.21931, 44.85024], [5.21931, 44.85002]], [[5.22247, 44.84996], [5.2231, 44.84994], [5.22311, 44.85017], [5.22248, 44.85018], [5.22247, 44.84996]], [[5.22405, 44.84992], [5.22406, 44.85015], [5.22373, 44.84993], [5.22405, 44.84992]], [[5.16458, 44.85087], [5.16459, 44.8511], [5.16426, 44.85088], [5.16458, 44.85087]], [[5.23068, 44.84957], [5.23069, 44.84979], [5.23037, 44.84957], [5.23068, 44.84957]], [[5.16489, 44.85064], [5.16489, 44.85087], [5.16457, 44.85065], [5.16489, 44.85064]], [[5.20505, 44.84963], [5.20536, 44.84962], [5.20538, 44.85007], [5.20506, 44.85008], [5.20505, 44.84963]], [[5.16519, 44.85041], [5.1652, 44.85064], [5.16488, 44.85042], [5.16519, 44.85041]], [[5.1772, 44.84995], [5.17752, 44.84995], [5.17754, 44.8504], [5.17722, 44.8504], [5.1772, 44.84995]], [[5.1886, 44.84995], [5.18861, 44.85018], [5.18828, 44.84996], [5.1886, 44.84995]], [[5.22212, 44.84906], [5.22339, 44.84926], [5.2234, 44.84949], [5.22213, 44.84951], [5.22212, 44.84906]], [[5.22972, 44.84913], [5.22973, 44.84936], [5.2294, 44.84914], [5.22972, 44.84913]], [[5.2313, 44.8491], [5.23225, 44.84908], [5.23226, 44.84931], [5.23131, 44.84933], [5.2313, 44.8491]], [[5.1655, 44.85018], [5.16551, 44.85041], [5.16518, 44.85019], [5.1655, 44.85018]], [[5.16612, 44.84994], [5.16739, 44.84992], [5.1674, 44.85014], [5.16613, 44.85017], [5.16612, 44.84994]], [[5.23191, 44.84864], [5.23255, 44.84863], [5.23255, 44.84885], [5.23192, 44.84887], [5.23191, 44.84864]], [[5.16771, 44.84991], [5.16738, 44.84969], [5.1677, 44.84969], [5.16771, 44.84991]], [[5.16768, 44.84924], [5.16831, 44.84923], [5.16801, 44.84968], [5.1677, 44.84969], [5.16768, 44.84924]], [[5.17714, 44.84838], [5.17746, 44.84837], [5.17751, 44.84972], [5.17719, 44.84973], [5.17714, 44.84838]], [[5.20406, 44.84875], [5.20438, 44.84874], [5.2044, 44.84919], [5.20408, 44.8492], [5.20406, 44.84875]], [[5.22429, 44.84812], [5.22336, 44.84836], [5.22337, 44.84881], [5.22274, 44.84882], [5.22241, 44.84838], [5.22333, 44.84769], [5.22396, 44.84767], [5.2258, 44.84606], [5.22553, 44.84742], [5.22458, 44.84744], [5.22429, 44.84812]], [[5.22578, 44.84561], [5.22609, 44.8456], [5.22611, 44.84605], [5.2258, 44.84606], [5.22578, 44.84561]], [[5.22463, 44.84856], [5.22464, 44.84879], [5.22431, 44.84857], [5.22463, 44.84856]], [[5.23064, 44.84844], [5.23065, 44.84867], [5.23032, 44.84845], [5.23064, 44.84844]], [[5.16864, 44.84944], [5.16865, 44.84967], [5.16832, 44.84945], [5.16864, 44.84944]], [[5.16959, 44.84943], [5.1696, 44.84965], [5.16927, 44.84943], [5.16959, 44.84943]], [[5.19141, 44.849], [5.19142, 44.84922], [5.19109, 44.849], [5.19141, 44.849]], [[5.20691, 44.84869], [5.20692, 44.84892], [5.20659, 44.8487], [5.20691, 44.84869]], [[5.21894, 44.84868], [5.2183, 44.84869], [5.21829, 44.84846], [5.21861, 44.84846], [5.2186, 44.84823], [5.21892, 44.84823], [5.21894, 44.84868]], [[5.21766, 44.84848], [5.21796, 44.84802], [5.21828, 44.84801], [5.21829, 44.84846], [5.21766, 44.84848]], [[5.21922, 44.84777], [5.21985, 44.84776], [5.21955, 44.84821], [5.21892, 44.84823], [5.21922, 44.84777]], [[5.22114, 44.84841], [5.22115, 44.84863], [5.22082, 44.84841], [5.22114, 44.84841]], [[5.22936, 44.84802], [5.22967, 44.84801], [5.22969, 44.84846], [5.22937, 44.84847], [5.22936, 44.84802]], [[5.23095, 44.84821], [5.23095, 44.84843], [5.23063, 44.84822], [5.23095, 44.84821]], [[5.14901, 44.84938], [5.14964, 44.84936], [5.14934, 44.84982], [5.14903, 44.84983], [5.14901, 44.84938]], [[5.19773, 44.84865], [5.19774, 44.84887], [5.19741, 44.84865], [5.19773, 44.84865]], [[5.23125, 44.84798], [5.23126, 44.8482], [5.23094, 44.84798], [5.23125, 44.84798]], [[5.2322, 44.84796], [5.23283, 44.84795], [5.23284, 44.84817], [5.23221, 44.84818], [5.2322, 44.84796]], [[5.17083, 44.84895], [5.17084, 44.84918], [5.17052, 44.84896], [5.17083, 44.84895]], [[5.20657, 44.84802], [5.20658, 44.84847], [5.20626, 44.84825], [5.20531, 44.84827], [5.2053, 44.84805], [5.20657, 44.84802]], [[5.21543, 44.84807], [5.21606, 44.84806], [5.21607, 44.84828], [5.21544, 44.8483], [5.21543, 44.84807]], [[5.22207, 44.84794], [5.22208, 44.84816], [5.22176, 44.84794], [5.22207, 44.84794]], [[5.19707, 44.84798], [5.19738, 44.84798], [5.1974, 44.84843], [5.19709, 44.84843], [5.19707, 44.84798]], [[5.20434, 44.84784], [5.20467, 44.84806], [5.20404, 44.8483], [5.20369, 44.8474], [5.20274, 44.84742], [5.20241, 44.84698], [5.20114, 44.84678], [5.20113, 44.84655], [5.19986, 44.84658], [5.19985, 44.84635], [5.20429, 44.84649], [5.20427, 44.84604], [5.20364, 44.84605], [5.20363, 44.84583], [5.20458, 44.84581], [5.20434, 44.84784]], [[5.21859, 44.84801], [5.21827, 44.84779], [5.21858, 44.84778], [5.21859, 44.84801]], [[5.21857, 44.84733], [5.21888, 44.84733], [5.2189, 44.84778], [5.21858, 44.84778], [5.21857, 44.84733]], [[5.23029, 44.84755], [5.2303, 44.84777], [5.22997, 44.84755], [5.23029, 44.84755]], [[5.23155, 44.84752], [5.23156, 44.84775], [5.23124, 44.84753], [5.23155, 44.84752]], [[5.16765, 44.84834], [5.16796, 44.84833], [5.16798, 44.84878], [5.16766, 44.84879], [5.16765, 44.84834]], [[5.22174, 44.84749], [5.22237, 44.84748], [5.22238, 44.84771], [5.22175, 44.84772], [5.22174, 44.84749]], [[5.18946, 44.84768], [5.18947, 44.84791], [5.18914, 44.84769], [5.18946, 44.84768]], [[5.22046, 44.84707], [5.22046, 44.84729], [5.22014, 44.84708], [5.22046, 44.84707]], [[5.22931, 44.84689], [5.23026, 44.84687], [5.23027, 44.8471], [5.22932, 44.84712], [5.22931, 44.84689]], [[5.17712, 44.8477], [5.17713, 44.84793], [5.1768, 44.84771], [5.17712, 44.8477]], [[5.21918, 44.84687], [5.21919, 44.84709], [5.21886, 44.84688], [5.21918, 44.84687]], [[5.22076, 44.84684], [5.22077, 44.84706], [5.22045, 44.84684], [5.22076, 44.84684]], [[5.1673, 44.84767], [5.16731, 44.84789], [5.16699, 44.84768], [5.1673, 44.84767]], [[5.22107, 44.84661], [5.22108, 44.84683], [5.22075, 44.84661], [5.22107, 44.84661]], [[5.22359, 44.84633], [5.22329, 44.84679], [5.2214, 44.84682], [5.22139, 44.8466], [5.22359, 44.84633]], [[5.22106, 44.84638], [5.22138, 44.84637], [5.22139, 44.8466], [5.22106, 44.84638]], [[5.23149, 44.84595], [5.23151, 44.8464], [5.23088, 44.84663], [5.23054, 44.84597], [5.23118, 44.84618], [5.23149, 44.84595]], [[5.18943, 44.84701], [5.18944, 44.84723], [5.18912, 44.84702], [5.18943, 44.84701]], [[5.18879, 44.8468], [5.18911, 44.84679], [5.18912, 44.84702], [5.18879, 44.8468]], [[5.18974, 44.84678], [5.18975, 44.847], [5.18943, 44.84678], [5.18974, 44.84678]], [[5.22168, 44.84614], [5.22169, 44.84637], [5.22137, 44.84615], [5.22168, 44.84614]], [[5.22864, 44.846], [5.22865, 44.84623], [5.22833, 44.84601], [5.22864, 44.846]], [[5.16664, 44.84701], [5.16665, 44.84723], [5.16633, 44.84701], [5.16664, 44.84701]], [[5.17641, 44.84591], [5.17673, 44.84591], [5.17707, 44.84658], [5.17646, 44.84704], [5.17641, 44.84591]], [[5.19006, 44.84677], [5.18973, 44.84655], [5.19005, 44.84655], [5.19006, 44.84677]], [[5.19003, 44.8461], [5.19066, 44.84586], [5.19067, 44.84631], [5.19005, 44.84655], [5.19003, 44.8461]], [[5.22421, 44.84587], [5.22421, 44.84609], [5.22389, 44.84587], [5.22421, 44.84587]], [[5.18466, 44.84643], [5.18467, 44.84665], [5.18435, 44.84643], [5.18466, 44.84643]], [[5.18941, 44.84633], [5.18942, 44.84656], [5.18909, 44.84634], [5.18941, 44.84633]], [[5.19826, 44.84616], [5.19953, 44.84613], [5.19954, 44.84636], [5.19827, 44.84638], [5.19826, 44.84616]], [[5.22198, 44.84569], [5.22199, 44.84591], [5.22167, 44.84569], [5.22198, 44.84569]], [[5.22293, 44.84567], [5.22294, 44.84589], [5.22262, 44.84567], [5.22293, 44.84567]], [[5.22451, 44.84564], [5.22452, 44.84586], [5.2242, 44.84564], [5.22451, 44.84564]], [[5.22862, 44.84533], [5.22893, 44.84532], [5.22895, 44.84577], [5.22863, 44.84578], [5.22862, 44.84533]], [[5.18592, 44.84618], [5.18655, 44.84617], [5.18656, 44.84639], [5.18593, 44.8464], [5.18592, 44.84618]], [[5.19699, 44.84596], [5.19762, 44.84595], [5.19763, 44.84617], [5.197, 44.84618], [5.19699, 44.84596]], [[5.22229, 44.84546], [5.2223, 44.84568], [5.22197, 44.84546], [5.22229, 44.84546]], [[5.22324, 44.84544], [5.22325, 44.84566], [5.22292, 44.84544], [5.22324, 44.84544]], [[5.16504, 44.84636], [5.16505, 44.84659], [5.16472, 44.84637], [5.16504, 44.84636]], [[5.1644, 44.84615], [5.16471, 44.84614], [5.16472, 44.84637], [5.1644, 44.84615]], [[5.16407, 44.84593], [5.16439, 44.84592], [5.1644, 44.84615], [5.16407, 44.84593]], [[5.22639, 44.84515], [5.2264, 44.84537], [5.22608, 44.84515], [5.22639, 44.84515]], [[5.18776, 44.84479], [5.18937, 44.84543], [5.18876, 44.8459], [5.18841, 44.84523], [5.18778, 44.84524], [5.18776, 44.84479]], [[5.18967, 44.84498], [5.18999, 44.84497], [5.19002, 44.84587], [5.18971, 44.84588], [5.18967, 44.84498]], [[5.19096, 44.84563], [5.19097, 44.84585], [5.19065, 44.84563], [5.19096, 44.84563]], [[5.20519, 44.84512], [5.2052, 44.84557], [5.20455, 44.84513], [5.20519, 44.84512]], [[5.2235, 44.84408], [5.22413, 44.84407], [5.22386, 44.8452], [5.22323, 44.84521], [5.2235, 44.84408]], [[5.22512, 44.84495], [5.22513, 44.84517], [5.2248, 44.84496], [5.22512, 44.84495]], [[5.2267, 44.84492], [5.22671, 44.84514], [5.22638, 44.84492], [5.2267, 44.84492]], [[5.22887, 44.84375], [5.22919, 44.84374], [5.22924, 44.84509], [5.22892, 44.8451], [5.22887, 44.84375]], [[5.17388, 44.84574], [5.17388, 44.84596], [5.17356, 44.84575], [5.17388, 44.84574]], [[5.2229, 44.84477], [5.22291, 44.84499], [5.22258, 44.84477], [5.2229, 44.84477]], [[5.14793, 44.84602], [5.14794, 44.84624], [5.14762, 44.84603], [5.14793, 44.84602]], [[5.17671, 44.84546], [5.17672, 44.84568], [5.1764, 44.84546], [5.17671, 44.84546]], [[5.19022, 44.84272], [5.19116, 44.8427], [5.19121, 44.84382], [5.19153, 44.84404], [5.19248, 44.84402], [5.19156, 44.84472], [5.19158, 44.84517], [5.19095, 44.8454], [5.19092, 44.8445], [5.18994, 44.84385], [5.19022, 44.84272]], [[5.19566, 44.84441], [5.19598, 44.8444], [5.19633, 44.8453], [5.1957, 44.84531], [5.19566, 44.84441]], [[5.21592, 44.84446], [5.21624, 44.84445], [5.21625, 44.8449], [5.21594, 44.84491], [5.21592, 44.84446]], [[5.22543, 44.84472], [5.2251, 44.8445], [5.22542, 44.84449], [5.22543, 44.84472]], [[5.2254, 44.84404], [5.22572, 44.84404], [5.22573, 44.84449], [5.22542, 44.84449], [5.2254, 44.84404]], [[5.22732, 44.84468], [5.22669, 44.84469], [5.22696, 44.84356], [5.22758, 44.8431], [5.22732, 44.84468]], [[5.22756, 44.84265], [5.22788, 44.84264], [5.22789, 44.84309], [5.22758, 44.8431], [5.22756, 44.84265]], [[5.22786, 44.84219], [5.22817, 44.84219], [5.22819, 44.84264], [5.22788, 44.84264], [5.22786, 44.84219]], [[5.23015, 44.84417], [5.23016, 44.8444], [5.22984, 44.84418], [5.23015, 44.84417]], [[5.14909, 44.84307], [5.14914, 44.84442], [5.14945, 44.84441], [5.14949, 44.84531], [5.1498, 44.84531], [5.14919, 44.84577], [5.14886, 44.84533], [5.14822, 44.84534], [5.14821, 44.84511], [5.14916, 44.8451], [5.14883, 44.84465], [5.1482, 44.84466], [5.14819, 44.84444], [5.14882, 44.84443], [5.14817, 44.84399], [5.14816, 44.84376], [5.14879, 44.84375], [5.14845, 44.84308], [5.14909, 44.84307]], [[5.16373, 44.84526], [5.16374, 44.84549], [5.16341, 44.84527], [5.16373, 44.84526]], [[5.17667, 44.84433], [5.17701, 44.845], [5.17639, 44.84524], [5.17635, 44.84434], [5.17667, 44.84433]], [[5.17604, 44.84435], [5.17599, 44.84322], [5.17663, 44.84321], [5.17662, 44.84298], [5.17597, 44.84255], [5.1766, 44.84253], [5.17728, 44.84365], [5.17632, 44.84344], [5.17635, 44.84434], [5.17604, 44.84435]], [[5.17795, 44.84476], [5.17797, 44.84521], [5.17765, 44.84522], [5.17764, 44.84477], [5.17795, 44.84476]], [[5.177, 44.84478], [5.1773, 44.84432], [5.17699, 44.84433], [5.17697, 44.84388], [5.17728, 44.84387], [5.17764, 44.84477], [5.177, 44.84478]], [[5.14759, 44.84535], [5.1476, 44.84558], [5.14727, 44.84536], [5.14759, 44.84535]], [[5.18965, 44.84453], [5.18966, 44.84475], [5.18934, 44.84453], [5.18965, 44.84453]], [[5.18901, 44.84432], [5.18933, 44.84431], [5.18934, 44.84453], [5.18901, 44.84432]], [[5.19344, 44.84423], [5.19376, 44.84422], [5.19377, 44.84467], [5.19346, 44.84468], [5.19344, 44.84423]], [[5.20199, 44.84428], [5.202, 44.84451], [5.20167, 44.84429], [5.20199, 44.84428]], [[5.16339, 44.84482], [5.1634, 44.84504], [5.16308, 44.84482], [5.16339, 44.84482]], [[5.16276, 44.84483], [5.16275, 44.84438], [5.16306, 44.84437], [5.16308, 44.84482], [5.16276, 44.84483]], [[5.16242, 44.84416], [5.16274, 44.84416], [5.16275, 44.84438], [5.16242, 44.84416]], [[5.1621, 44.84417], [5.16209, 44.84372], [5.1624, 44.84371], [5.16242, 44.84416], [5.1621, 44.84417]], [[5.16177, 44.84372], [5.16174, 44.84282], [5.16205, 44.84282], [5.16209, 44.84372], [5.16177, 44.84372]], [[5.16109, 44.84261], [5.16105, 44.84149], [5.16137, 44.84148], [5.16138, 44.84171], [5.16169, 44.8417], [5.16174, 44.84282], [5.16109, 44.84261]], [[5.16073, 44.84149], [5.16072, 44.84104], [5.16103, 44.84104], [5.16105, 44.84149], [5.16073, 44.84149]], [[5.1604, 44.84105], [5.16038, 44.8406], [5.1607, 44.84059], [5.16072, 44.84104], [5.1604, 44.84105]], [[5.16006, 44.84038], [5.16038, 44.84037], [5.16038, 44.8406], [5.16006, 44.84038]], [[5.15943, 44.84039], [5.15941, 44.83994], [5.15973, 44.83994], [5.15973, 44.84016], [5.16005, 44.84016], [5.16006, 44.84038], [5.15943, 44.84039]], [[5.15811, 44.83907], [5.15809, 44.83862], [5.15778, 44.83862], [5.15776, 44.83817], [5.15744, 44.83818], [5.15708, 44.83706], [5.15611, 44.8364], [5.15609, 44.83595], [5.15641, 44.83595], [5.15642, 44.83617], [5.15673, 44.83617], [5.15674, 44.83639], [5.15737, 44.83638], [5.15772, 44.83727], [5.15837, 44.83771], [5.15963, 44.83746], [5.1584, 44.83839], [5.15908, 44.8395], [5.15939, 44.83949], [5.15941, 44.83994], [5.15811, 44.83907]], [[5.15578, 44.83596], [5.15543, 44.83529], [5.15575, 44.83529], [5.15576, 44.83551], [5.15607, 44.8355], [5.15609, 44.83595], [5.15578, 44.83596]], [[5.15447, 44.83486], [5.15445, 44.83441], [5.15477, 44.8344], [5.15477, 44.83463], [5.15509, 44.83462], [5.1551, 44.83485], [5.15542, 44.83484], [5.15543, 44.83529], [5.15447, 44.83486]], [[5.15413, 44.83419], [5.15444, 44.83418], [5.15445, 44.83441], [5.15413, 44.83419]], [[5.1538, 44.83397], [5.15412, 44.83397], [5.15413, 44.83419], [5.1538, 44.83397]], [[5.15348, 44.83375], [5.15379, 44.83375], [5.1538, 44.83397], [5.15348, 44.83375]], [[5.15315, 44.83353], [5.15347, 44.83353], [5.15348, 44.83375], [5.15315, 44.83353]], [[5.15283, 44.83354], [5.15282, 44.83309], [5.15313, 44.83308], [5.15315, 44.83353], [5.15283, 44.83354]], [[5.15249, 44.83287], [5.15281, 44.83287], [5.15282, 44.83309], [5.15249, 44.83287]], [[5.15218, 44.83288], [5.15183, 44.83221], [5.15215, 44.8322], [5.15216, 44.83243], [5.15248, 44.83242], [5.15249, 44.83287], [5.15218, 44.83288]], [[5.15152, 44.83221], [5.1515, 44.83176], [5.15182, 44.83176], [5.15183, 44.83221], [5.15152, 44.83221]], [[5.15118, 44.83177], [5.15083, 44.83065], [5.15114, 44.83065], [5.15116, 44.8311], [5.15147, 44.83109], [5.1515, 44.83176], [5.15118, 44.83177]], [[5.14953, 44.83], [5.14948, 44.82865], [5.14979, 44.82842], [5.14947, 44.82843], [5.14943, 44.8273], [5.14975, 44.8273], [5.14978, 44.8282], [5.1501, 44.82819], [5.15017, 44.82999], [5.15081, 44.8302], [5.15083, 44.83065], [5.14953, 44.83]], [[5.15962, 44.83724], [5.16025, 44.83722], [5.16026, 44.83745], [5.15963, 44.83746], [5.15962, 44.83724]], [[5.22411, 44.84339], [5.22475, 44.84361], [5.22476, 44.84383], [5.22413, 44.84384], [5.22411, 44.84339]], [[5.22601, 44.84358], [5.22602, 44.8438], [5.2257, 44.84359], [5.22601, 44.84358]], [[5.19723, 44.84393], [5.19724, 44.84415], [5.19691, 44.84393], [5.19723, 44.84393]], [[5.20512, 44.84355], [5.20544, 44.84354], [5.20546, 44.84399], [5.20483, 44.844], [5.20512, 44.84355]], [[5.2298, 44.84328], [5.22981, 44.8435], [5.22948, 44.84329], [5.2298, 44.84328]], [[5.18963, 44.84385], [5.18964, 44.84408], [5.18931, 44.84386], [5.18963, 44.84385]], [[5.19532, 44.84374], [5.19533, 44.84397], [5.195, 44.84375], [5.19532, 44.84374]], [[5.21649, 44.84287], [5.21681, 44.84286], [5.21714, 44.84331], [5.21652, 44.84354], [5.21649, 44.84287]], [[5.22094, 44.84323], [5.22095, 44.84346], [5.22062, 44.84324], [5.22094, 44.84323]], [[5.22631, 44.84312], [5.22632, 44.84335], [5.226, 44.84313], [5.22631, 44.84312]], [[5.22916, 44.84307], [5.22917, 44.84329], [5.22884, 44.84307], [5.22916, 44.84307]], [[5.19341, 44.84355], [5.19342, 44.84378], [5.1931, 44.84356], [5.19341, 44.84355]], [[5.19277, 44.84334], [5.19309, 44.84333], [5.1931, 44.84356], [5.19277, 44.84334]], [[5.19245, 44.84312], [5.19276, 44.84312], [5.19277, 44.84334], [5.19245, 44.84312]], [[5.19212, 44.8429], [5.19244, 44.8429], [5.19245, 44.84312], [5.19212, 44.8429]], [[5.1918, 44.84268], [5.19211, 44.84268], [5.19212, 44.8429], [5.1918, 44.84268]], [[5.19147, 44.84247], [5.19179, 44.84246], [5.1918, 44.84268], [5.19147, 44.84247]], [[5.19115, 44.84225], [5.19146, 44.84224], [5.19147, 44.84247], [5.19115, 44.84225]], [[5.1902, 44.84227], [5.19019, 44.84204], [5.19114, 44.84202], [5.19115, 44.84225], [5.1902, 44.84227]], [[5.19721, 44.84348], [5.19722, 44.8437], [5.19689, 44.84348], [5.19721, 44.84348]], [[5.22346, 44.84296], [5.22347, 44.84318], [5.22314, 44.84296], [5.22346, 44.84296]], [[5.2244, 44.84271], [5.22503, 44.8427], [5.22473, 44.84316], [5.22442, 44.84316], [5.2244, 44.84271]], [[5.21016, 44.84277], [5.21047, 44.84276], [5.21049, 44.84321], [5.21018, 44.84322], [5.21016, 44.84277]], [[5.1937, 44.84287], [5.19402, 44.84287], [5.19404, 44.84332], [5.19372, 44.84332], [5.1937, 44.84287]], [[5.19434, 44.84308], [5.19498, 44.84307], [5.19499, 44.8433], [5.19435, 44.84331], [5.19434, 44.84308]], [[5.21711, 44.84263], [5.21617, 44.84288], [5.21613, 44.84175], [5.21581, 44.84176], [5.21579, 44.84108], [5.21547, 44.84109], [5.21542, 44.83974], [5.21573, 44.83973], [5.21577, 44.84063], [5.21609, 44.84063], [5.21612, 44.84153], [5.21644, 44.84152], [5.21647, 44.84242], [5.21711, 44.84241], [5.21711, 44.84263]], [[5.22724, 44.84265], [5.22661, 44.84267], [5.22659, 44.84222], [5.22723, 44.8422], [5.22724, 44.84265]], [[5.22716, 44.84063], [5.22748, 44.84062], [5.22754, 44.8422], [5.22723, 44.8422], [5.22716, 44.84063]], [[5.22976, 44.84238], [5.22977, 44.8426], [5.22945, 44.84239], [5.22976, 44.84238]], [[5.18895, 44.84274], [5.18927, 44.84273], [5.18928, 44.84318], [5.18897, 44.84319], [5.18895, 44.84274]], [[5.19718, 44.8428], [5.19719, 44.84303], [5.19687, 44.84281], [5.19718, 44.8428]], [[5.19654, 44.84259], [5.19591, 44.8426], [5.19621, 44.84215], [5.19685, 44.84236], [5.19687, 44.84281], [5.19654, 44.84259]], [[5.20256, 44.8427], [5.20257, 44.84292], [5.20224, 44.8427], [5.20256, 44.8427]], [[5.22532, 44.84202], [5.22534, 44.84247], [5.22469, 44.84203], [5.22532, 44.84202]], [[5.16459, 44.84299], [5.16491, 44.84299], [5.16492, 44.84344], [5.16461, 44.84344], [5.16459, 44.84299]], [[5.19527, 44.84239], [5.19528, 44.84284], [5.19497, 44.84285], [5.19495, 44.8424], [5.19527, 44.84239]], [[5.19338, 44.84265], [5.19337, 44.84243], [5.19241, 44.84222], [5.1924, 44.842], [5.19304, 44.84198], [5.19302, 44.84153], [5.19237, 44.8411], [5.19174, 44.84111], [5.1914, 44.84067], [5.19297, 44.84041], [5.19326, 44.8395], [5.19388, 44.83927], [5.19429, 44.84173], [5.19461, 44.84173], [5.19431, 44.84218], [5.19494, 44.84217], [5.19495, 44.8424], [5.19338, 44.84265]], [[5.19209, 44.842], [5.19174, 44.84133], [5.19239, 44.84155], [5.1924, 44.842], [5.19209, 44.842]], [[5.20507, 44.8422], [5.20539, 44.84219], [5.2054, 44.84264], [5.20509, 44.84265], [5.20507, 44.8422]], [[5.22974, 44.8417], [5.23005, 44.8417], [5.23007, 44.84215], [5.22976, 44.84215], [5.22974, 44.8417]], [[5.17598, 44.84277], [5.17598, 44.843], [5.17566, 44.84278], [5.17598, 44.84277]], [[5.19809, 44.84166], [5.1984, 44.84165], [5.19874, 44.8421], [5.19811, 44.84233], [5.19809, 44.84166]], [[5.20968, 44.83873], [5.21, 44.83872], [5.21013, 44.8421], [5.20981, 44.8421], [5.20968, 44.83873]], [[5.19588, 44.84193], [5.19589, 44.84215], [5.19557, 44.84193], [5.19588, 44.84193]], [[5.22498, 44.84135], [5.22499, 44.84157], [5.22466, 44.84136], [5.22498, 44.84135]], [[5.23003, 44.84102], [5.23034, 44.84102], [5.23036, 44.84147], [5.23005, 44.84147], [5.23003, 44.84102]], [[5.17626, 44.84186], [5.17627, 44.84231], [5.17562, 44.84188], [5.17626, 44.84186]], [[5.19522, 44.84127], [5.19556, 44.84171], [5.19493, 44.84195], [5.19491, 44.84127], [5.19522, 44.84127]], [[5.19458, 44.84105], [5.1949, 44.84105], [5.19491, 44.84127], [5.19458, 44.84105]], [[5.19619, 44.8417], [5.1962, 44.84192], [5.19587, 44.8417], [5.19619, 44.8417]], [[5.15, 44.84215], [5.15001, 44.84238], [5.14968, 44.84216], [5.15, 44.84215]], [[5.1753, 44.84166], [5.17531, 44.84188], [5.17498, 44.84166], [5.1753, 44.84166]], [[5.19079, 44.84113], [5.19142, 44.84112], [5.19144, 44.84157], [5.19049, 44.84158], [5.19079, 44.84113]], [[5.1968, 44.84123], [5.19681, 44.84146], [5.19649, 44.84124], [5.1968, 44.84123]], [[5.19775, 44.84122], [5.19839, 44.8412], [5.19839, 44.84143], [5.19776, 44.84144], [5.19775, 44.84122]], [[5.18953, 44.84138], [5.18921, 44.84138], [5.1892, 44.84093], [5.18951, 44.84093], [5.18953, 44.84138]], [[5.1895, 44.84048], [5.18981, 44.84047], [5.18983, 44.84092], [5.18951, 44.84093], [5.1895, 44.84048]], [[5.19552, 44.84081], [5.19647, 44.84079], [5.19617, 44.84125], [5.19554, 44.84126], [5.19552, 44.84081]], [[5.19711, 44.841], [5.19712, 44.84123], [5.1968, 44.84101], [5.19711, 44.841]], [[5.2379, 44.83996], [5.23853, 44.83995], [5.23823, 44.84041], [5.23792, 44.84041], [5.2379, 44.83996]], [[5.17497, 44.84121], [5.17497, 44.84144], [5.17465, 44.84122], [5.17497, 44.84121]], [[5.1756, 44.8412], [5.17561, 44.84143], [5.17528, 44.84121], [5.1756, 44.8412]], [[5.18158, 44.84041], [5.1819, 44.8404], [5.18192, 44.84108], [5.18161, 44.84108], [5.18158, 44.84041]], [[5.1838, 44.84059], [5.18319, 44.84105], [5.18315, 44.84015], [5.18252, 44.84017], [5.18187, 44.83973], [5.18217, 44.83927], [5.18344, 44.83947], [5.1838, 44.84059]], [[5.19741, 44.84055], [5.19804, 44.84053], [5.19805, 44.84076], [5.19742, 44.84077], [5.19741, 44.84055]], [[5.1942, 44.83926], [5.19447, 44.83813], [5.19414, 44.83791], [5.19478, 44.8379], [5.1948, 44.83857], [5.19544, 44.83878], [5.19514, 44.83924], [5.19546, 44.83923], [5.19582, 44.84035], [5.1952, 44.84059], [5.19483, 44.83925], [5.1942, 44.83926]], [[5.19709, 44.84033], [5.19709, 44.84055], [5.19677, 44.84033], [5.19709, 44.84033]], [[5.20497, 44.83972], [5.20529, 44.83972], [5.20532, 44.84039], [5.205, 44.8404], [5.20497, 44.83972]], [[5.22743, 44.83927], [5.22774, 44.83927], [5.22777, 44.83994], [5.22745, 44.83995], [5.22743, 44.83927]], [[5.17462, 44.84055], [5.17463, 44.84077], [5.17431, 44.84055], [5.17462, 44.84055]], [[5.19486, 44.84015], [5.19487, 44.84037], [5.19455, 44.84015], [5.19486, 44.84015]], [[5.20244, 44.83977], [5.20276, 44.83977], [5.20278, 44.84022], [5.20246, 44.84022], [5.20244, 44.83977]], [[5.22174, 44.83961], [5.22175, 44.83984], [5.22143, 44.83962], [5.22174, 44.83961]], [[5.14741, 44.84063], [5.14742, 44.84085], [5.14773, 44.84084], [5.14774, 44.84107], [5.14711, 44.84108], [5.14709, 44.84063], [5.14741, 44.84063]], [[5.14678, 44.84064], [5.14676, 44.84019], [5.14708, 44.84018], [5.14709, 44.84063], [5.14678, 44.84064]], [[5.14643, 44.83997], [5.14675, 44.83996], [5.14676, 44.84019], [5.14643, 44.83997]], [[5.17429, 44.832], [5.17332, 44.83134], [5.17294, 44.82977], [5.17231, 44.82978], [5.17265, 44.83045], [5.17202, 44.83046], [5.172, 44.83001], [5.17138, 44.83025], [5.17104, 44.82958], [5.17039, 44.82937], [5.17078, 44.83116], [5.17014, 44.83095], [5.17001, 44.82758], [5.17065, 44.82779], [5.17063, 44.82734], [5.16999, 44.82713], [5.16995, 44.826], [5.17025, 44.82577], [5.16961, 44.82533], [5.1699, 44.82465], [5.16958, 44.82466], [5.16954, 44.82376], [5.16923, 44.82376], [5.16954, 44.82353], [5.16949, 44.82241], [5.16918, 44.82241], [5.16913, 44.82129], [5.16977, 44.82128], [5.16976, 44.82105], [5.16912, 44.82084], [5.16881, 44.82107], [5.16877, 44.82017], [5.16846, 44.82018], [5.1684, 44.81883], [5.16902, 44.81836], [5.1687, 44.81837], [5.16869, 44.81792], [5.16805, 44.81793], [5.16833, 44.8168], [5.16896, 44.81679], [5.1693, 44.81746], [5.17124, 44.81855], [5.17126, 44.819], [5.1719, 44.81921], [5.17224, 44.81988], [5.17352, 44.82008], [5.17386, 44.82075], [5.17481, 44.82073], [5.17578, 44.82138], [5.17673, 44.82137], [5.17804, 44.82247], [5.17867, 44.82245], [5.17935, 44.82379], [5.17967, 44.82378], [5.1797, 44.82468], [5.18035, 44.8249], [5.18037, 44.82557], [5.18069, 44.82557], [5.18039, 44.82602], [5.18071, 44.82602], [5.18073, 44.82669], [5.18137, 44.8269], [5.1814, 44.82758], [5.18204, 44.82779], [5.18206, 44.82824], [5.18302, 44.82867], [5.18341, 44.83047], [5.18404, 44.83045], [5.18407, 44.83113], [5.18503, 44.83156], [5.18443, 44.83225], [5.18349, 44.83249], [5.18415, 44.83315], [5.1832, 44.83317], [5.18322, 44.83385], [5.1826, 44.83408], [5.18295, 44.83498], [5.18172, 44.8359], [5.18209, 44.83725], [5.18178, 44.83748], [5.18274, 44.83768], [5.18278, 44.83881], [5.18121, 44.83907], [5.18124, 44.83974], [5.18189, 44.84018], [5.18095, 44.84042], [5.17955, 44.83707], [5.17761, 44.83598], [5.17798, 44.83733], [5.17734, 44.83712], [5.17697, 44.83577], [5.17632, 44.83533], [5.17596, 44.83422], [5.17564, 44.83422], [5.17562, 44.83355], [5.17498, 44.83333], [5.17496, 44.83288], [5.17432, 44.83267], [5.17429, 44.832]], [[5.18947, 44.8398], [5.18979, 44.8398], [5.1898, 44.84025], [5.18949, 44.84025], [5.18947, 44.8398]], [[5.19738, 44.83965], [5.19769, 44.83964], [5.19771, 44.84009], [5.19739, 44.8401], [5.19738, 44.83965]], [[5.1667, 44.84025], [5.16671, 44.84048], [5.16638, 44.84026], [5.1667, 44.84025]], [[5.17428, 44.83988], [5.1743, 44.84033], [5.17398, 44.84033], [5.17397, 44.83988], [5.17428, 44.83988]], [[5.17365, 44.83989], [5.17363, 44.83944], [5.17395, 44.83943], [5.17397, 44.83988], [5.17365, 44.83989]], [[5.17332, 44.83945], [5.17329, 44.83877], [5.17361, 44.83876], [5.17363, 44.83944], [5.17332, 44.83945]], [[5.17297, 44.83878], [5.17295, 44.8381], [5.17326, 44.8381], [5.17329, 44.83877], [5.17297, 44.83878]], [[5.18756, 44.83962], [5.18758, 44.84007], [5.18693, 44.83963], [5.18756, 44.83962]], [[5.2056, 44.83948], [5.20561, 44.83971], [5.20528, 44.83949], [5.2056, 44.83948]], [[5.21506, 44.83862], [5.21569, 44.83861], [5.21573, 44.83951], [5.21541, 44.83951], [5.21506, 44.83862]], [[5.14802, 44.84016], [5.14834, 44.84016], [5.14836, 44.84061], [5.14804, 44.84061], [5.14802, 44.84016]], [[5.14545, 44.83909], [5.14509, 44.83797], [5.14478, 44.83797], [5.14473, 44.83685], [5.14506, 44.83707], [5.14727, 44.83703], [5.14694, 44.83658], [5.14568, 44.83683], [5.14535, 44.83639], [5.14725, 44.83635], [5.14723, 44.8359], [5.1466, 44.83591], [5.14659, 44.83569], [5.14722, 44.83568], [5.1472, 44.83523], [5.14752, 44.83522], [5.14714, 44.83365], [5.14745, 44.83342], [5.14809, 44.83363], [5.14813, 44.83476], [5.14877, 44.83475], [5.14875, 44.8343], [5.14907, 44.83429], [5.14911, 44.83541], [5.14848, 44.83543], [5.14818, 44.83588], [5.14881, 44.83587], [5.14852, 44.83655], [5.14884, 44.83655], [5.14921, 44.83811], [5.14953, 44.83811], [5.14925, 44.83901], [5.14988, 44.839], [5.14985, 44.83833], [5.15017, 44.83832], [5.15015, 44.83787], [5.14951, 44.83766], [5.14981, 44.8372], [5.14949, 44.83721], [5.14944, 44.83586], [5.14976, 44.83585], [5.14978, 44.83653], [5.1501, 44.83652], [5.15049, 44.83854], [5.15113, 44.83853], [5.15085, 44.83943], [5.15022, 44.83967], [5.15025, 44.84035], [5.14899, 44.8406], [5.14928, 44.83991], [5.14832, 44.83971], [5.14862, 44.83925], [5.14798, 44.83904], [5.14796, 44.83859], [5.14703, 44.83906], [5.1467, 44.83861], [5.14607, 44.83863], [5.14605, 44.83818], [5.14542, 44.83819], [5.14543, 44.83864], [5.14608, 44.83908], [5.14545, 44.83909]], [[5.19167, 44.83953], [5.19168, 44.83976], [5.19136, 44.83954], [5.19167, 44.83953]], [[5.20209, 44.83888], [5.20241, 44.83887], [5.20243, 44.83955], [5.20212, 44.83955], [5.20209, 44.83888]], [[5.16573, 44.83959], [5.16604, 44.83959], [5.16606, 44.84004], [5.16574, 44.84004], [5.16573, 44.83959]], [[5.19198, 44.8393], [5.19199, 44.83953], [5.19167, 44.83931], [5.19198, 44.8393]], [[5.14865, 44.83993], [5.14866, 44.84015], [5.14833, 44.83993], [5.14865, 44.83993]], [[5.20525, 44.83859], [5.20556, 44.83858], [5.20558, 44.83903], [5.20526, 44.83904], [5.20525, 44.83859]], [[5.148, 44.83949], [5.14802, 44.83994], [5.1477, 44.83994], [5.14768, 44.83949], [5.148, 44.83949]], [[5.14736, 44.83928], [5.14767, 44.83927], [5.14768, 44.83949], [5.14736, 44.83928]], [[5.1926, 44.83884], [5.19261, 44.83907], [5.19228, 44.83885], [5.1926, 44.83884]], [[5.19638, 44.83854], [5.1967, 44.83853], [5.19672, 44.83898], [5.1964, 44.83899], [5.19638, 44.83854]], [[5.14642, 44.83952], [5.14643, 44.83974], [5.1461, 44.83953], [5.14642, 44.83952]], [[5.16571, 44.83914], [5.16572, 44.83937], [5.16539, 44.83915], [5.16571, 44.83914]], [[5.1929, 44.83861], [5.19291, 44.83883], [5.19259, 44.83862], [5.1929, 44.83861]], [[5.20174, 44.83798], [5.20206, 44.83798], [5.20208, 44.83865], [5.20177, 44.83866], [5.20174, 44.83798]], [[5.191, 44.83842], [5.19101, 44.83865], [5.19068, 44.83843], [5.191, 44.83842]], [[5.19605, 44.8381], [5.19603, 44.83765], [5.1954, 44.83766], [5.19538, 44.83721], [5.19601, 44.8372], [5.19669, 44.83831], [5.19575, 44.83855], [5.19541, 44.83788], [5.19605, 44.8381]], [[5.19506, 44.83699], [5.19537, 44.83698], [5.19538, 44.83721], [5.19506, 44.83699]], [[5.19536, 44.83676], [5.196, 44.83675], [5.196, 44.83697], [5.19537, 44.83698], [5.19536, 44.83676]], [[5.21497, 44.83637], [5.21529, 44.83636], [5.21536, 44.83816], [5.21504, 44.83817], [5.21497, 44.83637]], [[5.16537, 44.8387], [5.16538, 44.83893], [5.16506, 44.83871], [5.16537, 44.8387]], [[5.18909, 44.83823], [5.1891, 44.83846], [5.18878, 44.83824], [5.18909, 44.83823]], [[5.17454, 44.8383], [5.17455, 44.83852], [5.17422, 44.8383], [5.17454, 44.8383]], [[5.18846, 44.83825], [5.18751, 44.83827], [5.1875, 44.83804], [5.18654, 44.83783], [5.18683, 44.83715], [5.18782, 44.83803], [5.18845, 44.83802], [5.18846, 44.83825]], [[5.20963, 44.83738], [5.20994, 44.83737], [5.20996, 44.83782], [5.20965, 44.83783], [5.20963, 44.83738]], [[5.19066, 44.83775], [5.19066, 44.83798], [5.19034, 44.83776], [5.19066, 44.83775]], [[5.1916, 44.83773], [5.19161, 44.83796], [5.19129, 44.83774], [5.1916, 44.83773]], [[5.20236, 44.83775], [5.20205, 44.83775], [5.20201, 44.83685], [5.20233, 44.83685], [5.20236, 44.83775]], [[5.2023, 44.83617], [5.20262, 44.83617], [5.20265, 44.83684], [5.20233, 44.83685], [5.2023, 44.83617]], [[5.2026, 44.83572], [5.20292, 44.83571], [5.20294, 44.83616], [5.20262, 44.83617], [5.2026, 44.83572]], [[5.20356, 44.83592], [5.20358, 44.83637], [5.20295, 44.83661], [5.20294, 44.83616], [5.20356, 44.83592]], [[5.16377, 44.83806], [5.1644, 44.83804], [5.16441, 44.83827], [5.16378, 44.83828], [5.16377, 44.83806]], [[5.16344, 44.83784], [5.16345, 44.83806], [5.16313, 44.83784], [5.16344, 44.83784]], [[5.17292, 44.83743], [5.17294, 44.83788], [5.17262, 44.83788], [5.1726, 44.83743], [5.17292, 44.83743]], [[5.17229, 44.83744], [5.17192, 44.8361], [5.1716, 44.8361], [5.17118, 44.83341], [5.1715, 44.8334], [5.17153, 44.8343], [5.17217, 44.83429], [5.17186, 44.83452], [5.1719, 44.83565], [5.17222, 44.83564], [5.17224, 44.83631], [5.17256, 44.83631], [5.1726, 44.83743], [5.17229, 44.83744]], [[5.17087, 44.83341], [5.17084, 44.83274], [5.17179, 44.83272], [5.17181, 44.83317], [5.17117, 44.83296], [5.17118, 44.83341], [5.17087, 44.83341]], [[5.17321, 44.83675], [5.17384, 44.83673], [5.1742, 44.83785], [5.17389, 44.83786], [5.17321, 44.83675]], [[5.19124, 44.83662], [5.19093, 44.83662], [5.19088, 44.8355], [5.19214, 44.83525], [5.19274, 44.83434], [5.19463, 44.8343], [5.19402, 44.83476], [5.19376, 44.83612], [5.19312, 44.83613], [5.1922, 44.83682], [5.19222, 44.83727], [5.1916, 44.83751], [5.19124, 44.83662]], [[5.19031, 44.83708], [5.19032, 44.83731], [5.19, 44.83709], [5.19031, 44.83708]], [[5.20961, 44.83693], [5.20929, 44.83693], [5.20894, 44.83604], [5.20957, 44.8358], [5.20961, 44.83693]], [[5.20955, 44.83535], [5.20987, 44.83535], [5.20988, 44.8358], [5.20957, 44.8358], [5.20955, 44.83535]], [[5.16216, 44.83741], [5.16217, 44.83764], [5.16184, 44.83742], [5.16216, 44.83741]], [[5.18776, 44.83646], [5.18744, 44.83647], [5.18747, 44.83714], [5.18715, 44.83715], [5.18712, 44.83625], [5.18773, 44.83578], [5.188, 44.83465], [5.18926, 44.8344], [5.18928, 44.83485], [5.18804, 44.83555], [5.18776, 44.83646]], [[5.18924, 44.83395], [5.18956, 44.83395], [5.18958, 44.8344], [5.18926, 44.8344], [5.18924, 44.83395]], [[5.21592, 44.83635], [5.21593, 44.83658], [5.2156, 44.83636], [5.21592, 44.83635]], [[5.16152, 44.8372], [5.16153, 44.83742], [5.1612, 44.83721], [5.16152, 44.8372]], [[5.19472, 44.83655], [5.19473, 44.83677], [5.19441, 44.83655], [5.19472, 44.83655]], [[5.16088, 44.83699], [5.16089, 44.83721], [5.16056, 44.83699], [5.16088, 44.83699]], [[5.19504, 44.83654], [5.19471, 44.83632], [5.19503, 44.83632], [5.19504, 44.83654]], [[5.19501, 44.83587], [5.19565, 44.83608], [5.19566, 44.8363], [5.19503, 44.83632], [5.19501, 44.83587]], [[5.20579, 44.83633], [5.20546, 44.83611], [5.20483, 44.83612], [5.20447, 44.835], [5.20574, 44.83498], [5.20575, 44.83543], [5.20607, 44.83542], [5.20579, 44.83633]], [[5.16119, 44.83676], [5.16119, 44.83698], [5.16087, 44.83676], [5.16119, 44.83676]], [[5.16972, 44.83659], [5.16973, 44.83681], [5.16941, 44.8366], [5.16972, 44.83659]], [[5.21494, 44.8357], [5.21557, 44.83568], [5.21558, 44.83591], [5.21495, 44.83592], [5.21494, 44.8357]], [[5.16149, 44.83652], [5.1615, 44.83675], [5.16118, 44.83653], [5.16149, 44.83652]], [[5.16212, 44.83629], [5.16213, 44.83651], [5.1618, 44.83629], [5.16212, 44.83629]], [[5.16841, 44.83526], [5.16937, 44.8357], [5.16939, 44.83615], [5.16877, 44.83638], [5.16841, 44.83526]], [[5.17285, 44.83563], [5.17349, 44.83584], [5.17351, 44.83629], [5.17319, 44.8363], [5.17285, 44.83563]], [[5.2146, 44.83503], [5.21523, 44.83501], [5.21493, 44.83547], [5.21462, 44.83548], [5.2146, 44.83503]], [[5.1972, 44.83515], [5.19722, 44.8356], [5.19657, 44.83516], [5.1972, 44.83515]], [[5.20226, 44.83505], [5.20257, 44.83504], [5.20259, 44.83549], [5.20228, 44.8355], [5.20226, 44.83505]], [[5.22313, 44.83463], [5.22344, 44.83462], [5.22346, 44.83507], [5.22315, 44.83508], [5.22313, 44.83463]], [[5.20984, 44.83467], [5.21015, 44.83466], [5.21017, 44.83511], [5.20986, 44.83512], [5.20984, 44.83467]], [[5.16336, 44.83559], [5.16336, 44.83581], [5.16304, 44.83559], [5.16336, 44.83559]], [[5.21456, 44.8339], [5.21487, 44.8339], [5.2149, 44.83457], [5.21458, 44.83458], [5.21456, 44.8339]], [[5.22374, 44.83417], [5.22375, 44.83439], [5.22343, 44.83417], [5.22374, 44.83417]], [[5.19528, 44.83451], [5.19591, 44.8345], [5.19592, 44.83472], [5.19528, 44.83474], [5.19528, 44.83451]], [[5.19686, 44.83448], [5.19687, 44.8347], [5.19654, 44.83448], [5.19686, 44.83448]], [[5.2019, 44.83393], [5.20221, 44.83392], [5.20224, 44.8346], [5.20192, 44.8346], [5.2019, 44.83393]], [[5.17471, 44.83469], [5.17472, 44.83491], [5.1744, 44.8347], [5.17471, 44.83469]], [[5.21045, 44.83421], [5.21014, 44.83421], [5.21012, 44.83376], [5.21044, 44.83376], [5.21045, 44.83421]], [[5.21042, 44.83331], [5.21073, 44.8333], [5.21075, 44.83375], [5.21044, 44.83376], [5.21042, 44.83331]], [[5.22404, 44.83371], [5.22405, 44.83394], [5.22372, 44.83372], [5.22404, 44.83371]], [[5.22562, 44.83368], [5.22563, 44.83391], [5.22531, 44.83369], [5.22562, 44.83368]], [[5.22689, 44.83365], [5.22752, 44.83364], [5.22753, 44.83387], [5.2269, 44.83388], [5.22689, 44.83365]], [[5.22847, 44.83362], [5.22942, 44.8336], [5.22943, 44.83383], [5.22848, 44.83385], [5.22847, 44.83362]], [[5.23131, 44.83357], [5.23195, 44.83355], [5.23195, 44.83378], [5.23132, 44.83379], [5.23131, 44.83357]], [[5.14562, 44.83526], [5.1459, 44.83435], [5.14653, 44.83411], [5.14655, 44.83479], [5.14562, 44.83526]], [[5.14687, 44.83478], [5.14689, 44.83523], [5.14657, 44.83524], [5.14655, 44.83479], [5.14687, 44.83478]], [[5.19526, 44.83406], [5.19527, 44.83429], [5.19494, 44.83407], [5.19526, 44.83406]], [[5.19651, 44.83381], [5.19653, 44.83426], [5.19557, 44.83383], [5.19651, 44.83381]], [[5.19841, 44.83377], [5.19842, 44.834], [5.19809, 44.83378], [5.19841, 44.83377]], [[5.21485, 44.83345], [5.21486, 44.83367], [5.21454, 44.83345], [5.21485, 44.83345]], [[5.18986, 44.83372], [5.18987, 44.83394], [5.18955, 44.83372], [5.18986, 44.83372]], [[5.19081, 44.8337], [5.19049, 44.83348], [5.1908, 44.83347], [5.19081, 44.8337]], [[5.19077, 44.83257], [5.19109, 44.83257], [5.19112, 44.83347], [5.1908, 44.83347], [5.19077, 44.83257]], [[5.22178, 44.83263], [5.22083, 44.83265], [5.21856, 44.83112], [5.21853, 44.83044], [5.21885, 44.83044], [5.21886, 44.83066], [5.21917, 44.83066], [5.21918, 44.83088], [5.2195, 44.83088], [5.21952, 44.83133], [5.22017, 44.83176], [5.22111, 44.83152], [5.2221, 44.83262], [5.22305, 44.83261], [5.22307, 44.83306], [5.22212, 44.83307], [5.22178, 44.83263]], [[5.21788, 44.83001], [5.21851, 44.82999], [5.21853, 44.83044], [5.21788, 44.83001]], [[5.17214, 44.83361], [5.17215, 44.83384], [5.17182, 44.83362], [5.17214, 44.83361]], [[5.18693, 44.83152], [5.18692, 44.8313], [5.18756, 44.83128], [5.18754, 44.83084], [5.18912, 44.8308], [5.18884, 44.83171], [5.18916, 44.83193], [5.18886, 44.83216], [5.18982, 44.83259], [5.18859, 44.83352], [5.18789, 44.83173], [5.18693, 44.83152]], [[5.20185, 44.8328], [5.20217, 44.8328], [5.20219, 44.83325], [5.20187, 44.83325], [5.20185, 44.8328]], [[5.21483, 44.83277], [5.21484, 44.833], [5.21451, 44.83278], [5.21483, 44.83277]], [[5.14839, 44.83318], [5.14871, 44.83317], [5.14906, 44.83406], [5.14842, 44.83408], [5.14839, 44.83318]], [[5.1737, 44.83313], [5.17434, 44.83335], [5.17435, 44.83357], [5.17372, 44.83358], [5.1737, 44.83313]], [[5.20027, 44.83283], [5.20028, 44.83306], [5.19996, 44.83284], [5.20027, 44.83283]], [[5.1465, 44.83344], [5.14682, 44.83343], [5.14684, 44.83388], [5.14652, 44.83389], [5.1465, 44.83344]], [[5.20248, 44.83257], [5.20249, 44.83279], [5.20216, 44.83257], [5.20248, 44.83257]], [[5.21448, 44.8321], [5.21449, 44.83233], [5.21417, 44.83211], [5.21448, 44.8321]], [[5.174, 44.83268], [5.17401, 44.8329], [5.17369, 44.83268], [5.174, 44.83268]], [[5.17337, 44.83269], [5.17234, 44.83068], [5.17298, 44.83067], [5.17334, 44.83201], [5.17366, 44.83201], [5.17369, 44.83268], [5.17337, 44.83269]], [[5.19202, 44.8321], [5.19296, 44.83185], [5.19325, 44.83117], [5.19389, 44.83139], [5.19267, 44.83254], [5.19172, 44.83255], [5.19202, 44.8321]], [[5.14712, 44.83298], [5.14713, 44.8332], [5.1468, 44.83298], [5.14712, 44.83298]], [[5.14807, 44.83296], [5.14807, 44.83318], [5.14775, 44.83296], [5.14807, 44.83296]], [[5.19131, 44.83031], [5.19126, 44.82896], [5.19188, 44.8285], [5.19282, 44.82848], [5.19221, 44.82894], [5.19199, 44.83142], [5.19137, 44.83166], [5.19104, 44.83144], [5.19076, 44.83235], [5.19044, 44.83235], [5.19068, 44.83032], [5.19131, 44.83031]], [[5.21225, 44.8317], [5.21226, 44.83192], [5.21194, 44.8317], [5.21225, 44.8317]], [[5.17178, 44.8325], [5.17115, 44.83251], [5.17081, 44.83206], [5.17145, 44.83205], [5.17177, 44.83227], [5.17178, 44.8325]], [[5.17049, 44.83185], [5.17081, 44.83184], [5.17081, 44.83206], [5.17049, 44.83185]], [[5.17079, 44.83139], [5.17143, 44.8316], [5.17144, 44.83183], [5.17081, 44.83184], [5.17079, 44.83139]], [[5.19138, 44.83189], [5.19138, 44.83211], [5.19106, 44.83189], [5.19138, 44.83189]], [[5.21446, 44.83143], [5.21447, 44.83165], [5.21414, 44.83143], [5.21446, 44.83143]], [[5.19379, 44.82891], [5.19377, 44.82846], [5.19536, 44.82865], [5.19659, 44.82773], [5.19693, 44.82817], [5.19787, 44.82815], [5.19889, 44.82971], [5.19731, 44.82997], [5.19765, 44.83041], [5.19702, 44.83065], [5.19736, 44.83109], [5.19705, 44.83132], [5.19579, 44.83157], [5.1958, 44.8318], [5.19485, 44.83182], [5.19449, 44.8307], [5.19481, 44.83069], [5.19479, 44.83024], [5.19447, 44.83002], [5.19542, 44.83], [5.19603, 44.82954], [5.19666, 44.82953], [5.19665, 44.82908], [5.19538, 44.8291], [5.19508, 44.82956], [5.19351, 44.82982], [5.19317, 44.82915], [5.19379, 44.82891]], [[5.22014, 44.83109], [5.22077, 44.83108], [5.22078, 44.8313], [5.22015, 44.83131], [5.22014, 44.83109]], [[5.21254, 44.83101], [5.21255, 44.83124], [5.21223, 44.83102], [5.21254, 44.83101]], [[5.21285, 44.83078], [5.21286, 44.83101], [5.21253, 44.83079], [5.21285, 44.83078]], [[5.20494, 44.83072], [5.20495, 44.83094], [5.20462, 44.83072], [5.20494, 44.83072]], [[5.21316, 44.83055], [5.21317, 44.83078], [5.21284, 44.83056], [5.21316, 44.83055]], [[5.21474, 44.83052], [5.21475, 44.83075], [5.21442, 44.83053], [5.21474, 44.83052]], [[5.14768, 44.83116], [5.148, 44.83116], [5.14801, 44.83161], [5.1477, 44.83161], [5.14768, 44.83116]], [[5.19016, 44.82515], [5.18889, 44.82495], [5.18893, 44.82585], [5.18957, 44.82607], [5.18929, 44.8272], [5.18961, 44.82719], [5.18964, 44.82787], [5.1906, 44.8283], [5.19062, 44.82875], [5.18999, 44.82876], [5.19002, 44.82966], [5.18941, 44.83012], [5.18943, 44.83057], [5.18721, 44.83062], [5.18749, 44.82949], [5.18871, 44.82856], [5.18871, 44.82834], [5.18807, 44.82835], [5.18772, 44.82745], [5.18709, 44.82747], [5.18708, 44.82724], [5.18803, 44.82722], [5.18738, 44.82679], [5.18731, 44.82499], [5.18762, 44.82475], [5.18729, 44.82454], [5.18761, 44.82453], [5.1879, 44.82385], [5.18758, 44.82385], [5.18756, 44.82318], [5.18724, 44.82319], [5.18726, 44.82364], [5.18663, 44.82365], [5.1866, 44.82297], [5.18721, 44.82251], [5.18565, 44.82299], [5.18562, 44.82209], [5.18593, 44.82209], [5.18591, 44.82141], [5.1878, 44.82137], [5.18846, 44.82204], [5.19102, 44.82266], [5.19102, 44.82289], [5.19008, 44.8229], [5.19009, 44.82335], [5.19167, 44.8231], [5.19199, 44.82332], [5.19169, 44.82377], [5.19298, 44.82442], [5.19203, 44.82444], [5.19205, 44.82489], [5.19363, 44.82486], [5.19364, 44.82509], [5.19238, 44.82511], [5.19239, 44.82534], [5.19302, 44.82532], [5.19304, 44.82577], [5.1902, 44.82605], [5.19017, 44.82538], [5.1908, 44.82514], [5.19074, 44.82379], [5.19105, 44.82356], [5.1898, 44.82381], [5.18951, 44.82449], [5.19014, 44.82448], [5.19016, 44.82515]], [[5.1871, 44.82769], [5.18677, 44.82747], [5.18709, 44.82747], [5.1871, 44.82769]], [[5.18645, 44.82725], [5.18644, 44.82703], [5.18707, 44.82702], [5.18708, 44.82724], [5.18645, 44.82725]], [[5.18612, 44.82681], [5.18643, 44.8268], [5.18644, 44.82703], [5.18612, 44.82681]], [[5.18579, 44.82659], [5.18611, 44.82659], [5.18612, 44.82681], [5.18579, 44.82659]], [[5.18609, 44.82614], [5.18641, 44.82613], [5.18642, 44.82658], [5.18611, 44.82659], [5.18609, 44.82614]], [[5.18558, 44.82119], [5.1859, 44.82119], [5.18591, 44.82141], [5.18558, 44.82119]], [[5.19396, 44.82508], [5.19397, 44.8253], [5.19364, 44.82509], [5.19396, 44.82508]], [[5.20615, 44.82934], [5.2065, 44.83023], [5.2046, 44.83027], [5.20459, 44.83005], [5.20523, 44.83003], [5.20615, 44.82934]], [[5.21408, 44.82986], [5.21409, 44.83008], [5.21376, 44.82986], [5.21408, 44.82986]], [[5.21754, 44.82934], [5.21786, 44.82933], [5.21787, 44.82978], [5.21756, 44.82979], [5.21754, 44.82934]], [[5.14639, 44.83051], [5.14641, 44.83096], [5.14576, 44.83053], [5.14639, 44.83051]], [[5.14796, 44.83026], [5.14828, 44.83025], [5.1483, 44.83093], [5.14799, 44.83093], [5.14796, 44.83026]], [[5.14037, 44.8304], [5.14038, 44.83063], [5.14006, 44.83041], [5.14037, 44.8304]], [[5.2039, 44.82848], [5.20486, 44.82869], [5.20487, 44.82892], [5.20423, 44.82893], [5.20425, 44.82938], [5.20362, 44.82939], [5.2039, 44.82848]], [[5.21751, 44.82866], [5.21753, 44.82911], [5.21721, 44.82912], [5.2172, 44.82867], [5.21751, 44.82866]], [[5.21688, 44.82868], [5.21686, 44.82823], [5.21718, 44.82822], [5.2172, 44.82867], [5.21688, 44.82868]], [[5.20012, 44.82901], [5.20076, 44.829], [5.20076, 44.82922], [5.20013, 44.82923], [5.20012, 44.82901]], [[5.22984, 44.82842], [5.22985, 44.82864], [5.22953, 44.82842], [5.22984, 44.82842]], [[5.14795, 44.82981], [5.14795, 44.83003], [5.14763, 44.82981], [5.14795, 44.82981]], [[5.19853, 44.82882], [5.19917, 44.8288], [5.19917, 44.82903], [5.19854, 44.82904], [5.19853, 44.82882]], [[5.1998, 44.82879], [5.19981, 44.82902], [5.19948, 44.8288], [5.1998, 44.82879]], [[5.2058, 44.82845], [5.20579, 44.82822], [5.2061, 44.82822], [5.20643, 44.82843], [5.20613, 44.82889], [5.20518, 44.82891], [5.20485, 44.82847], [5.2058, 44.82845]], [[5.20516, 44.82823], [5.20515, 44.82801], [5.20578, 44.828], [5.20579, 44.82822], [5.20516, 44.82823]], [[5.23015, 44.82819], [5.23016, 44.82841], [5.22983, 44.82819], [5.23015, 44.82819]], [[5.14601, 44.82894], [5.146, 44.82849], [5.14695, 44.82848], [5.14727, 44.82869], [5.14762, 44.82959], [5.14699, 44.8296], [5.14665, 44.82893], [5.14601, 44.82894]], [[5.14567, 44.82828], [5.14599, 44.82827], [5.146, 44.82849], [5.14567, 44.82828]], [[5.1669, 44.82899], [5.16691, 44.82921], [5.16658, 44.82899], [5.1669, 44.82899]], [[5.14853, 44.82867], [5.14856, 44.82935], [5.14824, 44.82935], [5.14822, 44.82868], [5.14853, 44.82867]], [[5.1479, 44.82868], [5.14723, 44.82757], [5.14563, 44.82715], [5.14598, 44.82804], [5.14535, 44.82806], [5.14569, 44.82873], [5.14506, 44.82874], [5.14471, 44.82807], [5.1444, 44.82807], [5.14468, 44.82717], [5.145, 44.82716], [5.14461, 44.82537], [5.14558, 44.8258], [5.14586, 44.82489], [5.14618, 44.82489], [5.14615, 44.82421], [5.14741, 44.82419], [5.14712, 44.82487], [5.14776, 44.82486], [5.14778, 44.82553], [5.14873, 44.82551], [5.14848, 44.82732], [5.14817, 44.82733], [5.14822, 44.82868], [5.1479, 44.82868]], [[5.21684, 44.82778], [5.21685, 44.828], [5.21653, 44.82778], [5.21684, 44.82778]], [[5.22823, 44.82755], [5.22824, 44.82777], [5.22791, 44.82755], [5.22823, 44.82755]], [[5.18743, 44.82814], [5.18744, 44.82836], [5.18712, 44.82814], [5.18743, 44.82814]], [[5.19154, 44.82805], [5.19155, 44.82828], [5.19123, 44.82806], [5.19154, 44.82805]], [[5.20387, 44.82781], [5.20388, 44.82803], [5.20356, 44.82782], [5.20387, 44.82781]], [[5.18774, 44.8279], [5.18775, 44.82813], [5.18742, 44.82791], [5.18774, 44.8279]], [[5.19185, 44.82782], [5.19186, 44.82805], [5.19153, 44.82783], [5.19185, 44.82782]], [[5.20292, 44.8276], [5.20292, 44.82783], [5.20198, 44.82785], [5.20197, 44.82762], [5.20292, 44.8276]], [[5.20102, 44.82764], [5.20101, 44.82742], [5.20196, 44.8274], [5.20197, 44.82762], [5.20102, 44.82764]], [[5.21619, 44.82711], [5.2165, 44.82711], [5.21652, 44.82756], [5.2162, 44.82756], [5.21619, 44.82711]], [[5.22599, 44.82692], [5.2263, 44.82691], [5.22632, 44.82736], [5.226, 44.82737], [5.22599, 44.82692]], [[5.19848, 44.82747], [5.19911, 44.82745], [5.19912, 44.82768], [5.19849, 44.82769], [5.19848, 44.82747]], [[5.19943, 44.82745], [5.20006, 44.82743], [5.20007, 44.82766], [5.19944, 44.82767], [5.19943, 44.82745]], [[5.14882, 44.82776], [5.14913, 44.82776], [5.14916, 44.82843], [5.14884, 44.82844], [5.14882, 44.82776]], [[5.18613, 44.82726], [5.18615, 44.82771], [5.18583, 44.82772], [5.18582, 44.82727], [5.18613, 44.82726]], [[5.18549, 44.82705], [5.18581, 44.82704], [5.18582, 44.82727], [5.18549, 44.82705]], [[5.18518, 44.82705], [5.18515, 44.82638], [5.18452, 44.82639], [5.1845, 44.82594], [5.18576, 44.82569], [5.18549, 44.82705], [5.18518, 44.82705]], [[5.19721, 44.82727], [5.19722, 44.82749], [5.19689, 44.82727], [5.19721, 44.82727]], [[5.20037, 44.8272], [5.20038, 44.82743], [5.20005, 44.82721], [5.20037, 44.8272]], [[5.14313, 44.8281], [5.14314, 44.82832], [5.14282, 44.82811], [5.14313, 44.8281]], [[5.14407, 44.82786], [5.14409, 44.82831], [5.14344, 44.82787], [5.14407, 44.82786]], [[5.20067, 44.82675], [5.20131, 44.82696], [5.20132, 44.82718], [5.20069, 44.8272], [5.20067, 44.82675]], [[5.22755, 44.82644], [5.22756, 44.82666], [5.22723, 44.82644], [5.22755, 44.82644]], [[5.19245, 44.82691], [5.19246, 44.82714], [5.19213, 44.82692], [5.19245, 44.82691]], [[5.19561, 44.82685], [5.19656, 44.82683], [5.19657, 44.82705], [5.19562, 44.82707], [5.19561, 44.82685]], [[5.21489, 44.82646], [5.2149, 44.82669], [5.21458, 44.82647], [5.21489, 44.82646]], [[5.21425, 44.82625], [5.21457, 44.82625], [5.21458, 44.82647], [5.21425, 44.82625]], [[5.14313, 44.82787], [5.14281, 44.82788], [5.14279, 44.82743], [5.14311, 44.82742], [5.14313, 44.82787]], [[5.14309, 44.82697], [5.14183, 44.82722], [5.14151, 44.827], [5.14178, 44.82587], [5.14115, 44.82589], [5.14144, 44.8252], [5.14113, 44.82521], [5.14111, 44.82476], [5.14142, 44.82453], [5.1411, 44.82454], [5.14107, 44.82386], [5.14139, 44.82385], [5.14168, 44.82317], [5.14232, 44.82339], [5.14268, 44.82451], [5.14394, 44.82426], [5.14426, 44.82447], [5.14429, 44.82515], [5.14365, 44.82516], [5.14366, 44.82539], [5.14431, 44.82582], [5.14336, 44.82584], [5.14337, 44.82607], [5.144, 44.82606], [5.14436, 44.82717], [5.14311, 44.82742], [5.14309, 44.82697]], [[5.22722, 44.82599], [5.22722, 44.82622], [5.2269, 44.826], [5.22722, 44.82599]], [[5.19369, 44.82644], [5.19433, 44.82642], [5.19434, 44.82665], [5.1937, 44.82666], [5.19369, 44.82644]], [[5.21393, 44.82603], [5.21394, 44.82626], [5.21361, 44.82604], [5.21393, 44.82603]], [[5.21329, 44.82582], [5.2136, 44.82581], [5.21361, 44.82604], [5.21329, 44.82582]], [[5.21297, 44.82583], [5.21295, 44.82538], [5.21327, 44.82537], [5.21329, 44.82582], [5.21297, 44.82583]], [[5.21263, 44.82516], [5.21294, 44.82515], [5.21295, 44.82538], [5.21263, 44.82516]], [[5.19495, 44.82619], [5.19496, 44.82641], [5.19463, 44.82619], [5.19495, 44.82619]], [[5.20032, 44.82585], [5.20063, 44.82585], [5.20065, 44.8263], [5.20033, 44.8263], [5.20032, 44.82585]], [[5.22688, 44.82555], [5.22689, 44.82577], [5.22657, 44.82556], [5.22688, 44.82555]], [[5.14994, 44.82414], [5.14963, 44.82415], [5.14974, 44.82707], [5.14942, 44.82708], [5.1493, 44.82393], [5.14899, 44.82393], [5.14897, 44.82348], [5.14959, 44.82325], [5.14994, 44.82414]], [[5.16805, 44.82604], [5.16837, 44.82603], [5.16839, 44.82671], [5.16808, 44.82671], [5.16805, 44.82604]], [[5.19558, 44.82617], [5.19526, 44.82595], [5.19557, 44.82595], [5.19558, 44.82617]], [[5.19584, 44.82459], [5.19488, 44.82439], [5.19485, 44.82371], [5.19611, 44.82346], [5.1955, 44.82415], [5.19648, 44.8248], [5.1962, 44.82571], [5.19652, 44.82593], [5.19557, 44.82595], [5.19584, 44.82459]], [[5.19715, 44.82592], [5.19716, 44.82614], [5.19653, 44.82615], [5.19652, 44.82593], [5.19715, 44.82592]], [[5.19935, 44.82542], [5.19936, 44.82565], [5.19903, 44.82543], [5.19935, 44.82542]], [[5.22653, 44.82466], [5.22685, 44.82465], [5.22686, 44.8251], [5.22655, 44.82511], [5.22653, 44.82466]], [[5.16834, 44.82536], [5.16836, 44.82581], [5.16773, 44.82604], [5.16771, 44.82537], [5.16834, 44.82536]], [[5.16738, 44.82515], [5.1677, 44.82514], [5.16771, 44.82537], [5.16738, 44.82515]], [[5.19838, 44.82499], [5.1987, 44.82499], [5.19872, 44.82544], [5.19809, 44.82545], [5.19838, 44.82499]], [[5.23791, 44.82443], [5.23792, 44.82465], [5.2376, 44.82443], [5.23791, 44.82443]], [[5.24044, 44.82438], [5.24045, 44.8246], [5.24012, 44.82438], [5.24044, 44.82438]], [[5.18477, 44.82481], [5.18448, 44.82549], [5.18353, 44.82551], [5.18319, 44.82484], [5.18288, 44.82485], [5.18248, 44.82283], [5.18374, 44.82258], [5.18472, 44.82346], [5.18474, 44.82391], [5.18505, 44.8239], [5.18509, 44.8248], [5.18477, 44.82481]], [[5.18503, 44.82323], [5.18534, 44.82322], [5.18537, 44.8239], [5.18505, 44.8239], [5.18503, 44.82323]], [[5.1851, 44.82503], [5.18572, 44.82479], [5.18606, 44.82546], [5.18511, 44.82548], [5.1851, 44.82503]], [[5.19773, 44.82433], [5.19804, 44.82432], [5.19807, 44.825], [5.19775, 44.825], [5.19773, 44.82433]], [[5.19963, 44.82452], [5.19995, 44.82451], [5.19996, 44.82496], [5.19965, 44.82497], [5.19963, 44.82452]], [[5.21197, 44.8245], [5.21198, 44.82472], [5.21165, 44.8245], [5.21197, 44.8245]], [[5.22778, 44.82418], [5.22779, 44.8244], [5.22746, 44.82419], [5.22778, 44.82418]], [[5.23062, 44.82412], [5.23063, 44.82435], [5.23031, 44.82413], [5.23062, 44.82412]], [[5.19931, 44.82452], [5.19932, 44.82475], [5.199, 44.82453], [5.19931, 44.82452]], [[5.22524, 44.82401], [5.22525, 44.82423], [5.22492, 44.82401], [5.22524, 44.82401]], [[5.23852, 44.82374], [5.23853, 44.82396], [5.2382, 44.82374], [5.23852, 44.82374]], [[5.21164, 44.82405], [5.21164, 44.82428], [5.21132, 44.82406], [5.21164, 44.82405]], [[5.211, 44.82407], [5.21099, 44.82362], [5.2113, 44.82361], [5.21132, 44.82406], [5.211, 44.82407]], [[5.21067, 44.82362], [5.21064, 44.82295], [5.21096, 44.82294], [5.21099, 44.82362], [5.21067, 44.82362]], [[5.21033, 44.82295], [5.2103, 44.82228], [5.21062, 44.82227], [5.21064, 44.82295], [5.21033, 44.82295]], [[5.24072, 44.82347], [5.24073, 44.82369], [5.2404, 44.82348], [5.24072, 44.82347]], [[5.1449, 44.82469], [5.14522, 44.82468], [5.14524, 44.82513], [5.14492, 44.82514], [5.1449, 44.82469]], [[5.16736, 44.82448], [5.16737, 44.8247], [5.16704, 44.82448], [5.16736, 44.82448]], [[5.1996, 44.82362], [5.20023, 44.8236], [5.20025, 44.82405], [5.1993, 44.82407], [5.1996, 44.82362]], [[5.22395, 44.82336], [5.22396, 44.82358], [5.22363, 44.82336], [5.22395, 44.82336]], [[5.22994, 44.82279], [5.23025, 44.82278], [5.23028, 44.82345], [5.22996, 44.82346], [5.22994, 44.82279]], [[5.24098, 44.82211], [5.24103, 44.82324], [5.24071, 44.82324], [5.24067, 44.82212], [5.24098, 44.82211]], [[5.24034, 44.8219], [5.24066, 44.82189], [5.24067, 44.82212], [5.24034, 44.8219]], [[5.18727, 44.82386], [5.18727, 44.82409], [5.18695, 44.82387], [5.18727, 44.82386]], [[5.19232, 44.82354], [5.19295, 44.82352], [5.19296, 44.82375], [5.19232, 44.82376], [5.19232, 44.82354]], [[5.22675, 44.82217], [5.22678, 44.82307], [5.22647, 44.82308], [5.22643, 44.82218], [5.22675, 44.82217]], [[5.22612, 44.82219], [5.22607, 44.82106], [5.22639, 44.82106], [5.22643, 44.82218], [5.22612, 44.82219]], [[5.22391, 44.82246], [5.22454, 44.82244], [5.22456, 44.82289], [5.22393, 44.82291], [5.22391, 44.82246]], [[5.14551, 44.824], [5.14552, 44.82423], [5.14519, 44.82401], [5.14551, 44.824]], [[5.16635, 44.82292], [5.16697, 44.82268], [5.16701, 44.82358], [5.16669, 44.82359], [5.16635, 44.82292]], [[5.2375, 44.82196], [5.23751, 44.82218], [5.23718, 44.82196], [5.2375, 44.82196]], [[5.1455, 44.82378], [5.14518, 44.82356], [5.14549, 44.82355], [5.1455, 44.82378]], [[5.14576, 44.82242], [5.14512, 44.82198], [5.14353, 44.82201], [5.14256, 44.82136], [5.14253, 44.82046], [5.14284, 44.82045], [5.14285, 44.82067], [5.14317, 44.82067], [5.14282, 44.81977], [5.14345, 44.81976], [5.14379, 44.82043], [5.14442, 44.82042], [5.14471, 44.81974], [5.1463, 44.81993], [5.14703, 44.82239], [5.14608, 44.82241], [5.14581, 44.82354], [5.14549, 44.82355], [5.14576, 44.82242]], [[5.1422, 44.82024], [5.14252, 44.82023], [5.14253, 44.82046], [5.1422, 44.82024]], [[5.14249, 44.81956], [5.14281, 44.81955], [5.14282, 44.81977], [5.14249, 44.81956]], [[5.14185, 44.81934], [5.14187, 44.81979], [5.14155, 44.8198], [5.1412, 44.8189], [5.14182, 44.81867], [5.14183, 44.81889], [5.14247, 44.81888], [5.14249, 44.81956], [5.14185, 44.81934]], [[5.14673, 44.82285], [5.14768, 44.82283], [5.14803, 44.82373], [5.14613, 44.82376], [5.14673, 44.82285]], [[5.18469, 44.82279], [5.1847, 44.82301], [5.18438, 44.82279], [5.18469, 44.82279]], [[5.22548, 44.8222], [5.22454, 44.82222], [5.22453, 44.82199], [5.22389, 44.82201], [5.22418, 44.82132], [5.22386, 44.82111], [5.22513, 44.82131], [5.22548, 44.8222]], [[5.22958, 44.82167], [5.22989, 44.82166], [5.22991, 44.82211], [5.22959, 44.82212], [5.22958, 44.82167]], [[5.14358, 44.82314], [5.14389, 44.82313], [5.14391, 44.82358], [5.14359, 44.82359], [5.14358, 44.82314]], [[5.23305, 44.8216], [5.23306, 44.82182], [5.23274, 44.8216], [5.23305, 44.8216]], [[5.23968, 44.82124], [5.24, 44.82123], [5.24002, 44.82168], [5.2397, 44.82169], [5.23968, 44.82124]], [[5.18115, 44.82128], [5.18277, 44.82215], [5.18278, 44.82237], [5.18152, 44.82262], [5.18083, 44.82106], [5.17892, 44.82065], [5.1789, 44.8202], [5.17794, 44.81999], [5.17793, 44.81977], [5.17698, 44.81978], [5.17696, 44.81911], [5.17537, 44.81892], [5.17502, 44.81802], [5.17628, 44.818], [5.17888, 44.81975], [5.18079, 44.81993], [5.18115, 44.82128]], [[5.18499, 44.82233], [5.185, 44.82255], [5.18468, 44.82234], [5.18499, 44.82233]], [[5.21027, 44.8216], [5.21059, 44.8216], [5.21061, 44.82205], [5.21029, 44.82205], [5.21027, 44.8216]], [[5.14958, 44.8228], [5.14958, 44.82302], [5.14926, 44.8228], [5.14958, 44.8228]], [[5.18309, 44.82237], [5.18275, 44.8217], [5.18306, 44.82147], [5.18338, 44.82146], [5.18341, 44.82236], [5.18309, 44.82237]], [[5.18241, 44.82103], [5.18145, 44.82082], [5.18174, 44.82014], [5.18238, 44.82013], [5.18239, 44.82058], [5.18303, 44.82057], [5.18306, 44.82147], [5.18241, 44.82103]], [[5.21849, 44.82144], [5.2185, 44.82166], [5.21818, 44.82144], [5.21849, 44.82144]], [[5.22922, 44.82077], [5.22954, 44.82077], [5.22956, 44.82122], [5.22924, 44.82122], [5.22922, 44.82077]], [[5.233, 44.82025], [5.23332, 44.82024], [5.23335, 44.82114], [5.23303, 44.82115], [5.233, 44.82025]], [[5.23966, 44.82079], [5.23967, 44.82101], [5.23935, 44.82079], [5.23966, 44.82079]], [[5.23902, 44.82058], [5.23934, 44.82057], [5.23935, 44.82079], [5.23902, 44.82058]], [[5.2387, 44.82036], [5.23901, 44.82035], [5.23902, 44.82058], [5.2387, 44.82036]], [[5.23837, 44.82014], [5.23869, 44.82013], [5.2387, 44.82036], [5.23837, 44.82014]], [[5.14229, 44.82249], [5.14292, 44.82247], [5.14293, 44.8227], [5.1423, 44.82271], [5.14229, 44.82249]], [[5.22194, 44.82069], [5.22226, 44.82069], [5.22228, 44.82114], [5.22196, 44.82114], [5.22194, 44.82069]], [[5.23776, 44.8206], [5.23777, 44.82083], [5.23744, 44.82061], [5.23776, 44.8206]], [[5.24029, 44.82055], [5.2403, 44.82078], [5.23997, 44.82056], [5.24029, 44.82055]], [[5.14892, 44.82213], [5.14893, 44.82236], [5.1486, 44.82214], [5.14892, 44.82213]], [[5.14828, 44.82192], [5.14859, 44.82191], [5.1486, 44.82214], [5.14828, 44.82192]], [[5.21021, 44.82003], [5.21026, 44.82115], [5.20994, 44.82116], [5.2099, 44.82003], [5.21021, 44.82003]], [[5.20958, 44.82004], [5.20922, 44.81892], [5.20857, 44.81848], [5.20854, 44.81781], [5.20823, 44.81782], [5.20819, 44.81692], [5.20722, 44.81626], [5.20718, 44.81536], [5.2075, 44.81535], [5.20751, 44.81558], [5.20782, 44.81557], [5.20783, 44.8158], [5.20815, 44.81579], [5.20853, 44.81758], [5.20885, 44.81758], [5.20921, 44.8187], [5.20953, 44.81869], [5.20955, 44.81937], [5.20987, 44.81936], [5.2099, 44.82003], [5.20958, 44.82004]], [[5.20686, 44.81537], [5.20684, 44.81469], [5.20715, 44.81468], [5.20718, 44.81536], [5.20686, 44.81537]], [[5.20652, 44.8147], [5.2065, 44.81425], [5.20682, 44.81424], [5.20684, 44.81469], [5.20652, 44.8147]], [[5.21878, 44.82076], [5.21879, 44.82098], [5.21847, 44.82076], [5.21878, 44.82076]], [[5.22516, 44.8141], [5.22551, 44.81499], [5.22583, 44.81499], [5.22586, 44.81566], [5.22492, 44.81591], [5.22501, 44.81816], [5.22532, 44.81815], [5.22526, 44.81657], [5.22558, 44.81657], [5.22564, 44.81814], [5.22596, 44.81836], [5.22565, 44.81837], [5.22567, 44.81904], [5.22536, 44.81905], [5.22539, 44.81995], [5.22508, 44.81996], [5.22504, 44.81906], [5.22473, 44.81906], [5.22478, 44.82041], [5.22511, 44.82063], [5.22385, 44.82088], [5.22384, 44.82066], [5.22289, 44.82068], [5.22287, 44.82], [5.22318, 44.81999], [5.22315, 44.81932], [5.22411, 44.81952], [5.22409, 44.81885], [5.2247, 44.81839], [5.22458, 44.81546], [5.2249, 44.81546], [5.22485, 44.81411], [5.22516, 44.8141]], [[5.22571, 44.81994], [5.22573, 44.82039], [5.22541, 44.8204], [5.22539, 44.81995], [5.22571, 44.81994]], [[5.22542, 44.82062], [5.22543, 44.82085], [5.22511, 44.82063], [5.22542, 44.82062]], [[5.22605, 44.82061], [5.22606, 44.82084], [5.22574, 44.82062], [5.22605, 44.82061]], [[5.23458, 44.82022], [5.2349, 44.82021], [5.23491, 44.82066], [5.2346, 44.82067], [5.23458, 44.82022]], [[5.14195, 44.82182], [5.14226, 44.82181], [5.14228, 44.82226], [5.14196, 44.82227], [5.14195, 44.82182]], [[5.23836, 44.81991], [5.23775, 44.82038], [5.23707, 44.81926], [5.23771, 44.81925], [5.23805, 44.81992], [5.23836, 44.81991]], [[5.23644, 44.81928], [5.23611, 44.81883], [5.23674, 44.81882], [5.23706, 44.81904], [5.23707, 44.81926], [5.23644, 44.81928]], [[5.23578, 44.81861], [5.2361, 44.81861], [5.23611, 44.81883], [5.23578, 44.81861]], [[5.23546, 44.8184], [5.23577, 44.81839], [5.23578, 44.81861], [5.23546, 44.8184]], [[5.23513, 44.81818], [5.23545, 44.81817], [5.23546, 44.8184], [5.23513, 44.81818]], [[5.23481, 44.81796], [5.23512, 44.81795], [5.23513, 44.81818], [5.23481, 44.81796]], [[5.23448, 44.81774], [5.2348, 44.81773], [5.23481, 44.81796], [5.23448, 44.81774]], [[5.23417, 44.81775], [5.23415, 44.8173], [5.23446, 44.81729], [5.23448, 44.81774], [5.23417, 44.81775]], [[5.23382, 44.81708], [5.23414, 44.81707], [5.23415, 44.8173], [5.23382, 44.81708]], [[5.23319, 44.81709], [5.23318, 44.81687], [5.23381, 44.81685], [5.23382, 44.81708], [5.23319, 44.81709]], [[5.14763, 44.82148], [5.14794, 44.82148], [5.14796, 44.82193], [5.14764, 44.82193], [5.14763, 44.82148]], [[5.22887, 44.81988], [5.22919, 44.81987], [5.22921, 44.82032], [5.22889, 44.82033], [5.22887, 44.81988]], [[5.18398, 44.82077], [5.18399, 44.821], [5.18367, 44.82078], [5.18398, 44.82077]], [[5.23994, 44.81966], [5.23994, 44.81988], [5.23962, 44.81966], [5.23994, 44.81966]], [[5.21748, 44.81988], [5.21749, 44.82011], [5.21717, 44.81989], [5.21748, 44.81988]], [[5.23329, 44.81957], [5.2333, 44.81979], [5.23297, 44.81957], [5.23329, 44.81957]], [[5.18396, 44.82032], [5.18397, 44.82055], [5.18365, 44.82033], [5.18396, 44.82032]], [[5.18333, 44.82033], [5.18299, 44.81967], [5.18203, 44.81946], [5.1817, 44.81902], [5.18231, 44.81855], [5.18357, 44.8183], [5.18391, 44.81897], [5.18329, 44.81921], [5.18365, 44.82033], [5.18333, 44.82033]], [[5.2219, 44.81957], [5.22191, 44.81979], [5.22158, 44.81958], [5.2219, 44.81957]], [[5.2317, 44.81937], [5.23171, 44.8196], [5.23138, 44.81938], [5.2317, 44.81937]], [[5.2009, 44.81661], [5.20092, 44.81706], [5.20029, 44.81707], [5.2003, 44.8173], [5.20061, 44.81729], [5.20064, 44.81797], [5.20128, 44.81818], [5.20135, 44.81998], [5.20104, 44.81999], [5.20101, 44.81931], [5.20037, 44.8191], [5.20067, 44.81864], [5.20035, 44.81865], [5.20032, 44.81775], [5.2, 44.81775], [5.19996, 44.81685], [5.19933, 44.81687], [5.19967, 44.81754], [5.19873, 44.81778], [5.19901, 44.81665], [5.19993, 44.81595], [5.2009, 44.81661]], [[5.21777, 44.8192], [5.21779, 44.81965], [5.21682, 44.81922], [5.21777, 44.8192]], [[5.23864, 44.81901], [5.23865, 44.81923], [5.23833, 44.81901], [5.23864, 44.81901]], [[5.14726, 44.82014], [5.14758, 44.82013], [5.1476, 44.82081], [5.14728, 44.82081], [5.14726, 44.82014]], [[5.22157, 44.81935], [5.22126, 44.81936], [5.22091, 44.81846], [5.22059, 44.81847], [5.22056, 44.81779], [5.21992, 44.81758], [5.22011, 44.81443], [5.22076, 44.81486], [5.22083, 44.81644], [5.22147, 44.81665], [5.22181, 44.81732], [5.22244, 44.81731], [5.22247, 44.81798], [5.22123, 44.81868], [5.22157, 44.81935]], [[5.23326, 44.81889], [5.23327, 44.81912], [5.23295, 44.8189], [5.23326, 44.81889]], [[5.23421, 44.81887], [5.23422, 44.8191], [5.23389, 44.81888], [5.23421, 44.81887]], [[5.18141, 44.8197], [5.18142, 44.81992], [5.18109, 44.8197], [5.18141, 44.8197]], [[5.11565, 44.82075], [5.11565, 44.82097], [5.11533, 44.82075], [5.11565, 44.82075]], [[5.13745, 44.8201], [5.13747, 44.82055], [5.13649, 44.81967], [5.13712, 44.81966], [5.13713, 44.82011], [5.13745, 44.8201]], [[5.2168, 44.81855], [5.21711, 44.81854], [5.21713, 44.81899], [5.21681, 44.819], [5.2168, 44.81855]], [[5.23293, 44.81845], [5.23294, 44.81867], [5.23261, 44.81845], [5.23293, 44.81845]], [[5.23388, 44.81843], [5.23388, 44.81865], [5.23356, 44.81843], [5.23388, 44.81843]], [[5.23324, 44.81844], [5.23323, 44.81799], [5.23354, 44.81798], [5.23356, 44.81843], [5.23324, 44.81844]], [[5.15863, 44.81969], [5.15926, 44.81968], [5.15927, 44.81991], [5.15864, 44.81992], [5.15863, 44.81969]], [[5.21774, 44.8183], [5.21805, 44.8183], [5.21807, 44.81875], [5.21775, 44.81875], [5.21774, 44.8183]], [[5.23701, 44.81769], [5.23704, 44.81836], [5.23672, 44.81837], [5.23669, 44.8177], [5.23701, 44.81769]], [[5.23637, 44.81748], [5.23669, 44.81747], [5.23669, 44.8177], [5.23637, 44.81748]], [[5.15736, 44.81949], [5.15737, 44.81972], [5.15704, 44.8195], [5.15736, 44.81949]], [[5.18012, 44.81905], [5.18013, 44.81927], [5.17886, 44.8193], [5.17821, 44.81886], [5.17979, 44.81883], [5.18012, 44.81905]], [[5.18074, 44.81881], [5.18138, 44.81902], [5.18139, 44.81925], [5.18076, 44.81926], [5.18074, 44.81881]], [[5.23228, 44.81801], [5.23229, 44.81823], [5.23196, 44.81802], [5.23228, 44.81801]], [[5.21962, 44.81781], [5.21993, 44.81781], [5.21995, 44.81826], [5.21963, 44.81826], [5.21962, 44.81781]], [[5.22627, 44.81813], [5.22596, 44.81814], [5.22594, 44.81769], [5.22625, 44.81768], [5.22627, 44.81813]], [[5.22621, 44.81656], [5.22653, 44.81655], [5.22657, 44.81767], [5.22625, 44.81768], [5.22621, 44.81656]], [[5.1349, 44.81948], [5.1349, 44.8197], [5.13458, 44.81948], [5.1349, 44.81948]], [[5.21677, 44.81787], [5.21678, 44.8181], [5.21645, 44.81788], [5.21677, 44.81787]], [[5.21772, 44.81785], [5.21773, 44.81808], [5.2174, 44.81786], [5.21772, 44.81785]], [[5.21738, 44.81741], [5.21767, 44.8165], [5.21735, 44.81651], [5.2173, 44.81538], [5.21826, 44.81559], [5.21827, 44.81581], [5.21889, 44.81558], [5.21864, 44.81716], [5.21897, 44.81738], [5.21804, 44.81807], [5.21803, 44.81762], [5.21738, 44.81741]], [[5.23289, 44.81755], [5.2329, 44.81777], [5.23258, 44.81755], [5.23289, 44.81755]], [[5.11433, 44.81942], [5.11495, 44.81918], [5.11497, 44.81963], [5.11435, 44.81987], [5.11433, 44.81942]], [[5.13643, 44.81832], [5.13707, 44.81831], [5.13711, 44.81943], [5.13679, 44.81944], [5.13643, 44.81832]], [[5.14497, 44.81816], [5.14561, 44.81837], [5.14564, 44.81927], [5.14533, 44.81928], [5.14497, 44.81816]], [[5.14722, 44.81901], [5.14722, 44.81924], [5.1469, 44.81902], [5.14722, 44.81901]], [[5.14658, 44.8188], [5.14689, 44.81879], [5.1469, 44.81902], [5.14658, 44.8188]], [[5.17945, 44.81816], [5.18009, 44.81837], [5.1801, 44.8186], [5.17915, 44.81862], [5.17945, 44.81816]], [[5.18072, 44.81836], [5.18073, 44.81858], [5.18041, 44.81837], [5.18072, 44.81836]], [[5.22833, 44.81426], [5.22836, 44.81494], [5.22868, 44.81493], [5.22876, 44.81718], [5.22908, 44.81717], [5.2291, 44.81762], [5.22878, 44.81763], [5.22843, 44.81674], [5.22811, 44.81674], [5.22839, 44.81561], [5.22807, 44.81562], [5.22802, 44.81427], [5.22833, 44.81426]], [[5.2277, 44.81427], [5.22767, 44.8136], [5.22799, 44.81359], [5.22802, 44.81427], [5.2277, 44.81427]], [[5.23191, 44.81667], [5.23194, 44.81757], [5.23163, 44.81757], [5.23159, 44.81667], [5.23191, 44.81667]], [[5.23128, 44.81668], [5.23125, 44.816], [5.23156, 44.816], [5.23159, 44.81667], [5.23128, 44.81668]], [[5.23889, 44.8172], [5.2389, 44.81743], [5.23857, 44.81721], [5.23889, 44.8172]], [[5.23634, 44.8168], [5.23666, 44.8168], [5.23668, 44.81725], [5.23636, 44.81725], [5.23634, 44.8168]], [[5.17469, 44.8178], [5.17471, 44.81825], [5.17439, 44.81803], [5.17344, 44.81805], [5.17343, 44.81783], [5.17469, 44.8178]], [[5.23824, 44.81676], [5.23825, 44.81699], [5.23792, 44.81677], [5.23824, 44.81676]], [[5.14655, 44.81813], [5.14687, 44.81812], [5.14688, 44.81857], [5.14657, 44.81858], [5.14655, 44.81813]], [[5.15541, 44.81818], [5.15542, 44.8184], [5.15509, 44.81819], [5.15541, 44.81818]], [[5.15477, 44.81797], [5.15508, 44.81796], [5.15509, 44.81819], [5.15477, 44.81797]], [[5.17974, 44.81748], [5.18037, 44.81747], [5.18039, 44.81792], [5.17944, 44.81793], [5.17974, 44.81748]], [[5.23286, 44.81665], [5.23287, 44.81687], [5.23254, 44.81665], [5.23286, 44.81665]], [[5.23444, 44.81662], [5.23445, 44.81684], [5.23412, 44.81662], [5.23444, 44.81662]], [[5.23602, 44.81658], [5.23603, 44.81681], [5.2357, 44.81659], [5.23602, 44.81658]], [[5.14244, 44.81821], [5.14245, 44.81843], [5.14212, 44.81821], [5.14244, 44.81821]], [[5.11461, 44.81851], [5.11462, 44.81874], [5.1143, 44.81852], [5.11461, 44.81851]], [[5.14433, 44.81794], [5.14434, 44.81817], [5.14401, 44.81795], [5.14433, 44.81794]], [[5.14369, 44.81773], [5.144, 44.81772], [5.14401, 44.81795], [5.14369, 44.81773]], [[5.23252, 44.8162], [5.23253, 44.81643], [5.23221, 44.81621], [5.23252, 44.8162]], [[5.11364, 44.81786], [5.11427, 44.81785], [5.11398, 44.81853], [5.11366, 44.81853], [5.11364, 44.81786]], [[5.14621, 44.81746], [5.14652, 44.81745], [5.14654, 44.8179], [5.14622, 44.81791], [5.14621, 44.81746]], [[5.15444, 44.81752], [5.15444, 44.81775], [5.15412, 44.81753], [5.15444, 44.81752]], [[5.15602, 44.81749], [5.15823, 44.81745], [5.15824, 44.81767], [5.15602, 44.81772], [5.15602, 44.81749]], [[5.16392, 44.81734], [5.16393, 44.81756], [5.1636, 44.81734], [5.16392, 44.81734]], [[5.17403, 44.81714], [5.17404, 44.81737], [5.17372, 44.81715], [5.17403, 44.81714]], [[5.22057, 44.80991], [5.22088, 44.80991], [5.22091, 44.81058], [5.22155, 44.81079], [5.22157, 44.81124], [5.22255, 44.8119], [5.2238, 44.81165], [5.2235, 44.81211], [5.22255, 44.81213], [5.22257, 44.81258], [5.22226, 44.81258], [5.22227, 44.81303], [5.2229, 44.81279], [5.22291, 44.81302], [5.22354, 44.81301], [5.22356, 44.81368], [5.22294, 44.81392], [5.22296, 44.81437], [5.2236, 44.81458], [5.2233, 44.81504], [5.22362, 44.81503], [5.22364, 44.81571], [5.22396, 44.8157], [5.22399, 44.81637], [5.22336, 44.81639], [5.22333, 44.81571], [5.2227, 44.81573], [5.22299, 44.81504], [5.22267, 44.81505], [5.22264, 44.81438], [5.22134, 44.8135], [5.22133, 44.81305], [5.2207, 44.81329], [5.22104, 44.81396], [5.2201, 44.81398], [5.22038, 44.81307], [5.22069, 44.81306], [5.22057, 44.80991]], [[5.22556, 44.81612], [5.22557, 44.81634], [5.22524, 44.81612], [5.22556, 44.81612]], [[5.22587, 44.81589], [5.22618, 44.81588], [5.2262, 44.81633], [5.22588, 44.81634], [5.22587, 44.81589]], [[5.11554, 44.81782], [5.11585, 44.81781], [5.11587, 44.81826], [5.11555, 44.81827], [5.11554, 44.81782]], [[5.23187, 44.81577], [5.23188, 44.81599], [5.23156, 44.81577], [5.23187, 44.81577]], [[5.23124, 44.81578], [5.23122, 44.81533], [5.23154, 44.81532], [5.23156, 44.81577], [5.23124, 44.81578]], [[5.2309, 44.81511], [5.23121, 44.8151], [5.23122, 44.81533], [5.2309, 44.81511]], [[5.23788, 44.81565], [5.23789, 44.81587], [5.23756, 44.81565], [5.23788, 44.81565]], [[5.17528, 44.81667], [5.17591, 44.81665], [5.17592, 44.81688], [5.17529, 44.81689], [5.17528, 44.81667]], [[5.19772, 44.81622], [5.19773, 44.81645], [5.19741, 44.81623], [5.19772, 44.81622]], [[5.14556, 44.81702], [5.14557, 44.81724], [5.14524, 44.81703], [5.14556, 44.81702]], [[5.17274, 44.81649], [5.17275, 44.81671], [5.17243, 44.8165], [5.17274, 44.81649]], [[5.17401, 44.81647], [5.17402, 44.81669], [5.17369, 44.81647], [5.17401, 44.81647]], [[5.14617, 44.81656], [5.14649, 44.81655], [5.14651, 44.817], [5.14619, 44.81701], [5.14617, 44.81656]], [[5.15439, 44.8164], [5.15409, 44.81685], [5.15346, 44.81687], [5.15344, 44.81642], [5.15439, 44.8164]], [[5.15312, 44.8162], [5.15344, 44.81619], [5.15344, 44.81642], [5.15312, 44.8162]], [[5.15503, 44.81661], [5.15504, 44.81684], [5.15472, 44.81662], [5.15503, 44.81661]], [[5.16387, 44.81599], [5.16323, 44.816], [5.16322, 44.81555], [5.16417, 44.81553], [5.1642, 44.81643], [5.16358, 44.81667], [5.16387, 44.81599]], [[5.2192, 44.81534], [5.21921, 44.81557], [5.21889, 44.81535], [5.2192, 44.81534]], [[5.13574, 44.81676], [5.13575, 44.81698], [5.13543, 44.81676], [5.13574, 44.81676]], [[5.13919, 44.81602], [5.13951, 44.81601], [5.13954, 44.81691], [5.13923, 44.81692], [5.13919, 44.81602]], [[5.14775, 44.8163], [5.14776, 44.81675], [5.14711, 44.81631], [5.14775, 44.8163]], [[5.17491, 44.81532], [5.17492, 44.81555], [5.17333, 44.81535], [5.17337, 44.81625], [5.17305, 44.81626], [5.1727, 44.81536], [5.17174, 44.81516], [5.17173, 44.81493], [5.17268, 44.81491], [5.17298, 44.81446], [5.17172, 44.81448], [5.17171, 44.81426], [5.17424, 44.81421], [5.17454, 44.81398], [5.17552, 44.81463], [5.17678, 44.81461], [5.17555, 44.81531], [5.17491, 44.81532]], [[5.14265, 44.8155], [5.14328, 44.81526], [5.14364, 44.81638], [5.14301, 44.81662], [5.14265, 44.8155]], [[5.14869, 44.81628], [5.1487, 44.81651], [5.14838, 44.81629], [5.14869, 44.81628]], [[5.15185, 44.81622], [5.15186, 44.81645], [5.15154, 44.81623], [5.15185, 44.81622]], [[5.17177, 44.81583], [5.17178, 44.81606], [5.17145, 44.81584], [5.17177, 44.81583]], [[5.19988, 44.8146], [5.20023, 44.8155], [5.19928, 44.81552], [5.19958, 44.81506], [5.19925, 44.81484], [5.19988, 44.8146]], [[5.21696, 44.81471], [5.21728, 44.81471], [5.2173, 44.81516], [5.21698, 44.81516], [5.21696, 44.81471]], [[5.21824, 44.81491], [5.21824, 44.81514], [5.21792, 44.81492], [5.21824, 44.81491]], [[5.21854, 44.81468], [5.21886, 44.81468], [5.21888, 44.81513], [5.21856, 44.81513], [5.21854, 44.81468]], [[5.23088, 44.81466], [5.23089, 44.81489], [5.23056, 44.81467], [5.23088, 44.81466]], [[5.15279, 44.81598], [5.1528, 44.8162], [5.15248, 44.81598], [5.15279, 44.81598]], [[5.15216, 44.81599], [5.15214, 44.81554], [5.15246, 44.81553], [5.15248, 44.81598], [5.15216, 44.81599]], [[5.15976, 44.81607], [5.15878, 44.81541], [5.15815, 44.81542], [5.15754, 44.81589], [5.15752, 44.81544], [5.15589, 44.81434], [5.15584, 44.81299], [5.15519, 44.81255], [5.15425, 44.81257], [5.15455, 44.81234], [5.15451, 44.81122], [5.15387, 44.811], [5.15383, 44.8101], [5.15507, 44.8094], [5.15572, 44.80984], [5.15699, 44.80982], [5.15764, 44.81026], [5.15827, 44.81024], [5.15828, 44.81047], [5.16112, 44.81041], [5.16142, 44.80996], [5.16174, 44.80995], [5.16175, 44.8104], [5.16207, 44.81039], [5.16205, 44.80994], [5.16269, 44.81016], [5.16234, 44.80926], [5.16328, 44.80902], [5.16326, 44.80834], [5.16197, 44.80792], [5.16154, 44.80478], [5.16281, 44.80498], [5.1628, 44.80475], [5.16343, 44.80474], [5.16342, 44.80429], [5.16405, 44.80428], [5.16431, 44.80292], [5.16463, 44.80291], [5.16531, 44.80425], [5.16661, 44.80513], [5.16663, 44.80558], [5.16726, 44.80556], [5.16759, 44.80601], [5.16823, 44.806], [5.16856, 44.80644], [5.16952, 44.80665], [5.16953, 44.8071], [5.16891, 44.80733], [5.16924, 44.80778], [5.16893, 44.80778], [5.16895, 44.80823], [5.16988, 44.80799], [5.1699, 44.80844], [5.16927, 44.80845], [5.16929, 44.8089], [5.17024, 44.80888], [5.17058, 44.80955], [5.17122, 44.80976], [5.17124, 44.81021], [5.1722, 44.81065], [5.17221, 44.81087], [5.17127, 44.81111], [5.171, 44.81225], [5.16847, 44.8123], [5.16846, 44.81207], [5.16751, 44.81209], [5.1675, 44.81186], [5.16592, 44.81189], [5.16593, 44.81212], [5.1653, 44.81213], [5.16532, 44.81258], [5.16562, 44.81235], [5.16784, 44.81231], [5.16785, 44.81253], [5.17102, 44.8127], [5.17101, 44.81247], [5.17259, 44.81244], [5.1726, 44.81289], [5.17229, 44.8129], [5.172, 44.81358], [5.16725, 44.81345], [5.16664, 44.81413], [5.16539, 44.81438], [5.16506, 44.81416], [5.16508, 44.81461], [5.16382, 44.81486], [5.16384, 44.81531], [5.16258, 44.81556], [5.16257, 44.81511], [5.16319, 44.81488], [5.16317, 44.8142], [5.16285, 44.81421], [5.16287, 44.81466], [5.16224, 44.81489], [5.16197, 44.81602], [5.16101, 44.81582], [5.16102, 44.81604], [5.15976, 44.81607]], [[5.1654, 44.81461], [5.1654, 44.81483], [5.16508, 44.81461], [5.1654, 44.81461]], [[5.19797, 44.81442], [5.19829, 44.81441], [5.19832, 44.81531], [5.19801, 44.81532], [5.19797, 44.81442]], [[5.15026, 44.8158], [5.15027, 44.81603], [5.14994, 44.81581], [5.15026, 44.8158]], [[5.21789, 44.81425], [5.21821, 44.81424], [5.21823, 44.81469], [5.21791, 44.8147], [5.21789, 44.81425]], [[5.23022, 44.814], [5.23054, 44.81399], [5.23055, 44.81444], [5.23024, 44.81445], [5.23022, 44.814]], [[5.14834, 44.81539], [5.14897, 44.81515], [5.14899, 44.81583], [5.14836, 44.81584], [5.14834, 44.81539]], [[5.16415, 44.81508], [5.1651, 44.81506], [5.16511, 44.81551], [5.16448, 44.81553], [5.16415, 44.81508]], [[5.20778, 44.81445], [5.20779, 44.81467], [5.20746, 44.81445], [5.20778, 44.81445]], [[5.21814, 44.81244], [5.21816, 44.81289], [5.21847, 44.81288], [5.21849, 44.81333], [5.21881, 44.81333], [5.21885, 44.81445], [5.21853, 44.81446], [5.21852, 44.81401], [5.21756, 44.8138], [5.21753, 44.81313], [5.2169, 44.81314], [5.21782, 44.81245], [5.21814, 44.81244]], [[5.21719, 44.81246], [5.21717, 44.81201], [5.2178, 44.812], [5.21782, 44.81245], [5.21719, 44.81246]], [[5.23591, 44.81388], [5.23592, 44.81411], [5.23559, 44.81389], [5.23591, 44.81388]], [[5.18027, 44.81477], [5.18028, 44.81499], [5.17995, 44.81477], [5.18027, 44.81477]], [[5.21693, 44.81381], [5.21694, 44.81426], [5.21663, 44.81427], [5.21661, 44.81382], [5.21693, 44.81381]], [[5.21629, 44.81383], [5.21628, 44.81338], [5.21659, 44.81337], [5.21661, 44.81382], [5.21629, 44.81383]], [[5.22357, 44.81391], [5.22358, 44.81413], [5.22326, 44.81391], [5.22357, 44.81391]], [[5.22547, 44.81387], [5.22548, 44.81409], [5.22515, 44.81387], [5.22547, 44.81387]], [[5.1145, 44.81559], [5.11482, 44.81558], [5.11484, 44.81603], [5.11452, 44.81604], [5.1145, 44.81559]], [[5.13695, 44.81538], [5.13696, 44.81561], [5.13664, 44.81539], [5.13695, 44.81538]], [[5.13632, 44.8154], [5.13598, 44.81473], [5.13661, 44.81472], [5.13664, 44.81539], [5.13632, 44.8154]], [[5.14485, 44.81501], [5.14579, 44.81476], [5.14581, 44.81521], [5.14487, 44.81546], [5.14485, 44.81501]], [[5.14959, 44.81491], [5.14991, 44.81491], [5.14992, 44.81536], [5.14961, 44.81536], [5.14959, 44.81491]], [[5.15181, 44.8151], [5.15182, 44.81532], [5.1515, 44.8151], [5.15181, 44.8151]], [[5.19414, 44.81359], [5.19479, 44.81403], [5.19481, 44.81448], [5.19449, 44.81449], [5.19414, 44.81359]], [[5.2302, 44.81355], [5.23021, 44.81377], [5.22989, 44.81355], [5.2302, 44.81355]], [[5.17075, 44.81405], [5.17078, 44.81473], [5.16949, 44.81408], [5.17075, 44.81405]], [[5.20616, 44.81358], [5.20648, 44.81357], [5.2065, 44.81402], [5.20618, 44.81403], [5.20616, 44.81358]], [[5.22546, 44.81364], [5.22514, 44.81365], [5.22512, 44.81297], [5.22543, 44.81297], [5.22546, 44.81364]], [[5.22541, 44.81229], [5.22572, 44.81229], [5.22575, 44.81296], [5.22543, 44.81297], [5.22541, 44.81229]], [[5.22571, 44.81184], [5.22602, 44.81183], [5.22604, 44.81228], [5.22572, 44.81229], [5.22571, 44.81184]], [[5.23272, 44.81327], [5.23273, 44.8135], [5.23241, 44.81328], [5.23272, 44.81327]], [[5.23208, 44.81306], [5.2324, 44.81305], [5.23241, 44.81328], [5.23208, 44.81306]], [[5.23715, 44.81318], [5.23841, 44.81316], [5.23842, 44.81338], [5.23716, 44.81341], [5.23715, 44.81318]], [[5.14347, 44.81211], [5.14473, 44.81186], [5.14471, 44.81141], [5.14503, 44.8114], [5.14543, 44.81364], [5.14448, 44.81366], [5.14484, 44.81478], [5.1439, 44.81502], [5.14418, 44.81412], [5.14353, 44.81368], [5.14347, 44.81211]], [[5.15148, 44.81465], [5.15149, 44.81488], [5.15116, 44.81466], [5.15148, 44.81465]], [[5.15527, 44.81458], [5.15528, 44.8148], [5.15496, 44.81459], [5.15527, 44.81458]], [[5.18182, 44.81406], [5.18183, 44.81428], [5.18151, 44.81407], [5.18182, 44.81406]], [[5.18118, 44.81385], [5.1815, 44.81384], [5.18151, 44.81407], [5.18118, 44.81385]], [[5.19289, 44.81384], [5.1929, 44.81407], [5.19257, 44.81385], [5.19289, 44.81384]], [[5.22765, 44.81292], [5.22796, 44.81292], [5.22798, 44.81337], [5.22766, 44.81337], [5.22765, 44.81292]], [[5.22982, 44.81198], [5.22988, 44.81333], [5.22956, 44.81334], [5.22946, 44.81086], [5.22914, 44.81064], [5.22945, 44.81041], [5.2288, 44.8102], [5.22875, 44.80885], [5.22907, 44.80884], [5.22943, 44.80996], [5.23196, 44.81013], [5.23198, 44.81058], [5.23103, 44.8106], [5.23103, 44.81038], [5.23007, 44.81017], [5.23041, 44.81084], [5.23136, 44.81082], [5.23137, 44.81105], [5.22979, 44.81108], [5.23014, 44.81197], [5.22982, 44.81198]], [[5.22843, 44.80885], [5.22808, 44.80796], [5.22872, 44.80817], [5.22875, 44.80885], [5.22843, 44.80885]], [[5.22745, 44.80797], [5.22677, 44.80664], [5.2258, 44.80621], [5.22512, 44.80509], [5.22447, 44.80466], [5.22289, 44.80469], [5.22257, 44.80447], [5.22229, 44.80538], [5.22294, 44.80581], [5.22329, 44.80671], [5.22238, 44.80763], [5.22275, 44.80897], [5.22211, 44.80898], [5.22205, 44.80741], [5.21984, 44.80745], [5.21983, 44.80723], [5.22141, 44.80719], [5.22172, 44.80696], [5.22167, 44.80584], [5.22136, 44.80584], [5.22133, 44.80517], [5.22101, 44.80518], [5.22067, 44.80451], [5.21973, 44.80475], [5.21972, 44.80453], [5.21909, 44.80454], [5.21905, 44.80341], [5.21935, 44.80318], [5.21903, 44.80296], [5.21744, 44.80277], [5.21745, 44.803], [5.21618, 44.80302], [5.21526, 44.80371], [5.21524, 44.80304], [5.21398, 44.80329], [5.21365, 44.80285], [5.21141, 44.80222], [5.2111, 44.80245], [5.21115, 44.80357], [5.21146, 44.80357], [5.21149, 44.80424], [5.21117, 44.80425], [5.21048, 44.80268], [5.20985, 44.8027], [5.20924, 44.80338], [5.20828, 44.80318], [5.20829, 44.8034], [5.20703, 44.80343], [5.20704, 44.80365], [5.20577, 44.80368], [5.20479, 44.8028], [5.20353, 44.80282], [5.20352, 44.8026], [5.20131, 44.80264], [5.20101, 44.8031], [5.19974, 44.80312], [5.19941, 44.80268], [5.20066, 44.80243], [5.20066, 44.8022], [5.20192, 44.80218], [5.20126, 44.80152], [5.20221, 44.8015], [5.20219, 44.80105], [5.20251, 44.80104], [5.20253, 44.80172], [5.20475, 44.8019], [5.20477, 44.80235], [5.20575, 44.803], [5.20631, 44.80119], [5.20662, 44.80119], [5.20654, 44.79894], [5.20685, 44.79893], [5.2068, 44.79758], [5.20712, 44.79757], [5.20718, 44.79915], [5.20812, 44.79913], [5.20786, 44.80048], [5.20818, 44.80048], [5.2082, 44.80093], [5.20789, 44.80116], [5.2082, 44.80115], [5.20822, 44.8016], [5.20727, 44.8014], [5.20728, 44.80185], [5.20824, 44.80205], [5.20855, 44.80182], [5.20848, 44.80002], [5.20879, 44.80002], [5.20885, 44.80137], [5.20948, 44.80135], [5.20949, 44.80158], [5.20885, 44.80159], [5.20856, 44.80227], [5.2073, 44.8023], [5.20731, 44.80252], [5.20858, 44.80272], [5.20981, 44.8018], [5.21298, 44.80196], [5.21297, 44.80173], [5.21392, 44.80172], [5.21389, 44.80104], [5.21546, 44.80078], [5.21541, 44.79943], [5.21573, 44.79943], [5.2158, 44.80123], [5.21548, 44.80123], [5.21521, 44.80236], [5.21584, 44.80235], [5.21585, 44.80258], [5.21647, 44.80234], [5.21648, 44.80256], [5.21964, 44.8025], [5.22056, 44.80181], [5.2212, 44.80179], [5.22147, 44.80066], [5.21923, 44.80003], [5.21881, 44.79734], [5.21912, 44.79733], [5.21953, 44.79958], [5.22018, 44.80001], [5.22144, 44.79999], [5.22174, 44.79953], [5.22141, 44.79931], [5.22237, 44.79952], [5.22326, 44.79793], [5.2242, 44.79768], [5.22419, 44.79746], [5.22292, 44.79748], [5.22291, 44.79726], [5.22385, 44.79701], [5.2232, 44.79635], [5.22288, 44.79636], [5.22349, 44.79589], [5.22312, 44.79455], [5.22406, 44.79431], [5.22377, 44.79499], [5.22473, 44.79519], [5.22439, 44.79453], [5.22502, 44.79451], [5.22506, 44.79564], [5.22476, 44.79587], [5.2257, 44.79562], [5.22636, 44.79629], [5.22762, 44.79626], [5.22764, 44.79671], [5.22827, 44.7967], [5.2283, 44.79737], [5.22798, 44.79738], [5.22796, 44.79693], [5.2267, 44.79696], [5.22673, 44.79786], [5.22579, 44.79787], [5.2258, 44.79832], [5.22549, 44.79833], [5.22552, 44.79923], [5.22584, 44.79922], [5.22581, 44.79855], [5.22644, 44.79854], [5.22643, 44.79809], [5.22674, 44.79808], [5.22676, 44.79853], [5.22773, 44.79919], [5.2281, 44.80053], [5.22909, 44.80141], [5.22815, 44.80166], [5.22814, 44.80143], [5.22719, 44.80145], [5.22723, 44.80235], [5.22691, 44.80236], [5.22688, 44.80168], [5.22595, 44.80192], [5.22593, 44.80147], [5.22656, 44.80146], [5.22623, 44.80102], [5.2275, 44.80122], [5.22779, 44.80054], [5.22558, 44.80058], [5.22556, 44.80013], [5.22524, 44.80014], [5.22463, 44.8006], [5.22428, 44.79971], [5.22396, 44.79971], [5.22367, 44.80039], [5.22302, 44.79996], [5.22305, 44.80063], [5.224, 44.80061], [5.22401, 44.80106], [5.22274, 44.80086], [5.22245, 44.80154], [5.22182, 44.80156], [5.2209, 44.80225], [5.22093, 44.80315], [5.22223, 44.80403], [5.22445, 44.80421], [5.22543, 44.80486], [5.22666, 44.80394], [5.22692, 44.80258], [5.22788, 44.80279], [5.22759, 44.80347], [5.22822, 44.80346], [5.22821, 44.80323], [5.22884, 44.80322], [5.22851, 44.80277], [5.22883, 44.80277], [5.22881, 44.80232], [5.22944, 44.8023], [5.22948, 44.8032], [5.23012, 44.80342], [5.22982, 44.80387], [5.23047, 44.80431], [5.22889, 44.80434], [5.22887, 44.80389], [5.22855, 44.8039], [5.22826, 44.80458], [5.22985, 44.80477], [5.23016, 44.80454], [5.23145, 44.80519], [5.2305, 44.80521], [5.23052, 44.80566], [5.23021, 44.80567], [5.23019, 44.80522], [5.22704, 44.80551], [5.22671, 44.80529], [5.22641, 44.80574], [5.2277, 44.80639], [5.22773, 44.80707], [5.22805, 44.80706], [5.22808, 44.80796], [5.22745, 44.80797]], [[5.22306, 44.80896], [5.22307, 44.80919], [5.22275, 44.80897], [5.22306, 44.80896]], [[5.22339, 44.80918], [5.2234, 44.80941], [5.22371, 44.8094], [5.22373, 44.80985], [5.22341, 44.80986], [5.22307, 44.80919], [5.22339, 44.80918]], [[5.22405, 44.80984], [5.22405, 44.81007], [5.22373, 44.80985], [5.22405, 44.80984]], [[5.22469, 44.81006], [5.22501, 44.81027], [5.22502, 44.8105], [5.22407, 44.81052], [5.22405, 44.81007], [5.22469, 44.81006]], [[5.22534, 44.81049], [5.22535, 44.81072], [5.22502, 44.8105], [5.22534, 44.81049]], [[5.22566, 44.81071], [5.22568, 44.81116], [5.226, 44.81116], [5.22601, 44.81161], [5.2257, 44.81161], [5.22535, 44.81072], [5.22566, 44.81071]], [[5.21985, 44.80768], [5.21952, 44.80746], [5.21984, 44.80745], [5.21985, 44.80768]], [[5.2118, 44.80423], [5.21181, 44.80446], [5.21149, 44.80424], [5.2118, 44.80423]], [[5.22861, 44.79737], [5.22862, 44.79759], [5.2283, 44.79737], [5.22861, 44.79737]], [[5.22894, 44.79759], [5.22895, 44.79781], [5.22862, 44.79759], [5.22894, 44.79759]], [[5.22596, 44.80237], [5.22565, 44.80238], [5.22563, 44.80193], [5.22595, 44.80192], [5.22596, 44.80237]], [[5.22535, 44.80284], [5.2244, 44.80286], [5.2247, 44.8024], [5.22565, 44.80238], [5.22535, 44.80284]], [[5.23116, 44.80587], [5.23117, 44.8061], [5.22991, 44.80612], [5.23052, 44.80566], [5.23116, 44.80587]], [[5.11416, 44.81492], [5.11479, 44.81491], [5.11449, 44.81536], [5.11418, 44.81537], [5.11416, 44.81492]], [[5.12713, 44.8149], [5.12714, 44.81512], [5.12681, 44.8149], [5.12713, 44.8149]], [[5.15558, 44.81435], [5.15559, 44.81457], [5.15526, 44.81435], [5.15558, 44.81435]], [[5.14956, 44.81424], [5.14957, 44.81446], [5.14925, 44.81425], [5.14956, 44.81424]], [[5.15082, 44.81399], [5.15114, 44.81398], [5.15115, 44.81443], [5.15084, 44.81444], [5.15082, 44.81399]], [[5.20614, 44.81313], [5.20615, 44.81335], [5.20583, 44.81313], [5.20614, 44.81313]], [[5.20551, 44.81314], [5.20549, 44.81269], [5.20581, 44.81268], [5.20583, 44.81313], [5.20551, 44.81314]], [[5.22384, 44.81277], [5.22448, 44.81276], [5.22449, 44.81299], [5.22385, 44.813], [5.22384, 44.81277]], [[5.1356, 44.81316], [5.13529, 44.81316], [5.13526, 44.81249], [5.13624, 44.81315], [5.1366, 44.81449], [5.13629, 44.8145], [5.1356, 44.81316]], [[5.21593, 44.81248], [5.21687, 44.81246], [5.21688, 44.81269], [5.21594, 44.81293], [5.21593, 44.81248]], [[5.21909, 44.81264], [5.2191, 44.81287], [5.21878, 44.81265], [5.21909, 44.81264]], [[5.14544, 44.81387], [5.14545, 44.81409], [5.14512, 44.81388], [5.14544, 44.81387]], [[5.15429, 44.8137], [5.1543, 44.81392], [5.15397, 44.8137], [5.15429, 44.8137]], [[5.22351, 44.81233], [5.22414, 44.81232], [5.22415, 44.81254], [5.22352, 44.81256], [5.22351, 44.81233]], [[5.13941, 44.80498], [5.1413, 44.80494], [5.14106, 44.80697], [5.14138, 44.80697], [5.1414, 44.80764], [5.14205, 44.80786], [5.14202, 44.80718], [5.14264, 44.80694], [5.14229, 44.80605], [5.14261, 44.80604], [5.14259, 44.80559], [5.14291, 44.80559], [5.14295, 44.80671], [5.1436, 44.80715], [5.14452, 44.80646], [5.14451, 44.80601], [5.14544, 44.80576], [5.14573, 44.80486], [5.1454, 44.80464], [5.14634, 44.80439], [5.14608, 44.80575], [5.14545, 44.80599], [5.14518, 44.80712], [5.14426, 44.80781], [5.14428, 44.80826], [5.14304, 44.80896], [5.14209, 44.80898], [5.1421, 44.80921], [5.14052, 44.80924], [5.14024, 44.81037], [5.13959, 44.80993], [5.13963, 44.81083], [5.139, 44.81107], [5.13934, 44.81151], [5.13808, 44.81176], [5.1381, 44.81221], [5.13778, 44.81222], [5.13817, 44.81401], [5.13785, 44.81402], [5.13716, 44.81245], [5.13652, 44.81224], [5.13681, 44.81156], [5.13649, 44.81157], [5.13579, 44.80978], [5.1361, 44.80955], [5.13642, 44.80954], [5.13644, 44.81022], [5.1374, 44.81042], [5.13705, 44.80953], [5.13736, 44.8093], [5.13703, 44.80908], [5.13826, 44.80815], [5.13853, 44.80702], [5.13916, 44.80679], [5.13944, 44.80588], [5.13912, 44.80566], [5.13974, 44.80542], [5.13941, 44.80498]], [[5.13578, 44.80933], [5.13609, 44.80932], [5.1361, 44.80955], [5.13578, 44.80933]], [[5.1508, 44.81354], [5.15081, 44.81377], [5.15049, 44.81355], [5.1508, 44.81354]], [[5.22758, 44.81112], [5.22789, 44.81112], [5.22794, 44.81224], [5.22762, 44.81225], [5.22758, 44.81112]], [[5.18999, 44.81255], [5.19, 44.81277], [5.18967, 44.81255], [5.18999, 44.81255]], [[5.19916, 44.81237], [5.19916, 44.81259], [5.19884, 44.81237], [5.19916, 44.81237]], [[5.20515, 44.81202], [5.20547, 44.81202], [5.20549, 44.81247], [5.20517, 44.81247], [5.20515, 44.81202]], [[5.21495, 44.81183], [5.2159, 44.81181], [5.2156, 44.81226], [5.21497, 44.81228], [5.21495, 44.81183]], [[5.21874, 44.81175], [5.21906, 44.81174], [5.21908, 44.81219], [5.21876, 44.8122], [5.21874, 44.81175]], [[5.1179, 44.81327], [5.11821, 44.81327], [5.11824, 44.81394], [5.11792, 44.81395], [5.1179, 44.81327]], [[5.15521, 44.813], [5.15522, 44.81323], [5.15489, 44.81301], [5.15521, 44.813]], [[5.23265, 44.81147], [5.23266, 44.8117], [5.23233, 44.81148], [5.23265, 44.81147]], [[5.19566, 44.81199], [5.19599, 44.8122], [5.19535, 44.81222], [5.19532, 44.81132], [5.19595, 44.8113], [5.19566, 44.81199]], [[5.20451, 44.81181], [5.20452, 44.81203], [5.20419, 44.81182], [5.20451, 44.81181]], [[5.20387, 44.8116], [5.20419, 44.81159], [5.20419, 44.81182], [5.20387, 44.8116]], [[5.23391, 44.81122], [5.23391, 44.81145], [5.23359, 44.81123], [5.23391, 44.81122]], [[5.23326, 44.81101], [5.23358, 44.811], [5.23359, 44.81123], [5.23326, 44.81101]], [[5.23294, 44.81079], [5.23326, 44.81078], [5.23326, 44.81101], [5.23294, 44.81079]], [[5.19027, 44.81164], [5.1909, 44.81163], [5.1906, 44.81209], [5.19029, 44.81209], [5.19027, 44.81164]], [[5.20228, 44.8114], [5.2023, 44.81185], [5.20165, 44.81142], [5.20228, 44.8114]], [[5.20007, 44.81145], [5.20006, 44.81122], [5.20164, 44.81119], [5.20165, 44.81142], [5.20007, 44.81145]], [[5.21868, 44.81018], [5.21709, 44.80998], [5.21771, 44.80952], [5.21898, 44.80972], [5.21905, 44.81152], [5.21873, 44.81153], [5.21868, 44.81018]], [[5.23421, 44.81099], [5.23422, 44.81122], [5.2339, 44.811], [5.23421, 44.81099]], [[5.12736, 44.81264], [5.12768, 44.81264], [5.12769, 44.81309], [5.12738, 44.81309], [5.12736, 44.81264]], [[5.18805, 44.81146], [5.18869, 44.81167], [5.1887, 44.8119], [5.18807, 44.81191], [5.18805, 44.81146]], [[5.18964, 44.81165], [5.18965, 44.81188], [5.18932, 44.81166], [5.18964, 44.81165]], [[5.19183, 44.81116], [5.19154, 44.81184], [5.19123, 44.81185], [5.19121, 44.8114], [5.19056, 44.81096], [5.19183, 44.81116]], [[5.19944, 44.81146], [5.19945, 44.81169], [5.19912, 44.81147], [5.19944, 44.81146]], [[5.20385, 44.81115], [5.20386, 44.81137], [5.20354, 44.81115], [5.20385, 44.81115]], [[5.21523, 44.81092], [5.21524, 44.81115], [5.21491, 44.81093], [5.21523, 44.81092]], [[5.22755, 44.81045], [5.22757, 44.8109], [5.22725, 44.81091], [5.22723, 44.81046], [5.22755, 44.81045]], [[5.22691, 44.81024], [5.22722, 44.81023], [5.22723, 44.81046], [5.22691, 44.81024]], [[5.23356, 44.81055], [5.23357, 44.81078], [5.23325, 44.81056], [5.23356, 44.81055]], [[5.1931, 44.81114], [5.19311, 44.81136], [5.19278, 44.81114], [5.1931, 44.81114]], [[5.21712, 44.81066], [5.21713, 44.81088], [5.2168, 44.81066], [5.21712, 44.81066]], [[5.21617, 44.81068], [5.21616, 44.81045], [5.21679, 44.81044], [5.2168, 44.81066], [5.21617, 44.81068]], [[5.21584, 44.81023], [5.21615, 44.81023], [5.21616, 44.81045], [5.21584, 44.81023]], [[5.12763, 44.81129], [5.12794, 44.81128], [5.12798, 44.8124], [5.12767, 44.81241], [5.12763, 44.81129]], [[5.18802, 44.81079], [5.18833, 44.81055], [5.18898, 44.81099], [5.18993, 44.81097], [5.18994, 44.8112], [5.18836, 44.81123], [5.18802, 44.81079]], [[5.21585, 44.81046], [5.21585, 44.81068], [5.21553, 44.81046], [5.21585, 44.81046]], [[5.17728, 44.811], [5.17728, 44.81122], [5.17696, 44.811], [5.17728, 44.811]], [[5.18676, 44.81081], [5.18771, 44.81079], [5.18772, 44.81102], [5.18677, 44.81104], [5.18676, 44.81081]], [[5.19434, 44.81044], [5.19497, 44.81042], [5.19498, 44.81087], [5.19404, 44.81089], [5.19434, 44.81044]], [[5.18607, 44.80947], [5.18639, 44.80947], [5.1864, 44.80969], [5.18735, 44.80967], [5.18736, 44.8099], [5.18862, 44.80987], [5.18863, 44.8101], [5.19052, 44.81006], [5.19087, 44.81073], [5.19054, 44.81051], [5.18865, 44.81055], [5.18864, 44.81032], [5.18611, 44.81037], [5.18607, 44.80947]], [[5.18575, 44.80925], [5.18606, 44.80925], [5.18607, 44.80947], [5.18575, 44.80925]], [[5.18542, 44.80904], [5.18574, 44.80903], [5.18575, 44.80925], [5.18542, 44.80904]], [[5.1851, 44.80882], [5.18542, 44.80881], [5.18542, 44.80904], [5.1851, 44.80882]], [[5.18477, 44.8086], [5.18509, 44.80859], [5.1851, 44.80882], [5.18477, 44.8086]], [[5.18445, 44.80838], [5.18477, 44.80837], [5.18477, 44.8086], [5.18445, 44.80838]], [[5.19117, 44.81027], [5.19179, 44.81004], [5.19213, 44.8107], [5.1915, 44.81072], [5.19117, 44.81027]], [[5.21678, 44.80999], [5.21678, 44.81021], [5.21646, 44.81], [5.21678, 44.80999]], [[5.22689, 44.80979], [5.2269, 44.81001], [5.22657, 44.80979], [5.22689, 44.80979]], [[5.22625, 44.80957], [5.22656, 44.80957], [5.22657, 44.80979], [5.22625, 44.80957]], [[5.2139, 44.80915], [5.21483, 44.80868], [5.2151, 44.80755], [5.21573, 44.80753], [5.21577, 44.80866], [5.21513, 44.80845], [5.21486, 44.80958], [5.21362, 44.81005], [5.21328, 44.80961], [5.21391, 44.8096], [5.2139, 44.80915]], [[5.14469, 44.81096], [5.1447, 44.81118], [5.14438, 44.81096], [5.14469, 44.81096]], [[5.19211, 44.81003], [5.19274, 44.81002], [5.19275, 44.81024], [5.19211, 44.81025], [5.19211, 44.81003]], [[5.19369, 44.81], [5.19369, 44.81022], [5.19337, 44.81], [5.19369, 44.81]], [[5.22054, 44.80924], [5.22086, 44.80923], [5.22088, 44.80968], [5.22056, 44.80969], [5.22054, 44.80924]], [[5.23445, 44.80896], [5.23447, 44.80941], [5.23382, 44.80897], [5.23445, 44.80896]], [[5.21929, 44.80949], [5.21897, 44.8095], [5.21893, 44.8086], [5.21925, 44.80859], [5.21929, 44.80949]], [[5.21922, 44.80791], [5.21954, 44.80791], [5.21957, 44.80858], [5.21925, 44.80859], [5.21922, 44.80791]], [[5.22591, 44.80913], [5.22592, 44.80936], [5.2256, 44.80914], [5.22591, 44.80913]], [[5.22527, 44.80892], [5.22559, 44.80891], [5.2256, 44.80914], [5.22527, 44.80892]], [[5.23255, 44.809], [5.23256, 44.80922], [5.23224, 44.809], [5.23255, 44.809]], [[5.2354, 44.80894], [5.23603, 44.80893], [5.23604, 44.80915], [5.23541, 44.80916], [5.2354, 44.80894]], [[5.12792, 44.8106], [5.12823, 44.8106], [5.12825, 44.81105], [5.12793, 44.81105], [5.12792, 44.8106]], [[5.21578, 44.80888], [5.2161, 44.80888], [5.21612, 44.80933], [5.2158, 44.80933], [5.21578, 44.80888]], [[5.14245, 44.8101], [5.14276, 44.81009], [5.14278, 44.81054], [5.14215, 44.81056], [5.14245, 44.8101]], [[5.14435, 44.81029], [5.14436, 44.81051], [5.14404, 44.81029], [5.14435, 44.81029]], [[5.21357, 44.80893], [5.21358, 44.80915], [5.21325, 44.80893], [5.21357, 44.80893]], [[5.21293, 44.80872], [5.21325, 44.80871], [5.21325, 44.80893], [5.21293, 44.80872]], [[5.22526, 44.80847], [5.22527, 44.80869], [5.22494, 44.80847], [5.22526, 44.80847]], [[5.23217, 44.80743], [5.23221, 44.80833], [5.23062, 44.80814], [5.23063, 44.80836], [5.22969, 44.8086], [5.22903, 44.80794], [5.22965, 44.8077], [5.22966, 44.80793], [5.23061, 44.80791], [5.23058, 44.80724], [5.22932, 44.80726], [5.2293, 44.80681], [5.22961, 44.80658], [5.23151, 44.80654], [5.23151, 44.80677], [5.23025, 44.80679], [5.23026, 44.80702], [5.23217, 44.80743]], [[5.1282, 44.8097], [5.12851, 44.80969], [5.12854, 44.81037], [5.12822, 44.81037], [5.1282, 44.8097]], [[5.23568, 44.80803], [5.23569, 44.80826], [5.23536, 44.80804], [5.23568, 44.80803]], [[5.23504, 44.80782], [5.23535, 44.80782], [5.23536, 44.80804], [5.23504, 44.80782]], [[5.22492, 44.80802], [5.22493, 44.80825], [5.22461, 44.80803], [5.22492, 44.80802]], [[5.23407, 44.80739], [5.23408, 44.80762], [5.23314, 44.80786], [5.23281, 44.80742], [5.23311, 44.80718], [5.23407, 44.80739]], [[5.16011, 44.80886], [5.16012, 44.80908], [5.15917, 44.8091], [5.15916, 44.80887], [5.16011, 44.80886]], [[5.15884, 44.80866], [5.15916, 44.80865], [5.15916, 44.80887], [5.15884, 44.80866]], [[5.16106, 44.80884], [5.16169, 44.80883], [5.1617, 44.80905], [5.16107, 44.80906], [5.16106, 44.80884]], [[5.12849, 44.80902], [5.1288, 44.80901], [5.12882, 44.80946], [5.12851, 44.80947], [5.12849, 44.80902]], [[5.14398, 44.80872], [5.14429, 44.80871], [5.14431, 44.80916], [5.14399, 44.80917], [5.14398, 44.80872]], [[5.21319, 44.80736], [5.21351, 44.80735], [5.21353, 44.8078], [5.21321, 44.80781], [5.21319, 44.80736]], [[5.21762, 44.80727], [5.21637, 44.80775], [5.21635, 44.8073], [5.2157, 44.80686], [5.21664, 44.80661], [5.21662, 44.80616], [5.21885, 44.80635], [5.21914, 44.80566], [5.21945, 44.80566], [5.21947, 44.80611], [5.22012, 44.80654], [5.21792, 44.80681], [5.21791, 44.80659], [5.21727, 44.8066], [5.21762, 44.80727]], [[5.18316, 44.80773], [5.18317, 44.80795], [5.18284, 44.80774], [5.18316, 44.80773]], [[5.12841, 44.80699], [5.12848, 44.80879], [5.12816, 44.8088], [5.12809, 44.80677], [5.12872, 44.80676], [5.12841, 44.80699]], [[5.13732, 44.8084], [5.13733, 44.80862], [5.13701, 44.8084], [5.13732, 44.8084]], [[5.15787, 44.808], [5.15787, 44.80822], [5.15755, 44.80801], [5.15787, 44.808]], [[5.22487, 44.80667], [5.22488, 44.8069], [5.22455, 44.80668], [5.22487, 44.80667]], [[5.16134, 44.80793], [5.16004, 44.80706], [5.16002, 44.80638], [5.1597, 44.80639], [5.15967, 44.80549], [5.15935, 44.80549], [5.15897, 44.80392], [5.15866, 44.80393], [5.15828, 44.80236], [5.15892, 44.80257], [5.15895, 44.80325], [5.15959, 44.80346], [5.15961, 44.80391], [5.1609, 44.80456], [5.16134, 44.80793]], [[5.17682, 44.8074], [5.17745, 44.80739], [5.17746, 44.80762], [5.17683, 44.80763], [5.17682, 44.8074]], [[5.18283, 44.80729], [5.18283, 44.80751], [5.18251, 44.80729], [5.18283, 44.80729]], [[5.18218, 44.80707], [5.1825, 44.80707], [5.18251, 44.80729], [5.18218, 44.80707]], [[5.18186, 44.80685], [5.18218, 44.80685], [5.18218, 44.80707], [5.18186, 44.80685]], [[5.18154, 44.80664], [5.18185, 44.80663], [5.18186, 44.80685], [5.18154, 44.80664]], [[5.21285, 44.80669], [5.21286, 44.80692], [5.21253, 44.8067], [5.21285, 44.80669]], [[5.21316, 44.80646], [5.21347, 44.80645], [5.21349, 44.8069], [5.21318, 44.80691], [5.21316, 44.80646]], [[5.23403, 44.80627], [5.23466, 44.80625], [5.23467, 44.80648], [5.23403, 44.80649], [5.23403, 44.80627]], [[5.12118, 44.80803], [5.12182, 44.80824], [5.12183, 44.80847], [5.12119, 44.80848], [5.12118, 44.80803]], [[5.13763, 44.80817], [5.13731, 44.80817], [5.13729, 44.8075], [5.1376, 44.80749], [5.13763, 44.80817]], [[5.13759, 44.80704], [5.1379, 44.80703], [5.13792, 44.80748], [5.1376, 44.80749], [5.13759, 44.80704]], [[5.13816, 44.80545], [5.13847, 44.80545], [5.13881, 44.80589], [5.13849, 44.8059], [5.13822, 44.80703], [5.1379, 44.80703], [5.13816, 44.80545]], [[5.18719, 44.80562], [5.18878, 44.80582], [5.1888, 44.80627], [5.18977, 44.80692], [5.18978, 44.80715], [5.18851, 44.80717], [5.1888, 44.80649], [5.18815, 44.80605], [5.18752, 44.80607], [5.18719, 44.80562]], [[5.22484, 44.806], [5.22454, 44.80646], [5.22423, 44.80646], [5.22421, 44.80601], [5.22484, 44.806]], [[5.22389, 44.80602], [5.22388, 44.80557], [5.22324, 44.80558], [5.22323, 44.80513], [5.22417, 44.80511], [5.22421, 44.80601], [5.22389, 44.80602]], [[5.22928, 44.80614], [5.22928, 44.80636], [5.22896, 44.80614], [5.22928, 44.80614]], [[5.15405, 44.8074], [5.15406, 44.80762], [5.15373, 44.8074], [5.15405, 44.8074]], [[5.19007, 44.80647], [5.19038, 44.80646], [5.1904, 44.80691], [5.19009, 44.80692], [5.19007, 44.80647]], [[5.2299, 44.8059], [5.228, 44.80594], [5.2277, 44.80617], [5.22736, 44.80572], [5.22989, 44.80567], [5.2299, 44.8059]], [[5.18786, 44.80651], [5.18786, 44.80674], [5.18754, 44.80652], [5.18786, 44.80651]], [[5.21282, 44.80602], [5.21283, 44.80624], [5.21251, 44.80602], [5.21282, 44.80602]], [[5.21472, 44.80598], [5.21473, 44.8062], [5.2144, 44.80598], [5.21472, 44.80598]], [[5.23147, 44.80564], [5.2321, 44.80563], [5.23211, 44.80585], [5.23148, 44.80587], [5.23147, 44.80564]], [[5.12084, 44.80736], [5.12148, 44.80758], [5.12148, 44.8078], [5.12085, 44.80781], [5.12084, 44.80736]], [[5.1907, 44.80645], [5.19038, 44.80624], [5.19069, 44.80623], [5.1907, 44.80645]], [[5.1916, 44.80531], [5.19414, 44.80549], [5.19353, 44.80595], [5.19069, 44.80623], [5.1916, 44.80531]], [[5.21345, 44.80578], [5.21346, 44.806], [5.21313, 44.80578], [5.21345, 44.80578]], [[5.23304, 44.80538], [5.23305, 44.80561], [5.23273, 44.80539], [5.23304, 44.80538]], [[5.13475, 44.80732], [5.13443, 44.8071], [5.13474, 44.8071], [5.13475, 44.80732]], [[5.13472, 44.80665], [5.13504, 44.80664], [5.13506, 44.80709], [5.13474, 44.8071], [5.13472, 44.80665]], [[5.18973, 44.8058], [5.18974, 44.80625], [5.18909, 44.80581], [5.18973, 44.8058]], [[5.21375, 44.80532], [5.21406, 44.80531], [5.21408, 44.80576], [5.21376, 44.80577], [5.21375, 44.80532]], [[5.21723, 44.80548], [5.21724, 44.8057], [5.21691, 44.80548], [5.21723, 44.80548]], [[5.11418, 44.80704], [5.11419, 44.80726], [5.11387, 44.80705], [5.11418, 44.80704]], [[5.12429, 44.80685], [5.12493, 44.80683], [5.12494, 44.80706], [5.1243, 44.80707], [5.12429, 44.80685]], [[5.19446, 44.80548], [5.19509, 44.80547], [5.1951, 44.80569], [5.19447, 44.8057], [5.19446, 44.80548]], [[5.21025, 44.80494], [5.21057, 44.80493], [5.21058, 44.80538], [5.21027, 44.80539], [5.21025, 44.80494]], [[5.21279, 44.80512], [5.2128, 44.80534], [5.21247, 44.80512], [5.21279, 44.80512]], [[5.21215, 44.8049], [5.21246, 44.8049], [5.21247, 44.80512], [5.21215, 44.8049]], [[5.21654, 44.80391], [5.21749, 44.80412], [5.21779, 44.80366], [5.21842, 44.80365], [5.2188, 44.80522], [5.21848, 44.805], [5.21752, 44.8048], [5.2175, 44.80435], [5.21655, 44.80436], [5.21654, 44.80391]], [[5.21942, 44.80498], [5.22037, 44.80496], [5.22038, 44.80519], [5.21943, 44.80521], [5.21942, 44.80498]], [[5.23142, 44.80429], [5.23205, 44.80428], [5.23208, 44.80495], [5.23176, 44.80496], [5.23142, 44.80429]], [[5.23428, 44.80468], [5.23429, 44.80491], [5.23396, 44.80469], [5.23428, 44.80468]], [[5.12081, 44.80669], [5.12082, 44.80691], [5.12049, 44.80669], [5.12081, 44.80669]], [[5.13628, 44.80594], [5.1366, 44.80593], [5.13694, 44.8066], [5.13631, 44.80662], [5.13628, 44.80594]], [[5.15241, 44.80585], [5.15272, 44.80585], [5.15274, 44.8063], [5.15242, 44.8063], [5.15241, 44.80585]], [[5.18844, 44.80515], [5.18814, 44.8056], [5.18749, 44.80517], [5.18844, 44.80515]], [[5.1954, 44.80524], [5.19541, 44.80546], [5.19508, 44.80524], [5.1954, 44.80524]], [[5.21372, 44.80465], [5.21374, 44.8051], [5.21342, 44.8051], [5.2134, 44.80465], [5.21372, 44.80465]], [[5.21309, 44.80466], [5.21307, 44.80421], [5.21338, 44.8042], [5.2134, 44.80465], [5.21309, 44.80466]], [[5.21275, 44.80422], [5.21273, 44.80377], [5.21305, 44.80376], [5.21307, 44.80421], [5.21275, 44.80422]], [[5.21689, 44.80481], [5.2169, 44.80503], [5.21657, 44.80481], [5.21689, 44.80481]], [[5.12801, 44.80475], [5.12833, 44.80474], [5.1284, 44.80654], [5.12808, 44.80655], [5.12801, 44.80475]], [[5.18875, 44.80514], [5.19002, 44.80512], [5.19002, 44.80534], [5.18876, 44.80537], [5.18875, 44.80514]], [[5.19571, 44.80523], [5.19539, 44.80501], [5.1957, 44.805], [5.19571, 44.80523]], [[5.1957, 44.80478], [5.19663, 44.80454], [5.19662, 44.80409], [5.19789, 44.80429], [5.1979, 44.80451], [5.19695, 44.80453], [5.19665, 44.80499], [5.1957, 44.805], [5.1957, 44.80478]], [[5.19347, 44.8046], [5.19443, 44.8048], [5.19444, 44.80503], [5.19349, 44.80505], [5.19347, 44.8046]], [[5.15271, 44.8054], [5.15334, 44.80538], [5.15335, 44.80561], [5.15271, 44.80562], [5.15271, 44.8054]], [[5.18904, 44.80446], [5.18999, 44.80444], [5.18969, 44.8049], [5.18906, 44.80491], [5.18904, 44.80446]], [[5.20896, 44.80429], [5.20959, 44.80428], [5.2096, 44.8045], [5.20897, 44.80452], [5.20896, 44.80429]], [[5.18776, 44.80404], [5.1881, 44.8047], [5.18778, 44.80449], [5.18651, 44.80451], [5.1865, 44.80429], [5.18776, 44.80404]], [[5.19504, 44.80412], [5.19566, 44.80388], [5.19568, 44.80433], [5.19505, 44.80457], [5.19504, 44.80412]], [[5.21559, 44.80393], [5.2156, 44.80416], [5.21527, 44.80394], [5.21559, 44.80393]], [[5.23139, 44.80362], [5.2314, 44.80384], [5.23107, 44.80362], [5.23139, 44.80362]], [[5.13436, 44.8053], [5.13437, 44.80553], [5.13404, 44.80531], [5.13436, 44.8053]], [[5.14284, 44.80379], [5.14316, 44.80378], [5.14322, 44.80536], [5.1429, 44.80536], [5.14284, 44.80379]], [[5.15395, 44.80492], [5.15396, 44.80515], [5.15364, 44.80493], [5.15395, 44.80492]], [[5.19408, 44.80391], [5.1944, 44.8039], [5.19441, 44.80435], [5.19378, 44.80437], [5.19408, 44.80391]], [[5.19852, 44.80427], [5.1982, 44.80405], [5.19851, 44.80405], [5.19852, 44.80427]], [[5.19849, 44.80337], [5.1988, 44.80337], [5.19883, 44.80404], [5.19851, 44.80405], [5.19849, 44.80337]], [[5.19879, 44.80292], [5.19942, 44.8029], [5.19912, 44.80336], [5.1988, 44.80337], [5.19879, 44.80292]], [[5.20261, 44.80374], [5.20293, 44.80374], [5.20295, 44.80419], [5.20263, 44.80419], [5.20261, 44.80374]], [[5.20578, 44.8039], [5.20579, 44.80413], [5.20547, 44.80391], [5.20578, 44.8039]], [[5.2102, 44.80359], [5.21051, 44.80358], [5.21053, 44.80403], [5.21022, 44.80404], [5.2102, 44.80359]], [[5.12992, 44.80494], [5.13056, 44.80515], [5.13056, 44.80537], [5.12993, 44.80539], [5.12992, 44.80494]], [[5.13845, 44.80477], [5.13876, 44.80477], [5.13878, 44.80522], [5.13847, 44.80522], [5.13845, 44.80477]], [[5.20957, 44.8036], [5.20957, 44.80383], [5.20925, 44.80361], [5.20957, 44.8036]], [[5.22567, 44.80306], [5.22599, 44.80305], [5.22601, 44.8035], [5.22569, 44.80351], [5.22567, 44.80306]], [[5.16245, 44.80386], [5.16277, 44.80385], [5.16279, 44.80453], [5.16248, 44.80453], [5.16245, 44.80386]], [[5.189, 44.80334], [5.18867, 44.80312], [5.18902, 44.80379], [5.18996, 44.80377], [5.18997, 44.80399], [5.18871, 44.80402], [5.18803, 44.8029], [5.19025, 44.80309], [5.19026, 44.80331], [5.189, 44.80334]], [[5.2124, 44.80332], [5.21241, 44.80355], [5.21209, 44.80333], [5.2124, 44.80332]], [[5.12453, 44.80481], [5.12517, 44.8048], [5.12518, 44.80503], [5.12454, 44.80504], [5.12453, 44.80481]], [[5.18616, 44.80362], [5.18679, 44.8036], [5.1868, 44.80383], [5.18617, 44.80384], [5.18616, 44.80362]], [[5.19027, 44.80354], [5.19028, 44.80376], [5.18995, 44.80354], [5.19027, 44.80354]], [[5.19533, 44.80344], [5.19534, 44.80366], [5.19501, 44.80344], [5.19533, 44.80344]], [[5.20323, 44.80328], [5.20228, 44.8033], [5.20227, 44.80307], [5.20418, 44.80326], [5.20418, 44.80349], [5.20324, 44.8035], [5.20323, 44.80328]], [[5.12326, 44.80461], [5.12327, 44.80484], [5.12295, 44.80462], [5.12326, 44.80461]], [[5.13116, 44.80446], [5.13117, 44.80469], [5.13085, 44.80447], [5.13116, 44.80446]], [[5.1397, 44.8043], [5.14159, 44.80426], [5.1416, 44.80449], [5.1397, 44.80452], [5.1397, 44.8043]], [[5.14539, 44.80441], [5.14507, 44.80419], [5.14538, 44.80419], [5.14539, 44.80441]], [[5.14537, 44.80374], [5.14568, 44.80373], [5.1457, 44.80418], [5.14538, 44.80419], [5.14537, 44.80374]], [[5.20132, 44.80309], [5.20195, 44.80308], [5.20196, 44.8033], [5.20133, 44.80332], [5.20132, 44.80309]], [[5.22281, 44.80266], [5.22344, 44.80265], [5.22345, 44.80288], [5.22282, 44.80289], [5.22281, 44.80266]], [[5.11059, 44.80418], [5.11122, 44.80394], [5.11125, 44.80484], [5.11094, 44.80485], [5.11059, 44.80418]], [[5.11883, 44.80447], [5.11978, 44.80446], [5.11979, 44.80468], [5.11884, 44.8047], [5.11883, 44.80447]], [[5.12831, 44.80429], [5.12832, 44.80452], [5.12799, 44.8043], [5.12831, 44.80429]], [[5.13021, 44.80426], [5.13021, 44.80448], [5.12989, 44.80426], [5.13021, 44.80426]], [[5.18362, 44.80322], [5.18362, 44.80344], [5.1833, 44.80322], [5.18362, 44.80322]], [[5.12482, 44.80391], [5.12577, 44.80412], [5.12578, 44.80434], [5.12483, 44.80436], [5.12482, 44.80391]], [[5.13494, 44.80394], [5.13428, 44.80328], [5.13333, 44.80329], [5.13332, 44.80307], [5.13554, 44.80325], [5.13556, 44.8037], [5.13618, 44.80324], [5.13619, 44.80369], [5.13684, 44.80413], [5.13621, 44.80414], [5.1362, 44.80392], [5.13494, 44.80394]], [[5.14597, 44.80283], [5.14661, 44.80304], [5.14664, 44.80394], [5.14632, 44.80394], [5.14597, 44.80283]], [[5.16243, 44.80341], [5.16244, 44.80363], [5.16212, 44.80341], [5.16243, 44.80341]], [[5.18676, 44.8027], [5.1874, 44.80292], [5.18741, 44.80314], [5.18678, 44.80315], [5.18676, 44.8027]], [[5.22784, 44.80189], [5.22816, 44.80188], [5.22818, 44.80233], [5.22786, 44.80234], [5.22784, 44.80189]], [[5.12324, 44.80394], [5.12387, 44.80393], [5.12388, 44.80415], [5.12324, 44.80416], [5.12324, 44.80394]], [[5.12796, 44.8034], [5.12828, 44.80339], [5.1283, 44.80407], [5.12799, 44.80407], [5.12796, 44.8034]], [[5.13114, 44.80379], [5.13115, 44.80401], [5.13082, 44.80379], [5.13114, 44.80379]], [[5.14125, 44.80359], [5.14188, 44.80358], [5.14189, 44.80381], [5.14126, 44.80382], [5.14125, 44.80359]], [[5.18327, 44.80255], [5.18329, 44.803], [5.18232, 44.80234], [5.18327, 44.80255]], [[5.19843, 44.80202], [5.19875, 44.80202], [5.19878, 44.80269], [5.19846, 44.8027], [5.19843, 44.80202]], [[5.22847, 44.80165], [5.22878, 44.80164], [5.2288, 44.80209], [5.22848, 44.8021], [5.22847, 44.80165]], [[5.23448, 44.80175], [5.23449, 44.80198], [5.23416, 44.80176], [5.23448, 44.80175]], [[5.11151, 44.80326], [5.11182, 44.80326], [5.11186, 44.80416], [5.11154, 44.80416], [5.11153, 44.80371], [5.11089, 44.80372], [5.11117, 44.80259], [5.11181, 44.80281], [5.11151, 44.80326]], [[5.1368, 44.803], [5.13777, 44.80343], [5.13777, 44.80366], [5.13683, 44.80368], [5.1368, 44.803]], [[5.18169, 44.80258], [5.1817, 44.8028], [5.18138, 44.80259], [5.18169, 44.80258]], [[5.18897, 44.80266], [5.18865, 44.80244], [5.1877, 44.80246], [5.188, 44.802], [5.18735, 44.80157], [5.18765, 44.80134], [5.18861, 44.80154], [5.18897, 44.80266]], [[5.18959, 44.8022], [5.19149, 44.80239], [5.1915, 44.80261], [5.1896, 44.80265], [5.18959, 44.8022]], [[5.22499, 44.80172], [5.225, 44.80194], [5.22437, 44.80196], [5.22436, 44.80173], [5.22499, 44.80172]], [[5.22403, 44.80151], [5.22435, 44.80151], [5.22436, 44.80173], [5.22403, 44.80151]], [[5.13934, 44.80318], [5.13935, 44.8034], [5.13902, 44.80319], [5.13934, 44.80318]], [[5.1428, 44.80289], [5.14344, 44.80287], [5.14314, 44.80333], [5.14282, 44.80334], [5.1428, 44.80289]], [[5.18452, 44.80207], [5.18484, 44.80207], [5.18485, 44.80252], [5.18454, 44.80252], [5.18452, 44.80207]], [[5.18673, 44.80203], [5.18705, 44.80202], [5.18707, 44.80247], [5.18675, 44.80248], [5.18673, 44.80203]], [[5.19496, 44.80209], [5.19497, 44.80232], [5.19464, 44.8021], [5.19496, 44.80209]], [[5.21645, 44.80166], [5.21646, 44.80189], [5.21613, 44.80167], [5.21645, 44.80166]], [[5.12321, 44.80326], [5.12322, 44.80349], [5.12289, 44.80327], [5.12321, 44.80326]], [[5.12384, 44.80325], [5.12385, 44.80348], [5.12353, 44.80326], [5.12384, 44.80325]], [[5.12859, 44.80339], [5.12827, 44.80317], [5.12858, 44.80316], [5.12859, 44.80339]], [[5.12857, 44.80271], [5.1292, 44.8027], [5.1289, 44.80315], [5.12858, 44.80316], [5.12857, 44.80271]], [[5.18956, 44.80152], [5.1921, 44.8017], [5.19211, 44.80192], [5.19085, 44.80217], [5.18956, 44.80152]], [[5.19621, 44.80184], [5.19622, 44.80207], [5.1959, 44.80185], [5.19621, 44.80184]], [[5.12099, 44.80308], [5.121, 44.80331], [5.12067, 44.80309], [5.12099, 44.80308]], [[5.12921, 44.80292], [5.13016, 44.80291], [5.13016, 44.80313], [5.12922, 44.80315], [5.12921, 44.80292]], [[5.13742, 44.80254], [5.13869, 44.80274], [5.1387, 44.80297], [5.13743, 44.80299], [5.13742, 44.80254]], [[5.13995, 44.80272], [5.13996, 44.80294], [5.13964, 44.80272], [5.13995, 44.80272]], [[5.14659, 44.80259], [5.1466, 44.80281], [5.14627, 44.80259], [5.14659, 44.80259]], [[5.19841, 44.80135], [5.19872, 44.80134], [5.19874, 44.80179], [5.19843, 44.8018], [5.19841, 44.80135]], [[5.22591, 44.80102], [5.22592, 44.80125], [5.22559, 44.80103], [5.22591, 44.80102]], [[5.23255, 44.80089], [5.23318, 44.80088], [5.23319, 44.8011], [5.23256, 44.80112], [5.23255, 44.80089]], [[5.13677, 44.80233], [5.1371, 44.80255], [5.13711, 44.80277], [5.13458, 44.80282], [5.13393, 44.80238], [5.13583, 44.80235], [5.13615, 44.80257], [5.13614, 44.80234], [5.13677, 44.80233]], [[5.21895, 44.80094], [5.21896, 44.80116], [5.21863, 44.80095], [5.21895, 44.80094]], [[5.21958, 44.80093], [5.22053, 44.80091], [5.22054, 44.80113], [5.21959, 44.80115], [5.21958, 44.80093]], [[5.1235, 44.80258], [5.12413, 44.80257], [5.12414, 44.8028], [5.12351, 44.80281], [5.1235, 44.80258]], [[5.12951, 44.80269], [5.12919, 44.80247], [5.12951, 44.80247], [5.12951, 44.80269]], [[5.1295, 44.80224], [5.13013, 44.80223], [5.13074, 44.80177], [5.13045, 44.80245], [5.12951, 44.80247], [5.1295, 44.80224]], [[5.1431, 44.80221], [5.1431, 44.80243], [5.14278, 44.80221], [5.1431, 44.80221]], [[5.14525, 44.80059], [5.14495, 44.80104], [5.1459, 44.80103], [5.14405, 44.80241], [5.14342, 44.80242], [5.14338, 44.8013], [5.14401, 44.80129], [5.144, 44.80106], [5.14335, 44.80062], [5.14429, 44.80038], [5.1443, 44.80061], [5.14525, 44.80059]], [[5.14428, 44.80016], [5.14491, 44.80014], [5.14492, 44.80037], [5.14429, 44.80038], [5.14428, 44.80016]], [[5.15794, 44.80169], [5.15826, 44.80169], [5.15827, 44.80214], [5.15796, 44.80214], [5.15794, 44.80169]], [[5.19111, 44.80082], [5.19143, 44.80081], [5.19146, 44.80149], [5.19114, 44.80149], [5.19111, 44.80082]], [[5.19619, 44.80117], [5.1962, 44.80139], [5.19587, 44.80117], [5.19619, 44.80117]], [[5.11212, 44.80258], [5.11275, 44.80256], [5.11276, 44.80279], [5.11212, 44.8028], [5.11212, 44.80258]], [[5.13989, 44.80114], [5.14053, 44.80135], [5.14057, 44.80225], [5.14025, 44.80226], [5.13989, 44.80114]], [[5.19175, 44.80103], [5.19239, 44.80102], [5.19239, 44.80124], [5.19176, 44.80125], [5.19175, 44.80103]], [[5.21008, 44.80067], [5.21009, 44.80089], [5.20977, 44.80067], [5.21008, 44.80067]], [[5.21828, 44.80005], [5.21831, 44.80073], [5.21799, 44.80073], [5.21797, 44.80006], [5.21828, 44.80005]], [[5.21765, 44.80006], [5.21761, 44.79916], [5.21793, 44.79916], [5.21797, 44.80006], [5.21765, 44.80006]], [[5.2173, 44.79917], [5.21727, 44.7985], [5.21759, 44.79849], [5.21761, 44.79916], [5.2173, 44.79917]], [[5.22904, 44.80029], [5.22905, 44.80051], [5.22873, 44.80029], [5.22904, 44.80029]], [[5.11306, 44.80233], [5.11306, 44.80256], [5.11274, 44.80234], [5.11306, 44.80233]], [[5.13548, 44.80168], [5.13676, 44.80188], [5.13677, 44.8021], [5.13519, 44.80213], [5.13548, 44.80168]], [[5.13707, 44.80187], [5.13771, 44.80186], [5.13771, 44.80208], [5.13708, 44.8021], [5.13707, 44.80187]], [[5.18953, 44.80085], [5.1908, 44.80082], [5.19081, 44.80105], [5.18954, 44.80107], [5.18953, 44.80085]], [[5.1987, 44.80067], [5.19871, 44.80089], [5.19838, 44.80067], [5.1987, 44.80067]], [[5.21417, 44.80013], [5.21481, 44.80035], [5.21482, 44.80057], [5.21388, 44.80059], [5.21417, 44.80013]], [[5.12442, 44.80189], [5.12443, 44.80211], [5.12411, 44.8019], [5.12442, 44.80189]], [[5.13959, 44.8016], [5.1396, 44.80182], [5.13928, 44.8016], [5.13959, 44.8016]], [[5.13863, 44.80117], [5.13926, 44.80115], [5.13928, 44.8016], [5.13863, 44.80117]], [[5.15789, 44.80034], [5.15793, 44.80147], [5.15762, 44.80147], [5.15757, 44.80035], [5.15789, 44.80034]], [[5.15725, 44.80013], [5.15756, 44.80012], [5.15757, 44.80035], [5.15725, 44.80013]], [[5.15918, 44.80099], [5.15949, 44.80099], [5.15951, 44.80144], [5.1592, 44.80144], [5.15918, 44.80099]], [[5.187, 44.80067], [5.18701, 44.8009], [5.18668, 44.80068], [5.187, 44.80067]], [[5.18858, 44.80064], [5.18859, 44.80087], [5.18826, 44.80065], [5.18858, 44.80064]], [[5.19584, 44.8005], [5.19585, 44.80072], [5.19553, 44.8005], [5.19584, 44.8005]], [[5.23124, 44.79979], [5.23125, 44.80002], [5.23092, 44.7998], [5.23124, 44.79979]], [[5.1222, 44.80171], [5.12221, 44.80193], [5.12189, 44.80171], [5.1222, 44.80171]], [[5.13105, 44.80154], [5.13106, 44.80176], [5.13074, 44.80154], [5.13105, 44.80154]], [[5.14163, 44.79706], [5.14228, 44.79749], [5.14323, 44.79747], [5.14324, 44.7977], [5.14481, 44.79744], [5.14517, 44.79856], [5.14327, 44.79837], [5.14328, 44.79882], [5.14202, 44.79885], [5.14175, 44.79998], [5.14206, 44.79997], [5.1421, 44.80087], [5.14178, 44.80088], [5.14149, 44.80156], [5.14086, 44.80157], [5.14146, 44.80089], [5.14115, 44.80089], [5.14112, 44.80022], [5.14049, 44.80023], [5.14079, 44.79977], [5.13982, 44.79934], [5.13981, 44.79889], [5.13917, 44.7989], [5.13951, 44.79935], [5.13888, 44.79959], [5.13853, 44.79869], [5.13695, 44.7985], [5.13695, 44.79872], [5.13601, 44.79874], [5.13601, 44.79897], [5.13791, 44.79893], [5.13793, 44.79938], [5.1376, 44.79916], [5.13571, 44.7992], [5.13509, 44.79966], [5.13699, 44.79962], [5.1373, 44.79939], [5.13797, 44.8005], [5.13955, 44.80047], [5.13956, 44.8007], [5.14051, 44.80068], [5.14052, 44.8009], [5.13798, 44.80073], [5.13767, 44.80096], [5.13766, 44.80073], [5.13544, 44.80055], [5.13573, 44.79987], [5.13479, 44.80011], [5.13513, 44.80056], [5.13355, 44.80059], [5.13354, 44.80036], [5.13291, 44.80038], [5.13289, 44.79993], [5.13381, 44.79923], [5.1341, 44.79855], [5.13505, 44.79853], [5.13565, 44.79762], [5.13721, 44.79714], [5.13719, 44.79669], [5.13813, 44.79645], [5.13815, 44.7969], [5.13847, 44.79689], [5.13874, 44.79576], [5.13842, 44.79577], [5.13841, 44.79532], [5.13904, 44.7953], [5.14027, 44.79438], [5.14025, 44.79393], [5.14119, 44.79369], [5.14156, 44.79503], [5.14064, 44.79595], [5.14066, 44.7964], [5.1419, 44.7957], [5.14217, 44.79457], [5.14249, 44.79456], [5.1425, 44.79501], [5.14314, 44.795], [5.14315, 44.79545], [5.14284, 44.79546], [5.14256, 44.79636], [5.14192, 44.79637], [5.14163, 44.79706]], [[5.13843, 44.79599], [5.13748, 44.79601], [5.13747, 44.79578], [5.13842, 44.79577], [5.13843, 44.79599]], [[5.13749, 44.79623], [5.13717, 44.79602], [5.13748, 44.79601], [5.13749, 44.79623]], [[5.14117, 44.79324], [5.14149, 44.79323], [5.14151, 44.79368], [5.14119, 44.79369], [5.14117, 44.79324]], [[5.19173, 44.80035], [5.19236, 44.80034], [5.19237, 44.80057], [5.19174, 44.80058], [5.19173, 44.80035]], [[5.20247, 44.80014], [5.20248, 44.80037], [5.20216, 44.80015], [5.20247, 44.80014]], [[5.13136, 44.80131], [5.13137, 44.80153], [5.13104, 44.80131], [5.13136, 44.80131]], [[5.18951, 44.80017], [5.19045, 44.80015], [5.19046, 44.80038], [5.18952, 44.8004], [5.18951, 44.80017]], [[5.1914, 44.80014], [5.19141, 44.80036], [5.19109, 44.80014], [5.1914, 44.80014]], [[5.21131, 44.79974], [5.21132, 44.79997], [5.211, 44.79975], [5.21131, 44.79974]], [[5.18729, 44.79999], [5.18823, 44.79997], [5.18824, 44.8002], [5.18729, 44.80022], [5.18729, 44.79999]], [[5.1955, 44.79983], [5.19551, 44.80005], [5.19519, 44.79984], [5.1955, 44.79983]], [[5.20907, 44.79911], [5.2097, 44.7991], [5.20972, 44.79955], [5.20878, 44.79979], [5.20907, 44.79911]], [[5.21187, 44.79793], [5.21219, 44.79792], [5.21226, 44.79972], [5.21194, 44.79973], [5.21187, 44.79793]], [[5.21351, 44.79947], [5.21415, 44.79946], [5.21416, 44.79968], [5.21352, 44.7997], [5.21351, 44.79947]], [[5.12091, 44.80083], [5.12249, 44.80103], [5.1225, 44.80125], [5.12124, 44.80128], [5.12091, 44.80083]], [[5.12376, 44.801], [5.12377, 44.80123], [5.12344, 44.80101], [5.12376, 44.801]], [[5.13166, 44.80085], [5.13167, 44.80108], [5.13134, 44.80086], [5.13166, 44.80085]], [[5.13324, 44.80082], [5.13325, 44.80104], [5.13292, 44.80083], [5.13324, 44.80082]], [[5.14524, 44.80036], [5.14586, 44.80013], [5.1462, 44.80079], [5.14557, 44.80081], [5.14524, 44.80036]], [[5.19202, 44.79967], [5.19265, 44.79966], [5.19266, 44.79989], [5.19203, 44.7999], [5.19202, 44.79967]], [[5.20245, 44.79947], [5.20245, 44.79969], [5.20213, 44.79947], [5.20245, 44.79947]], [[5.22804, 44.79896], [5.22805, 44.79918], [5.22773, 44.79896], [5.22804, 44.79896]], [[5.2312, 44.79889], [5.23121, 44.79912], [5.23089, 44.7989], [5.2312, 44.79889]], [[5.13197, 44.80084], [5.13165, 44.80063], [5.13197, 44.80062], [5.13197, 44.80084]], [[5.13195, 44.80017], [5.13226, 44.80016], [5.13228, 44.80061], [5.13197, 44.80062], [5.13195, 44.80017]], [[5.13225, 44.79971], [5.13256, 44.79971], [5.13258, 44.80016], [5.13226, 44.80016], [5.13225, 44.79971]], [[5.13255, 44.79926], [5.13286, 44.79925], [5.13288, 44.7997], [5.13256, 44.79971], [5.13255, 44.79926]], [[5.19106, 44.79947], [5.19107, 44.79969], [5.19074, 44.79947], [5.19106, 44.79947]], [[5.19829, 44.79842], [5.19861, 44.79842], [5.19865, 44.79954], [5.19834, 44.79955], [5.19829, 44.79842]], [[5.21507, 44.79876], [5.21538, 44.79876], [5.2154, 44.79921], [5.21509, 44.79921], [5.21507, 44.79876]], [[5.22961, 44.7987], [5.22962, 44.79892], [5.2293, 44.7987], [5.22961, 44.7987]], [[5.22897, 44.79849], [5.22929, 44.79848], [5.2293, 44.7987], [5.22897, 44.79849]], [[5.22865, 44.79827], [5.22896, 44.79826], [5.22897, 44.79849], [5.22865, 44.79827]], [[5.2353, 44.79858], [5.23531, 44.79881], [5.23499, 44.79859], [5.2353, 44.79858]], [[5.20431, 44.79853], [5.20462, 44.79852], [5.20465, 44.7992], [5.20433, 44.7992], [5.20431, 44.79853]], [[5.20968, 44.79842], [5.21031, 44.79841], [5.21034, 44.79908], [5.21002, 44.79909], [5.20968, 44.79842]], [[5.23024, 44.79846], [5.23025, 44.79869], [5.22992, 44.79847], [5.23024, 44.79846]], [[5.12183, 44.80014], [5.12278, 44.80035], [5.12279, 44.80057], [5.12184, 44.80059], [5.12183, 44.80014]], [[5.12401, 44.7992], [5.12406, 44.80055], [5.12342, 44.80056], [5.12339, 44.79966], [5.12371, 44.79965], [5.12369, 44.7992], [5.12401, 44.7992]], [[5.12337, 44.79921], [5.12334, 44.79831], [5.12366, 44.7983], [5.12369, 44.7992], [5.12337, 44.79921]], [[5.12302, 44.79831], [5.123, 44.79764], [5.12268, 44.79765], [5.12271, 44.79832], [5.12208, 44.79833], [5.12235, 44.7972], [5.12203, 44.79721], [5.12202, 44.79676], [5.12295, 44.79629], [5.12327, 44.79651], [5.12334, 44.79831], [5.12302, 44.79831]], [[5.13952, 44.79957], [5.13986, 44.80024], [5.13953, 44.80002], [5.13859, 44.80004], [5.13858, 44.79982], [5.13952, 44.79957]], [[5.15723, 44.79968], [5.15724, 44.79991], [5.15691, 44.79969], [5.15723, 44.79968]], [[5.20937, 44.79865], [5.20938, 44.79888], [5.20906, 44.79866], [5.20937, 44.79865]], [[5.23464, 44.79792], [5.23466, 44.79837], [5.23401, 44.79793], [5.23464, 44.79792]], [[5.23369, 44.79772], [5.234, 44.79771], [5.23401, 44.79793], [5.23369, 44.79772]], [[5.23336, 44.7975], [5.23368, 44.79749], [5.23369, 44.79772], [5.23336, 44.7975]], [[5.1904, 44.7988], [5.19041, 44.79903], [5.19009, 44.79881], [5.1904, 44.7988]], [[5.2084, 44.798], [5.20842, 44.79867], [5.20811, 44.79868], [5.20808, 44.798], [5.2084, 44.798]], [[5.20776, 44.79801], [5.20775, 44.79756], [5.20806, 44.79755], [5.20808, 44.798], [5.20776, 44.79801]], [[5.21473, 44.7981], [5.21504, 44.79809], [5.21506, 44.79854], [5.21474, 44.79855], [5.21473, 44.7981]], [[5.22169, 44.79818], [5.2217, 44.79841], [5.22137, 44.79819], [5.22169, 44.79818]], [[5.15563, 44.79926], [5.15564, 44.79949], [5.15532, 44.79927], [5.15563, 44.79926]], [[5.155, 44.79927], [5.15465, 44.79838], [5.15592, 44.79858], [5.15593, 44.7988], [5.1553, 44.79882], [5.15532, 44.79927], [5.155, 44.79927]], [[5.15591, 44.79813], [5.15464, 44.79815], [5.15463, 44.79793], [5.15589, 44.79768], [5.15556, 44.79724], [5.15682, 44.79721], [5.15653, 44.79789], [5.15718, 44.79833], [5.15592, 44.79858], [5.15591, 44.79813]], [[5.16353, 44.79911], [5.16354, 44.79933], [5.16322, 44.79911], [5.16353, 44.79911]], [[5.18913, 44.7986], [5.18914, 44.79883], [5.18881, 44.79861], [5.18913, 44.7986]], [[5.20899, 44.79708], [5.20931, 44.79708], [5.20936, 44.79843], [5.20905, 44.79843], [5.20899, 44.79708]], [[5.12307, 44.79944], [5.12277, 44.7999], [5.12212, 44.79946], [5.12307, 44.79944]], [[5.1768, 44.79862], [5.17681, 44.79885], [5.17648, 44.79863], [5.1768, 44.79862]], [[5.21028, 44.79773], [5.2106, 44.79773], [5.21062, 44.79818], [5.2103, 44.79818], [5.21028, 44.79773]], [[5.2169, 44.79715], [5.21722, 44.79715], [5.21725, 44.79805], [5.21694, 44.79805], [5.2169, 44.79715]], [[5.22799, 44.79761], [5.228, 44.79783], [5.22767, 44.79761], [5.22799, 44.79761]], [[5.19037, 44.7979], [5.19164, 44.7981], [5.19165, 44.79833], [5.1907, 44.79835], [5.19037, 44.7979]], [[5.19196, 44.7981], [5.19259, 44.79809], [5.1926, 44.79831], [5.19196, 44.79832], [5.19196, 44.7981]], [[5.20049, 44.79793], [5.2005, 44.79815], [5.20017, 44.79794], [5.20049, 44.79793]], [[5.2147, 44.79742], [5.21472, 44.79787], [5.2144, 44.79788], [5.21438, 44.79743], [5.2147, 44.79742]], [[5.21407, 44.79743], [5.21403, 44.79653], [5.21435, 44.79653], [5.21438, 44.79743], [5.21407, 44.79743]], [[5.22039, 44.79731], [5.22102, 44.79729], [5.22163, 44.79683], [5.22134, 44.79751], [5.2204, 44.79776], [5.22039, 44.79731]], [[5.22191, 44.79593], [5.22097, 44.79617], [5.22068, 44.79663], [5.2194, 44.79643], [5.21939, 44.7962], [5.22034, 44.79618], [5.22032, 44.79551], [5.22125, 44.79526], [5.22152, 44.79391], [5.22183, 44.7939], [5.22187, 44.7948], [5.2225, 44.79479], [5.22217, 44.79434], [5.22248, 44.79434], [5.22247, 44.79389], [5.22151, 44.79368], [5.2215, 44.79346], [5.22213, 44.79344], [5.22211, 44.79299], [5.22148, 44.79301], [5.22177, 44.79233], [5.22083, 44.79257], [5.22111, 44.79166], [5.22079, 44.79145], [5.22109, 44.79121], [5.22045, 44.79078], [5.22108, 44.79076], [5.22107, 44.79054], [5.22138, 44.79053], [5.22141, 44.79121], [5.22173, 44.7912], [5.22144, 44.79188], [5.22207, 44.79187], [5.22244, 44.79321], [5.2234, 44.79364], [5.22341, 44.79387], [5.22278, 44.79388], [5.22255, 44.79614], [5.22163, 44.79683], [5.22191, 44.79593]], [[5.22085, 44.79302], [5.22023, 44.79326], [5.22021, 44.79281], [5.22083, 44.79257], [5.22085, 44.79302]], [[5.22044, 44.79055], [5.22073, 44.7901], [5.22105, 44.79009], [5.22107, 44.79054], [5.22044, 44.79055]], [[5.23525, 44.79723], [5.23526, 44.79746], [5.23493, 44.79724], [5.23525, 44.79723]], [[5.13318, 44.79924], [5.13285, 44.79903], [5.13317, 44.79902], [5.13318, 44.79924]], [[5.13315, 44.79857], [5.13347, 44.79856], [5.13349, 44.79901], [5.13317, 44.79902], [5.13315, 44.79857]], [[5.18139, 44.7947], [5.18141, 44.79538], [5.18173, 44.79537], [5.18208, 44.79627], [5.18112, 44.79606], [5.18142, 44.7956], [5.18078, 44.79539], [5.18076, 44.79494], [5.18013, 44.79495], [5.18082, 44.79629], [5.17986, 44.79609], [5.17955, 44.79632], [5.17928, 44.79745], [5.17897, 44.79745], [5.17868, 44.79814], [5.1777, 44.79748], [5.1771, 44.79839], [5.17647, 44.7984], [5.17549, 44.79752], [5.17547, 44.79707], [5.17516, 44.79708], [5.17514, 44.79663], [5.17482, 44.79663], [5.1748, 44.79618], [5.17385, 44.79598], [5.17354, 44.79621], [5.1732, 44.79554], [5.17445, 44.79529], [5.17446, 44.79552], [5.17509, 44.7955], [5.17475, 44.79483], [5.17506, 44.7946], [5.17538, 44.7946], [5.1754, 44.79527], [5.17572, 44.79527], [5.17633, 44.7948], [5.17631, 44.79413], [5.17694, 44.79412], [5.17727, 44.79456], [5.18139, 44.7947]], [[5.17255, 44.7951], [5.17318, 44.79509], [5.1732, 44.79554], [5.17255, 44.7951]], [[5.21149, 44.79636], [5.21181, 44.79635], [5.21186, 44.7977], [5.21155, 44.79771], [5.21149, 44.79636]], [[5.12304, 44.79876], [5.12306, 44.79921], [5.12241, 44.79878], [5.12304, 44.79876]], [[5.12494, 44.79873], [5.12525, 44.79872], [5.12527, 44.79917], [5.12495, 44.79918], [5.12494, 44.79873]], [[5.19856, 44.79707], [5.19887, 44.79706], [5.1989, 44.79774], [5.19858, 44.79774], [5.19856, 44.79707]], [[5.20394, 44.79719], [5.20425, 44.79718], [5.20427, 44.79763], [5.20396, 44.79764], [5.20394, 44.79719]], [[5.21055, 44.79638], [5.21059, 44.7975], [5.20994, 44.79707], [5.21026, 44.79706], [5.21023, 44.79638], [5.21055, 44.79638]], [[5.12083, 44.79881], [5.12084, 44.79903], [5.12051, 44.79881], [5.12083, 44.79881]], [[5.20045, 44.79703], [5.20077, 44.79702], [5.20079, 44.79747], [5.20047, 44.79748], [5.20045, 44.79703]], [[5.20678, 44.79713], [5.20679, 44.79735], [5.20647, 44.79714], [5.20678, 44.79713]], [[5.23175, 44.79685], [5.23174, 44.7964], [5.23268, 44.79639], [5.23269, 44.79661], [5.23175, 44.79685]], [[5.23301, 44.7966], [5.23302, 44.79683], [5.23269, 44.79661], [5.23301, 44.7966]], [[5.2349, 44.79634], [5.23491, 44.79679], [5.2346, 44.7968], [5.23458, 44.79635], [5.2349, 44.79634]], [[5.23425, 44.79613], [5.23457, 44.79612], [5.23458, 44.79635], [5.23425, 44.79613]], [[5.13379, 44.79856], [5.13346, 44.79834], [5.13378, 44.79833], [5.13379, 44.79856]], [[5.13376, 44.79788], [5.13501, 44.79763], [5.13472, 44.79809], [5.13378, 44.79833], [5.13376, 44.79788]], [[5.15273, 44.79774], [5.15275, 44.79819], [5.1521, 44.79775], [5.15273, 44.79774]], [[5.2232, 44.79658], [5.22321, 44.7968], [5.22289, 44.79658], [5.2232, 44.79658]], [[5.12492, 44.79828], [5.12493, 44.7985], [5.1246, 44.79828], [5.12492, 44.79828]], [[5.20612, 44.79647], [5.20644, 44.79646], [5.20646, 44.79691], [5.20614, 44.79692], [5.20612, 44.79647]], [[5.21876, 44.79621], [5.21908, 44.79621], [5.2191, 44.79666], [5.21878, 44.79666], [5.21876, 44.79621]], [[5.23615, 44.79609], [5.23616, 44.79632], [5.23583, 44.7961], [5.23615, 44.79609]], [[5.15089, 44.79102], [5.15117, 44.79012], [5.15054, 44.79013], [5.1502, 44.78946], [5.15051, 44.78945], [5.1505, 44.789], [5.15144, 44.78898], [5.1515, 44.79056], [5.15215, 44.79077], [5.15213, 44.79032], [5.15244, 44.79032], [5.15245, 44.79054], [5.15308, 44.79053], [5.15311, 44.7912], [5.15343, 44.7912], [5.15411, 44.79254], [5.15475, 44.79275], [5.15543, 44.79386], [5.1548, 44.7941], [5.15482, 44.79455], [5.15419, 44.79456], [5.15421, 44.79524], [5.15359, 44.79547], [5.15361, 44.79592], [5.15298, 44.79616], [5.153, 44.79661], [5.15238, 44.79685], [5.15209, 44.79753], [5.15144, 44.79709], [5.15081, 44.7971], [5.15082, 44.79755], [5.1502, 44.79779], [5.14987, 44.79735], [5.14924, 44.79736], [5.14921, 44.79668], [5.14857, 44.79647], [5.14855, 44.79602], [5.14726, 44.79537], [5.14757, 44.79514], [5.14753, 44.79401], [5.14721, 44.79402], [5.14717, 44.7929], [5.1462, 44.79246], [5.14585, 44.79157], [5.14776, 44.79176], [5.1471, 44.7911], [5.14615, 44.79111], [5.14614, 44.79089], [5.14771, 44.79063], [5.14836, 44.79107], [5.14802, 44.7904], [5.14834, 44.7904], [5.14832, 44.78995], [5.148, 44.78995], [5.14799, 44.7895], [5.14893, 44.78926], [5.14892, 44.78903], [5.14923, 44.78903], [5.14925, 44.78948], [5.14893, 44.78948], [5.14896, 44.79016], [5.15056, 44.79058], [5.15057, 44.79103], [5.15089, 44.79102]], [[5.1477, 44.79018], [5.14801, 44.79018], [5.14802, 44.7904], [5.1477, 44.79018]], [[5.20896, 44.79618], [5.20927, 44.79618], [5.20929, 44.79663], [5.20898, 44.79663], [5.20896, 44.79618]], [[5.22793, 44.79603], [5.22793, 44.79626], [5.22761, 44.79604], [5.22793, 44.79603]], [[5.23551, 44.79588], [5.23552, 44.7961], [5.23519, 44.79588], [5.23551, 44.79588]], [[5.19916, 44.79638], [5.19917, 44.7966], [5.19885, 44.79639], [5.19916, 44.79638]], [[5.20801, 44.7962], [5.20802, 44.79643], [5.20769, 44.79621], [5.20801, 44.7962]], [[5.21429, 44.79518], [5.21461, 44.79517], [5.21465, 44.7963], [5.21434, 44.7963], [5.21429, 44.79518]], [[5.21653, 44.79581], [5.21685, 44.7958], [5.21687, 44.79625], [5.21655, 44.79626], [5.21653, 44.79581]], [[5.22823, 44.7958], [5.22824, 44.79602], [5.22792, 44.79581], [5.22823, 44.7958]], [[5.2336, 44.79569], [5.23361, 44.79592], [5.23329, 44.7957], [5.2336, 44.79569]], [[5.12616, 44.79758], [5.12617, 44.7978], [5.12584, 44.79758], [5.12616, 44.79758]], [[5.13532, 44.7974], [5.13533, 44.79763], [5.13501, 44.79741], [5.13532, 44.7974]], [[5.15397, 44.79704], [5.15398, 44.79727], [5.15365, 44.79705], [5.15397, 44.79704]], [[5.2001, 44.79614], [5.20011, 44.79636], [5.19979, 44.79614], [5.2001, 44.79614]], [[5.19915, 44.79615], [5.19913, 44.79548], [5.19974, 44.79502], [5.19946, 44.79592], [5.19979, 44.79614], [5.19915, 44.79615]], [[5.20167, 44.79588], [5.20199, 44.79587], [5.20201, 44.79632], [5.20169, 44.79633], [5.20167, 44.79588]], [[5.21842, 44.79555], [5.21874, 44.79554], [5.21875, 44.79599], [5.21844, 44.796], [5.21842, 44.79555]], [[5.10782, 44.7977], [5.10783, 44.79793], [5.10751, 44.79771], [5.10782, 44.7977]], [[5.12457, 44.79738], [5.12458, 44.79761], [5.12425, 44.79739], [5.12457, 44.79738]], [[5.13564, 44.7974], [5.13531, 44.79718], [5.13563, 44.79717], [5.13564, 44.7974]], [[5.13593, 44.79672], [5.13656, 44.7967], [5.13626, 44.79716], [5.13563, 44.79717], [5.13593, 44.79672]], [[5.15427, 44.79681], [5.15428, 44.79704], [5.15396, 44.79682], [5.15427, 44.79681]], [[5.20257, 44.79451], [5.20288, 44.7945], [5.20295, 44.79608], [5.20263, 44.79609], [5.20257, 44.79451]], [[5.20985, 44.79482], [5.21017, 44.79481], [5.21053, 44.79593], [5.2099, 44.79594], [5.20985, 44.79482]], [[5.22599, 44.79517], [5.22601, 44.79562], [5.22536, 44.79518], [5.22599, 44.79517]], [[5.22631, 44.79516], [5.22758, 44.79536], [5.22759, 44.79559], [5.22664, 44.79561], [5.22631, 44.79516]], [[5.22853, 44.79534], [5.22854, 44.79557], [5.22822, 44.79535], [5.22853, 44.79534]], [[5.23359, 44.79524], [5.2336, 44.79547], [5.23327, 44.79525], [5.23359, 44.79524]], [[5.15521, 44.79657], [5.15648, 44.79654], [5.15649, 44.79677], [5.15522, 44.79679], [5.15521, 44.79657]], [[5.20609, 44.79557], [5.2061, 44.79579], [5.20577, 44.79557], [5.20609, 44.79557]], [[5.21619, 44.79514], [5.21651, 44.79513], [5.21652, 44.79558], [5.21621, 44.79559], [5.21619, 44.79514]], [[5.2184, 44.7951], [5.21841, 44.79532], [5.21809, 44.7951], [5.2184, 44.7951]], [[5.23041, 44.79485], [5.23104, 44.79484], [5.23105, 44.79507], [5.23042, 44.79508], [5.23041, 44.79485]], [[5.23515, 44.79476], [5.23516, 44.79498], [5.23483, 44.79477], [5.23515, 44.79476]], [[5.13687, 44.79647], [5.13688, 44.7967], [5.13655, 44.79648], [5.13687, 44.79647]], [[5.17194, 44.79579], [5.17195, 44.79602], [5.17163, 44.7958], [5.17194, 44.79579]], [[5.171, 44.79581], [5.17035, 44.79537], [5.16908, 44.7954], [5.16875, 44.79495], [5.16748, 44.79475], [5.16747, 44.79453], [5.16652, 44.79455], [5.1665, 44.7941], [5.16713, 44.79408], [5.16714, 44.79431], [5.16809, 44.79429], [5.16874, 44.79473], [5.17126, 44.79445], [5.17127, 44.79468], [5.1719, 44.79467], [5.17163, 44.7958], [5.171, 44.79581]], [[5.16618, 44.79388], [5.16649, 44.79387], [5.1665, 44.7941], [5.16618, 44.79388]], [[5.18586, 44.79574], [5.18459, 44.79577], [5.18458, 44.79554], [5.18585, 44.79552], [5.18586, 44.79574]], [[5.18584, 44.79529], [5.18679, 44.79527], [5.18679, 44.7955], [5.18585, 44.79552], [5.18584, 44.79529]], [[5.21176, 44.795], [5.21177, 44.79523], [5.21144, 44.79501], [5.21176, 44.795]], [[5.2326, 44.79436], [5.23324, 44.79457], [5.23325, 44.7948], [5.23262, 44.79481], [5.2326, 44.79436]], [[5.13718, 44.79624], [5.13718, 44.79647], [5.13686, 44.79625], [5.13718, 44.79624]], [[5.15678, 44.79609], [5.1552, 44.79612], [5.15484, 44.795], [5.15576, 44.7943], [5.15639, 44.79429], [5.15673, 44.79496], [5.15705, 44.79496], [5.15678, 44.79609]], [[5.18773, 44.79525], [5.18774, 44.79548], [5.18711, 44.79549], [5.1871, 44.79527], [5.18773, 44.79525]], [[5.18678, 44.79505], [5.18709, 44.79504], [5.1871, 44.79527], [5.18678, 44.79505]], [[5.21458, 44.7945], [5.2149, 44.79449], [5.21492, 44.79494], [5.2146, 44.79495], [5.21458, 44.7945]], [[5.21582, 44.7938], [5.21614, 44.79379], [5.21618, 44.79491], [5.21587, 44.79492], [5.21582, 44.7938]], [[5.21807, 44.79465], [5.21808, 44.79488], [5.21775, 44.79466], [5.21807, 44.79465]], [[5.22781, 44.79311], [5.22813, 44.7931], [5.22819, 44.79467], [5.22787, 44.79468], [5.22781, 44.79311]], [[5.23133, 44.79416], [5.23165, 44.79415], [5.23166, 44.7946], [5.23135, 44.79461], [5.23133, 44.79416]], [[5.23476, 44.79297], [5.23479, 44.79364], [5.23544, 44.79408], [5.23482, 44.79454], [5.23384, 44.79366], [5.23414, 44.7932], [5.23382, 44.79321], [5.23379, 44.79231], [5.23476, 44.79297]], [[5.18836, 44.79502], [5.18994, 44.79499], [5.18995, 44.79521], [5.18837, 44.79524], [5.18836, 44.79502]], [[5.19025, 44.79498], [5.19089, 44.79497], [5.19089, 44.79519], [5.19026, 44.7952], [5.19025, 44.79498]], [[5.19119, 44.79474], [5.19182, 44.79472], [5.19183, 44.79495], [5.1912, 44.79496], [5.19119, 44.79474]], [[5.19972, 44.79434], [5.20003, 44.79434], [5.20005, 44.79479], [5.19973, 44.79479], [5.19972, 44.79434]], [[5.21773, 44.79421], [5.21774, 44.79443], [5.21742, 44.79421], [5.21773, 44.79421]], [[5.22089, 44.79415], [5.2209, 44.79437], [5.22058, 44.79415], [5.22089, 44.79415]], [[5.23195, 44.79392], [5.23196, 44.79415], [5.23164, 44.79393], [5.23195, 44.79392]], [[5.12893, 44.79572], [5.12957, 44.79571], [5.12957, 44.79594], [5.12894, 44.79595], [5.12893, 44.79572]], [[5.17349, 44.79486], [5.1735, 44.79508], [5.17317, 44.79487], [5.17349, 44.79486]], [[5.21014, 44.79413], [5.21015, 44.79436], [5.20983, 44.79414], [5.21014, 44.79413]], [[5.21487, 44.79382], [5.21519, 44.79381], [5.21521, 44.79426], [5.21489, 44.79427], [5.21487, 44.79382]], [[5.10965, 44.79587], [5.10966, 44.79609], [5.10933, 44.79587], [5.10965, 44.79587]], [[5.12703, 44.79554], [5.12829, 44.79551], [5.1283, 44.79574], [5.12704, 44.79576], [5.12703, 44.79554]], [[5.21707, 44.79332], [5.21738, 44.79331], [5.21741, 44.79399], [5.21709, 44.794], [5.21707, 44.79332]], [[5.23193, 44.79325], [5.23224, 44.79324], [5.23226, 44.79369], [5.23194, 44.7937], [5.23193, 44.79325]], [[5.19622, 44.79396], [5.19623, 44.79419], [5.19591, 44.79397], [5.19622, 44.79396]], [[5.23099, 44.79349], [5.23067, 44.7935], [5.23064, 44.79282], [5.23096, 44.79282], [5.23099, 44.79349]], [[5.23093, 44.79192], [5.23124, 44.79191], [5.23121, 44.79124], [5.23153, 44.79123], [5.23186, 44.79167], [5.23125, 44.79214], [5.23128, 44.79281], [5.23096, 44.79282], [5.23093, 44.79192]], [[5.1112, 44.79516], [5.11152, 44.79516], [5.11154, 44.79561], [5.11121, 44.79539], [5.11058, 44.7954], [5.1102, 44.79361], [5.11147, 44.79381], [5.11116, 44.79404], [5.1112, 44.79516]], [[5.19748, 44.79371], [5.19749, 44.79394], [5.19716, 44.79372], [5.19748, 44.79371]], [[5.20632, 44.79354], [5.20633, 44.79376], [5.20601, 44.79354], [5.20632, 44.79354]], [[5.21548, 44.79313], [5.21611, 44.79311], [5.21581, 44.79357], [5.2155, 44.79358], [5.21548, 44.79313]], [[5.23571, 44.79295], [5.23572, 44.79317], [5.23539, 44.79295], [5.23571, 44.79295]], [[5.19904, 44.79323], [5.19809, 44.79325], [5.19838, 44.79257], [5.19934, 44.79277], [5.19937, 44.79367], [5.19906, 44.79368], [5.19904, 44.79323]], [[5.2079, 44.79328], [5.2079, 44.7935], [5.20758, 44.79329], [5.2079, 44.79328]], [[5.16871, 44.79383], [5.16934, 44.79381], [5.16935, 44.79404], [5.16871, 44.79405], [5.16871, 44.79383]], [[5.17123, 44.79378], [5.17187, 44.79377], [5.17187, 44.79399], [5.17124, 44.794], [5.17123, 44.79378]], [[5.17309, 44.79262], [5.17309, 44.79284], [5.17373, 44.79283], [5.17374, 44.79305], [5.1728, 44.7933], [5.17282, 44.79397], [5.17219, 44.79398], [5.17184, 44.79309], [5.17153, 44.79332], [5.16932, 44.79336], [5.16931, 44.79314], [5.17089, 44.79311], [5.17088, 44.79288], [5.17183, 44.79287], [5.17182, 44.79264], [5.17215, 44.79286], [5.17309, 44.79262]], [[5.17405, 44.79305], [5.17406, 44.79327], [5.17374, 44.79305], [5.17405, 44.79305]], [[5.17469, 44.79326], [5.17471, 44.79371], [5.17409, 44.79395], [5.17406, 44.79327], [5.17469, 44.79326]], [[5.23, 44.79261], [5.23001, 44.79284], [5.22969, 44.79262], [5.23, 44.79261]], [[5.14216, 44.79434], [5.14185, 44.79435], [5.14183, 44.7939], [5.14215, 44.79389], [5.14216, 44.79434]], [[5.14213, 44.79344], [5.14244, 44.79344], [5.14246, 44.79389], [5.14215, 44.79389], [5.14213, 44.79344]], [[5.1649, 44.79345], [5.16585, 44.79366], [5.16586, 44.79388], [5.16523, 44.7939], [5.1649, 44.79345]], [[5.16838, 44.79361], [5.16839, 44.79383], [5.16806, 44.79361], [5.16838, 44.79361]], [[5.16996, 44.79358], [5.17091, 44.79356], [5.17092, 44.79378], [5.16997, 44.7938], [5.16996, 44.79358]], [[5.20251, 44.79294], [5.20251, 44.79316], [5.20219, 44.79294], [5.20251, 44.79294]], [[5.21478, 44.79157], [5.2151, 44.79156], [5.21515, 44.79291], [5.21484, 44.79292], [5.21478, 44.79157]], [[5.21767, 44.79263], [5.21768, 44.79286], [5.21736, 44.79264], [5.21767, 44.79263]], [[5.1083, 44.79364], [5.10894, 44.79385], [5.10898, 44.79475], [5.10866, 44.79476], [5.1083, 44.79364]], [[5.22839, 44.79174], [5.2287, 44.79174], [5.22873, 44.79241], [5.22842, 44.79242], [5.22839, 44.79174]], [[5.22999, 44.79216], [5.23, 44.79239], [5.22967, 44.79217], [5.22999, 44.79216]], [[5.23219, 44.79189], [5.2325, 44.79189], [5.23252, 44.79234], [5.23189, 44.79235], [5.23219, 44.79189]], [[5.16456, 44.79301], [5.16458, 44.79346], [5.16361, 44.7928], [5.16456, 44.79301]], [[5.1968, 44.7926], [5.19743, 44.79259], [5.19744, 44.79281], [5.19681, 44.79282], [5.1968, 44.7926]], [[5.21575, 44.792], [5.21607, 44.79199], [5.21608, 44.79244], [5.21577, 44.79245], [5.21575, 44.792]], [[5.21829, 44.79217], [5.2183, 44.7924], [5.21797, 44.79218], [5.21829, 44.79217]], [[5.19836, 44.79212], [5.19837, 44.79234], [5.19805, 44.79212], [5.19836, 44.79212]], [[5.19615, 44.79216], [5.19677, 44.7917], [5.19581, 44.79149], [5.19548, 44.79105], [5.19675, 44.79125], [5.19673, 44.7908], [5.19641, 44.79058], [5.19451, 44.79062], [5.1945, 44.79039], [5.19544, 44.79015], [5.19543, 44.78992], [5.19163, 44.78977], [5.19127, 44.78866], [5.19004, 44.78958], [5.18782, 44.7894], [5.18781, 44.78917], [5.18845, 44.78916], [5.1881, 44.78849], [5.19, 44.78846], [5.19031, 44.78822], [5.1906, 44.78754], [5.18995, 44.78711], [5.19375, 44.78726], [5.19376, 44.78771], [5.19344, 44.78749], [5.19186, 44.78752], [5.19188, 44.78797], [5.19504, 44.78791], [5.19503, 44.78768], [5.1966, 44.78742], [5.19693, 44.78787], [5.19598, 44.78789], [5.19634, 44.78878], [5.19603, 44.78901], [5.19666, 44.789], [5.1967, 44.7899], [5.19734, 44.79011], [5.19704, 44.79057], [5.19735, 44.79056], [5.19738, 44.79124], [5.19801, 44.79122], [5.19805, 44.79212], [5.19615, 44.79216]], [[5.19418, 44.79017], [5.19449, 44.79017], [5.1945, 44.79039], [5.19418, 44.79017]], [[5.21858, 44.79149], [5.21858, 44.79171], [5.21826, 44.7915], [5.21858, 44.79149]], [[5.21952, 44.79147], [5.21953, 44.7917], [5.21921, 44.79148], [5.21952, 44.79147]], [[5.14179, 44.79277], [5.1418, 44.793], [5.14147, 44.79278], [5.14179, 44.79277]], [[5.1105, 44.79315], [5.11051, 44.79337], [5.11018, 44.79316], [5.1105, 44.79315]], [[5.10986, 44.79294], [5.11017, 44.79293], [5.11018, 44.79316], [5.10986, 44.79294]], [[5.17496, 44.7919], [5.1759, 44.79188], [5.17591, 44.79211], [5.17496, 44.79213], [5.17496, 44.7919]], [[5.21601, 44.79064], [5.21633, 44.79063], [5.21636, 44.79131], [5.21604, 44.79132], [5.21601, 44.79064]], [[5.21855, 44.79081], [5.21887, 44.79081], [5.21888, 44.79126], [5.21857, 44.79126], [5.21855, 44.79081]], [[5.21951, 44.79125], [5.2192, 44.79125], [5.21918, 44.7908], [5.2195, 44.7908], [5.21951, 44.79125]], [[5.21948, 44.79035], [5.2198, 44.79034], [5.21981, 44.79079], [5.2195, 44.7908], [5.21948, 44.79035]], [[5.2252, 44.79113], [5.22489, 44.79114], [5.22484, 44.79001], [5.22516, 44.79001], [5.2252, 44.79113]], [[5.22513, 44.78933], [5.22545, 44.78933], [5.22547, 44.79], [5.22516, 44.79001], [5.22513, 44.78933]], [[5.10828, 44.79297], [5.10828, 44.79319], [5.10796, 44.79297], [5.10828, 44.79297]], [[5.10764, 44.79275], [5.10795, 44.79275], [5.10796, 44.79297], [5.10764, 44.79275]], [[5.17651, 44.7912], [5.17653, 44.79165], [5.17588, 44.79121], [5.17651, 44.7912]], [[5.14302, 44.79185], [5.14303, 44.79208], [5.1427, 44.79186], [5.14302, 44.79185]], [[5.16071, 44.79151], [5.16072, 44.79173], [5.16039, 44.79151], [5.16071, 44.79151]], [[5.16577, 44.79141], [5.16735, 44.79138], [5.16735, 44.7916], [5.16577, 44.79163], [5.16577, 44.79141]], [[5.17427, 44.79057], [5.17522, 44.79055], [5.17523, 44.79077], [5.17365, 44.7908], [5.17462, 44.79146], [5.17336, 44.79148], [5.17238, 44.7906], [5.17174, 44.79062], [5.17297, 44.78969], [5.17427, 44.79057]], [[5.18441, 44.79104], [5.18442, 44.79127], [5.18409, 44.79105], [5.18441, 44.79104]], [[5.20874, 44.79056], [5.20875, 44.79079], [5.20842, 44.79057], [5.20874, 44.79056]], [[5.21816, 44.78902], [5.21848, 44.78901], [5.21854, 44.79059], [5.21822, 44.7906], [5.21816, 44.78902]], [[5.10793, 44.79207], [5.10794, 44.79252], [5.10729, 44.79208], [5.10793, 44.79207]], [[5.16102, 44.79128], [5.16103, 44.7915], [5.1607, 44.79128], [5.16102, 44.79128]], [[5.16481, 44.7912], [5.16482, 44.79143], [5.16449, 44.79121], [5.16481, 44.7912]], [[5.16829, 44.79113], [5.16829, 44.79136], [5.16797, 44.79114], [5.16829, 44.79113]], [[5.18029, 44.7909], [5.18124, 44.79088], [5.18125, 44.7911], [5.1803, 44.79112], [5.18029, 44.7909]], [[5.18251, 44.79108], [5.18156, 44.7911], [5.18156, 44.79087], [5.1825, 44.79085], [5.18251, 44.79108]], [[5.18249, 44.79063], [5.18376, 44.7906], [5.18377, 44.79083], [5.1825, 44.79085], [5.18249, 44.79063]], [[5.18375, 44.79038], [5.1847, 44.79036], [5.18471, 44.79059], [5.18376, 44.7906], [5.18375, 44.79038]], [[5.2043, 44.7902], [5.20461, 44.79019], [5.20463, 44.79064], [5.204, 44.79065], [5.2043, 44.7902]], [[5.20525, 44.7904], [5.20588, 44.79039], [5.20589, 44.79062], [5.20526, 44.79063], [5.20525, 44.7904]], [[5.20714, 44.79014], [5.20746, 44.79014], [5.20747, 44.79059], [5.20716, 44.79059], [5.20714, 44.79014]], [[5.20904, 44.79033], [5.20905, 44.79055], [5.20873, 44.79034], [5.20904, 44.79033]], [[5.21631, 44.79018], [5.21632, 44.79041], [5.216, 44.79019], [5.21631, 44.79018]], [[5.16165, 44.79126], [5.16133, 44.79104], [5.16164, 44.79104], [5.16165, 44.79126]], [[5.16163, 44.79081], [5.16226, 44.7908], [5.16227, 44.79103], [5.16164, 44.79104], [5.16163, 44.79081]], [[5.16417, 44.79099], [5.16418, 44.79121], [5.16385, 44.79099], [5.16417, 44.79099]], [[5.16322, 44.79101], [5.16321, 44.79078], [5.16384, 44.79077], [5.16385, 44.79099], [5.16322, 44.79101]], [[5.17934, 44.79069], [5.17997, 44.79068], [5.17998, 44.7909], [5.17934, 44.79092], [5.17934, 44.79069]], [[5.20619, 44.79016], [5.2062, 44.79039], [5.20588, 44.79017], [5.20619, 44.79016]], [[5.21504, 44.78998], [5.21505, 44.79021], [5.21472, 44.78999], [5.21504, 44.78998]], [[5.21914, 44.78968], [5.21946, 44.7899], [5.21884, 44.79013], [5.21879, 44.78901], [5.21943, 44.789], [5.21914, 44.78968]], [[5.22041, 44.78988], [5.22042, 44.7901], [5.22009, 44.78988], [5.22041, 44.78988]], [[5.17838, 44.79049], [5.17901, 44.79047], [5.17902, 44.7907], [5.17839, 44.79071], [5.17838, 44.79049]], [[5.18597, 44.79056], [5.18565, 44.79034], [5.18596, 44.79034], [5.18597, 44.79056]], [[5.18595, 44.79011], [5.18627, 44.7901], [5.18626, 44.78988], [5.18721, 44.78986], [5.18659, 44.79032], [5.18596, 44.79034], [5.18595, 44.79011]], [[5.18564, 44.79012], [5.18562, 44.78967], [5.18594, 44.78966], [5.18595, 44.79011], [5.18564, 44.79012]], [[5.17774, 44.79027], [5.17775, 44.7905], [5.17742, 44.79028], [5.17774, 44.79027]], [[5.1809, 44.79021], [5.18091, 44.79044], [5.18058, 44.79022], [5.1809, 44.79021]], [[5.18532, 44.79012], [5.18533, 44.79035], [5.18501, 44.79013], [5.18532, 44.79012]], [[5.20744, 44.78969], [5.20745, 44.78991], [5.20712, 44.78969], [5.20744, 44.78969]], [[5.21028, 44.78963], [5.21029, 44.78985], [5.20997, 44.78963], [5.21028, 44.78963]], [[5.2147, 44.78932], [5.21501, 44.78931], [5.21503, 44.78976], [5.21471, 44.78977], [5.2147, 44.78932]], [[5.21597, 44.78952], [5.21598, 44.78974], [5.21565, 44.78952], [5.21597, 44.78952]], [[5.22229, 44.78939], [5.2223, 44.78961], [5.22197, 44.78939], [5.22229, 44.78939]], [[5.10695, 44.79142], [5.10759, 44.7914], [5.10759, 44.79163], [5.10696, 44.79164], [5.10695, 44.79142]], [[5.16952, 44.79043], [5.1692, 44.79021], [5.16951, 44.79021], [5.16952, 44.79043]], [[5.16949, 44.78953], [5.1698, 44.78953], [5.16983, 44.7902], [5.16951, 44.79021], [5.16949, 44.78953]], [[5.1771, 44.79006], [5.17711, 44.79029], [5.17678, 44.79007], [5.1771, 44.79006]], [[5.1872, 44.78964], [5.18909, 44.7896], [5.18848, 44.79006], [5.18785, 44.79007], [5.1872, 44.78964]], [[5.22133, 44.78918], [5.22134, 44.78941], [5.22101, 44.78919], [5.22133, 44.78918]], [[5.17646, 44.78985], [5.17647, 44.79007], [5.17552, 44.79009], [5.17551, 44.78987], [5.17646, 44.78985]], [[5.17518, 44.78965], [5.1755, 44.78964], [5.17551, 44.78987], [5.17518, 44.78965]], [[5.17486, 44.78943], [5.17518, 44.78942], [5.17518, 44.78965], [5.17486, 44.78943]], [[5.18404, 44.7897], [5.18499, 44.78968], [5.185, 44.7899], [5.18405, 44.78992], [5.18404, 44.7897]], [[5.22575, 44.78887], [5.22575, 44.78909], [5.22543, 44.78888], [5.22575, 44.78887]], [[5.14264, 44.79028], [5.14265, 44.79051], [5.14232, 44.79029], [5.14264, 44.79028]], [[5.18625, 44.78965], [5.18593, 44.78944], [5.18624, 44.78943], [5.18625, 44.78965]], [[5.18591, 44.78899], [5.18653, 44.78875], [5.18687, 44.78942], [5.18624, 44.78943], [5.18591, 44.78899]], [[5.21594, 44.78884], [5.21595, 44.78907], [5.21563, 44.78885], [5.21594, 44.78884]], [[5.22194, 44.78872], [5.22195, 44.78894], [5.22163, 44.78873], [5.22194, 44.78872]], [[5.22605, 44.78864], [5.22606, 44.78886], [5.22574, 44.78864], [5.22605, 44.78864]], [[5.14295, 44.79005], [5.14296, 44.79028], [5.14263, 44.79006], [5.14295, 44.79005]], [[5.16406, 44.78806], [5.16407, 44.78851], [5.16312, 44.78831], [5.16313, 44.78853], [5.16249, 44.78854], [5.1622, 44.78923], [5.16126, 44.78924], [5.16033, 44.78994], [5.15969, 44.78973], [5.15939, 44.78996], [5.15873, 44.78929], [5.15777, 44.78909], [5.1574, 44.78774], [5.15676, 44.78753], [5.15673, 44.78663], [5.15577, 44.78642], [5.15576, 44.7862], [5.15483, 44.78644], [5.15417, 44.78578], [5.15322, 44.7858], [5.15287, 44.7849], [5.15381, 44.78466], [5.15411, 44.7842], [5.15474, 44.78419], [5.15534, 44.78328], [5.15628, 44.78326], [5.15689, 44.78257], [5.15815, 44.78255], [5.15876, 44.78186], [5.15939, 44.78185], [5.15874, 44.78141], [5.16, 44.78116], [5.16092, 44.78047], [5.1609, 44.78002], [5.16217, 44.77999], [5.16217, 44.78022], [5.16281, 44.78021], [5.16346, 44.78087], [5.1641, 44.78086], [5.16409, 44.78063], [5.16344, 44.7802], [5.16407, 44.78018], [5.16475, 44.78152], [5.1654, 44.78196], [5.16764, 44.78259], [5.16862, 44.78347], [5.16989, 44.78367], [5.1699, 44.7839], [5.16864, 44.78392], [5.16897, 44.78437], [5.17151, 44.78454], [5.17152, 44.78477], [5.17246, 44.78452], [5.17282, 44.78564], [5.17186, 44.78543], [5.17094, 44.78613], [5.16999, 44.78615], [5.16784, 44.78776], [5.16757, 44.7889], [5.16471, 44.7885], [5.16406, 44.78806]], [[5.16027, 44.78003], [5.16025, 44.77958], [5.16089, 44.77979], [5.1609, 44.78002], [5.16027, 44.78003]], [[5.17022, 44.78389], [5.17023, 44.78412], [5.1699, 44.7839], [5.17022, 44.78389]], [[5.20614, 44.78881], [5.20615, 44.78904], [5.20582, 44.78882], [5.20614, 44.78881]], [[5.21057, 44.78895], [5.21025, 44.78895], [5.21023, 44.78828], [5.21054, 44.78827], [5.21057, 44.78895]], [[5.21052, 44.7876], [5.21083, 44.78759], [5.21086, 44.78827], [5.21054, 44.78827], [5.21052, 44.7876]], [[5.22636, 44.78841], [5.22637, 44.78863], [5.22604, 44.78841], [5.22636, 44.78841]], [[5.21559, 44.78795], [5.21591, 44.78794], [5.21593, 44.78862], [5.21562, 44.78862], [5.21559, 44.78795]], [[5.21843, 44.78789], [5.21875, 44.78788], [5.21878, 44.78856], [5.21846, 44.78856], [5.21843, 44.78789]], [[5.1701, 44.78907], [5.17011, 44.7893], [5.16979, 44.78908], [5.1701, 44.78907]], [[5.17421, 44.78899], [5.17422, 44.78922], [5.17389, 44.789], [5.17421, 44.78899]], [[5.17357, 44.78878], [5.17389, 44.78877], [5.17389, 44.789], [5.17357, 44.78878]], [[5.20674, 44.78812], [5.20706, 44.78812], [5.20708, 44.78857], [5.20676, 44.78857], [5.20674, 44.78812]], [[5.21434, 44.7882], [5.21434, 44.78842], [5.21402, 44.7882], [5.21434, 44.7882]], [[5.21369, 44.78798], [5.21401, 44.78798], [5.21402, 44.7882], [5.21369, 44.78798]], [[5.22318, 44.78802], [5.22319, 44.78824], [5.22287, 44.78803], [5.22318, 44.78802]], [[5.1878, 44.78872], [5.18716, 44.78874], [5.18715, 44.78829], [5.18778, 44.78827], [5.1878, 44.78872]], [[5.18775, 44.7876], [5.18807, 44.78759], [5.18809, 44.78827], [5.18778, 44.78827], [5.18775, 44.7876]], [[5.18743, 44.78738], [5.18774, 44.78737], [5.18775, 44.7876], [5.18743, 44.78738]], [[5.20611, 44.78814], [5.20612, 44.78836], [5.2058, 44.78814], [5.20611, 44.78814]], [[5.22349, 44.78779], [5.2235, 44.78801], [5.22317, 44.78779], [5.22349, 44.78779]], [[5.17798, 44.78847], [5.17799, 44.78869], [5.17767, 44.78847], [5.17798, 44.78847]], [[5.1862, 44.7883], [5.18621, 44.78853], [5.18588, 44.78831], [5.1862, 44.7883]], [[5.20231, 44.78799], [5.20232, 44.78821], [5.202, 44.78799], [5.20231, 44.78799]], [[5.20389, 44.78795], [5.2039, 44.78818], [5.20358, 44.78796], [5.20389, 44.78795]], [[5.21871, 44.78676], [5.21902, 44.78675], [5.21905, 44.78743], [5.21936, 44.78742], [5.21938, 44.78787], [5.21907, 44.78788], [5.21871, 44.78676]], [[5.15585, 44.78845], [5.15617, 44.78844], [5.15618, 44.78889], [5.15587, 44.7889], [5.15585, 44.78845]], [[5.17071, 44.78838], [5.17072, 44.78861], [5.17039, 44.78839], [5.17071, 44.78838]], [[5.17229, 44.78835], [5.17292, 44.78834], [5.17293, 44.78857], [5.1723, 44.78858], [5.17229, 44.78835]], [[5.21398, 44.7873], [5.214, 44.78775], [5.21369, 44.78776], [5.21367, 44.78731], [5.21398, 44.7873]], [[5.21334, 44.78709], [5.21366, 44.78708], [5.21367, 44.78731], [5.21334, 44.78709]], [[5.22094, 44.78739], [5.22095, 44.78761], [5.22063, 44.7874], [5.22094, 44.78739]], [[5.17102, 44.78815], [5.17196, 44.78813], [5.17197, 44.78836], [5.17102, 44.78838], [5.17102, 44.78815]], [[5.20577, 44.78747], [5.20578, 44.78769], [5.20545, 44.78747], [5.20577, 44.78747]], [[5.20639, 44.78723], [5.20671, 44.78722], [5.20673, 44.78767], [5.20641, 44.78768], [5.20639, 44.78723]], [[5.18586, 44.78764], [5.18587, 44.78786], [5.18554, 44.78764], [5.18586, 44.78764]], [[5.1947, 44.78746], [5.19471, 44.78769], [5.19439, 44.78747], [5.1947, 44.78746]], [[5.19691, 44.78742], [5.19755, 44.78741], [5.19756, 44.78763], [5.19692, 44.78764], [5.19691, 44.78742]], [[5.2105, 44.78715], [5.21051, 44.78737], [5.21018, 44.78715], [5.2105, 44.78715]], [[5.21113, 44.78713], [5.21114, 44.78736], [5.21082, 44.78714], [5.21113, 44.78713]], [[5.21807, 44.78677], [5.21809, 44.78722], [5.21778, 44.78723], [5.21776, 44.78678], [5.21807, 44.78677]], [[5.21744, 44.78678], [5.21742, 44.78633], [5.21774, 44.78633], [5.21776, 44.78678], [5.21744, 44.78678]], [[5.15582, 44.78755], [5.15584, 44.78822], [5.15488, 44.78779], [5.15582, 44.78755]], [[5.19786, 44.7874], [5.19754, 44.78718], [5.19785, 44.78717], [5.19786, 44.7874]], [[5.19691, 44.78719], [5.1969, 44.78697], [5.19753, 44.78696], [5.19754, 44.78718], [5.19691, 44.78719]], [[5.19815, 44.78672], [5.19847, 44.78671], [5.19849, 44.78716], [5.19785, 44.78717], [5.19815, 44.78672]], [[5.19877, 44.78625], [5.1994, 44.78624], [5.1991, 44.7867], [5.19847, 44.78671], [5.19877, 44.78625]], [[5.19939, 44.78602], [5.20002, 44.786], [5.20003, 44.78623], [5.1994, 44.78624], [5.19939, 44.78602]], [[5.20259, 44.78708], [5.2026, 44.7873], [5.20228, 44.78709], [5.20259, 44.78708]], [[5.189, 44.78712], [5.18901, 44.78735], [5.18868, 44.78713], [5.189, 44.78712]], [[5.18837, 44.78714], [5.18835, 44.78669], [5.18867, 44.78668], [5.18868, 44.78713], [5.18837, 44.78714]], [[5.21458, 44.78639], [5.2149, 44.78638], [5.21491, 44.78683], [5.2146, 44.78684], [5.21458, 44.78639]], [[5.18741, 44.78693], [5.18742, 44.78715], [5.18709, 44.78694], [5.18741, 44.78693]], [[5.19372, 44.78658], [5.19499, 44.78678], [5.195, 44.78701], [5.19374, 44.78703], [5.19372, 44.78658]], [[5.20415, 44.7866], [5.20416, 44.78682], [5.20322, 44.78684], [5.20321, 44.78662], [5.20415, 44.7866]], [[5.20194, 44.78664], [5.20129, 44.7862], [5.2032, 44.78639], [5.20321, 44.78662], [5.20194, 44.78664]], [[5.20637, 44.78655], [5.20638, 44.78678], [5.20605, 44.78656], [5.20637, 44.78655]], [[5.21518, 44.78548], [5.21358, 44.78506], [5.21364, 44.78663], [5.21238, 44.78666], [5.212, 44.78509], [5.20947, 44.78514], [5.20946, 44.78492], [5.21168, 44.78487], [5.21226, 44.78373], [5.21163, 44.78375], [5.21162, 44.78352], [5.21257, 44.7835], [5.21293, 44.78462], [5.21482, 44.78436], [5.21514, 44.78458], [5.21545, 44.78435], [5.21518, 44.78548]], [[5.15391, 44.78736], [5.15454, 44.78735], [5.15455, 44.78757], [5.15392, 44.78759], [5.15391, 44.78736]], [[5.19117, 44.78596], [5.1899, 44.78598], [5.18991, 44.78621], [5.1915, 44.7864], [5.19152, 44.78685], [5.19119, 44.78663], [5.18961, 44.78666], [5.18958, 44.78576], [5.19116, 44.78573], [5.19117, 44.78596]], [[5.2013, 44.78643], [5.20131, 44.78665], [5.20068, 44.78667], [5.20067, 44.78644], [5.2013, 44.78643]], [[5.20035, 44.78622], [5.20066, 44.78622], [5.20067, 44.78644], [5.20035, 44.78622]], [[5.20478, 44.78636], [5.20479, 44.78659], [5.20446, 44.78637], [5.20478, 44.78636]], [[5.21931, 44.78607], [5.21932, 44.7863], [5.21899, 44.78608], [5.21931, 44.78607]], [[5.15517, 44.78711], [5.15518, 44.78734], [5.15485, 44.78712], [5.15517, 44.78711]], [[5.20509, 44.78635], [5.20477, 44.78614], [5.20508, 44.78613], [5.20509, 44.78635]], [[5.20508, 44.7859], [5.20571, 44.78589], [5.20572, 44.78612], [5.20508, 44.78613], [5.20508, 44.7859]], [[5.20632, 44.78543], [5.20629, 44.78453], [5.2066, 44.78452], [5.20665, 44.78565], [5.20571, 44.78589], [5.20632, 44.78543]], [[5.21424, 44.78572], [5.21487, 44.78571], [5.21488, 44.78593], [5.21425, 44.78595], [5.21424, 44.78572]], [[5.14314, 44.78689], [5.14315, 44.78712], [5.14283, 44.7869], [5.14314, 44.78689]], [[5.20159, 44.78575], [5.2016, 44.78597], [5.20128, 44.78575], [5.20159, 44.78575]], [[5.2196, 44.78539], [5.21961, 44.78561], [5.21928, 44.7854], [5.2196, 44.78539]], [[5.19969, 44.78556], [5.1997, 44.78579], [5.19937, 44.78557], [5.19969, 44.78556]], [[5.18007, 44.78527], [5.1807, 44.78504], [5.18073, 44.78594], [5.18042, 44.78594], [5.18007, 44.78527]], [[5.18923, 44.78487], [5.18954, 44.78486], [5.18957, 44.78554], [5.18925, 44.78554], [5.18923, 44.78487]], [[5.20251, 44.78505], [5.20252, 44.78528], [5.2022, 44.78506], [5.20251, 44.78505]], [[5.20757, 44.78495], [5.20852, 44.78494], [5.20852, 44.78516], [5.20758, 44.78518], [5.20757, 44.78495]], [[5.17658, 44.78489], [5.17661, 44.78557], [5.17562, 44.78469], [5.17658, 44.78489]], [[5.18261, 44.78545], [5.18198, 44.78546], [5.18196, 44.78501], [5.18289, 44.78454], [5.18261, 44.78545]], [[5.18286, 44.78387], [5.18318, 44.78386], [5.18321, 44.78454], [5.18289, 44.78454], [5.18286, 44.78387]], [[5.18315, 44.78319], [5.18346, 44.78295], [5.18378, 44.78295], [5.1835, 44.78385], [5.18318, 44.78386], [5.18315, 44.78319]], [[5.18987, 44.78508], [5.1905, 44.78507], [5.19051, 44.78529], [5.18988, 44.78531], [5.18987, 44.78508]], [[5.17373, 44.78472], [5.17436, 44.78471], [5.1747, 44.78538], [5.17407, 44.78539], [5.17373, 44.78472]], [[5.20436, 44.78389], [5.20468, 44.78389], [5.20472, 44.78479], [5.2044, 44.78479], [5.20436, 44.78389]], [[5.15191, 44.7847], [5.15254, 44.78469], [5.15256, 44.78514], [5.15193, 44.78515], [5.15191, 44.7847]], [[5.17647, 44.78197], [5.1771, 44.78195], [5.17781, 44.78397], [5.17813, 44.78396], [5.17814, 44.78441], [5.17752, 44.78465], [5.17647, 44.78197]], [[5.18952, 44.78419], [5.18953, 44.78441], [5.1892, 44.78419], [5.18952, 44.78419]], [[5.20658, 44.78385], [5.20659, 44.78407], [5.20626, 44.78385], [5.20658, 44.78385]], [[5.21416, 44.7837], [5.21417, 44.78392], [5.21384, 44.7837], [5.21416, 44.7837]], [[5.16403, 44.77928], [5.16309, 44.7793], [5.16307, 44.77885], [5.16242, 44.77841], [5.1618, 44.77865], [5.16151, 44.77933], [5.16024, 44.77913], [5.15995, 44.77981], [5.15931, 44.77983], [5.15901, 44.78028], [5.15744, 44.78054], [5.15715, 44.78122], [5.15621, 44.78124], [5.15622, 44.78169], [5.15528, 44.78171], [5.15498, 44.78216], [5.15403, 44.78218], [5.15406, 44.78285], [5.15313, 44.78355], [5.15155, 44.78358], [5.15063, 44.78427], [5.15027, 44.78315], [5.15059, 44.78315], [5.15056, 44.78247], [5.15183, 44.78245], [5.15182, 44.78222], [5.15119, 44.78223], [5.15113, 44.78089], [5.15082, 44.78089], [5.15078, 44.77999], [5.15047, 44.78], [5.15011, 44.77888], [5.15138, 44.77908], [5.15072, 44.77842], [5.152, 44.77862], [5.15135, 44.77818], [5.15159, 44.77615], [5.15284, 44.7759], [5.15312, 44.77499], [5.15375, 44.77498], [5.15443, 44.77609], [5.15539, 44.77652], [5.15541, 44.77697], [5.15604, 44.77696], [5.15638, 44.77763], [5.15891, 44.77758], [5.1589, 44.77736], [5.16111, 44.77731], [5.16111, 44.77709], [5.16396, 44.77726], [5.16395, 44.77703], [5.1652, 44.77678], [5.16585, 44.77722], [5.16587, 44.77767], [5.16651, 44.77788], [5.16653, 44.77833], [5.16717, 44.77855], [5.16719, 44.77922], [5.16783, 44.77921], [5.16784, 44.77966], [5.16976, 44.78007], [5.16975, 44.77985], [5.17101, 44.77982], [5.17099, 44.77937], [5.17131, 44.77937], [5.17166, 44.78026], [5.17261, 44.78024], [5.17262, 44.78047], [5.17198, 44.78048], [5.17232, 44.78092], [5.17327, 44.7809], [5.17393, 44.78179], [5.1752, 44.78177], [5.17491, 44.78267], [5.17617, 44.78242], [5.17653, 44.78354], [5.1759, 44.78355], [5.17625, 44.78445], [5.17562, 44.78446], [5.17494, 44.78335], [5.17305, 44.78338], [5.17303, 44.78293], [5.17207, 44.78273], [5.17174, 44.78228], [5.1708, 44.78253], [5.16949, 44.78143], [5.16854, 44.78145], [5.16692, 44.78035], [5.16533, 44.78016], [5.16532, 44.77971], [5.16404, 44.77951], [5.16403, 44.77928]], [[5.21099, 44.78354], [5.211, 44.78376], [5.21067, 44.78354], [5.21099, 44.78354]], [[5.21352, 44.78348], [5.21353, 44.78371], [5.2132, 44.78349], [5.21352, 44.78348]], [[5.15285, 44.78445], [5.15286, 44.78468], [5.15254, 44.78446], [5.15285, 44.78445]], [[5.17086, 44.7841], [5.17087, 44.78433], [5.17054, 44.78411], [5.17086, 44.7841]], [[5.17147, 44.78364], [5.17179, 44.78363], [5.17213, 44.7843], [5.1715, 44.78432], [5.17147, 44.78364]], [[5.1797, 44.7837], [5.18001, 44.7837], [5.18003, 44.78415], [5.1794, 44.78416], [5.1797, 44.7837]], [[5.19519, 44.78385], [5.19519, 44.78362], [5.19361, 44.78366], [5.19296, 44.78322], [5.19201, 44.78324], [5.19167, 44.78257], [5.19072, 44.78259], [5.19071, 44.78236], [5.19228, 44.78211], [5.19229, 44.78233], [5.19419, 44.78229], [5.19419, 44.78252], [5.19293, 44.78254], [5.19295, 44.78299], [5.19453, 44.78296], [5.19454, 44.78319], [5.19548, 44.78317], [5.1955, 44.78362], [5.19613, 44.78361], [5.19614, 44.78383], [5.19519, 44.78385]], [[5.19039, 44.78214], [5.1907, 44.78214], [5.19071, 44.78236], [5.19039, 44.78214]], [[5.18944, 44.78216], [5.1891, 44.78172], [5.19038, 44.78192], [5.19039, 44.78214], [5.18944, 44.78216]], [[5.19896, 44.7831], [5.19897, 44.78332], [5.1996, 44.78331], [5.19962, 44.78376], [5.19929, 44.78354], [5.19708, 44.78359], [5.19736, 44.78268], [5.19673, 44.78269], [5.19672, 44.78247], [5.19798, 44.78222], [5.19796, 44.78177], [5.19859, 44.78176], [5.19857, 44.78131], [5.1992, 44.78129], [5.19922, 44.78174], [5.19985, 44.78173], [5.1999, 44.78286], [5.19896, 44.7831]], [[5.20624, 44.7834], [5.20625, 44.78363], [5.20593, 44.78341], [5.20624, 44.7834]], [[5.15126, 44.78426], [5.1519, 44.78425], [5.1519, 44.78447], [5.15127, 44.78448], [5.15126, 44.78426]], [[5.20655, 44.78317], [5.20656, 44.7834], [5.20623, 44.78318], [5.20655, 44.78317]], [[5.15252, 44.78401], [5.15253, 44.78424], [5.1522, 44.78402], [5.15252, 44.78401]], [[5.17905, 44.78327], [5.17936, 44.78326], [5.17938, 44.78371], [5.17906, 44.78372], [5.17905, 44.78327]], [[5.18473, 44.78315], [5.18632, 44.78335], [5.18633, 44.78357], [5.18538, 44.78359], [5.18473, 44.78315]], [[5.20433, 44.78299], [5.20434, 44.78322], [5.20401, 44.783], [5.20433, 44.78299]], [[5.15347, 44.78399], [5.15283, 44.784], [5.15283, 44.78378], [5.15346, 44.78377], [5.15347, 44.78399]], [[5.15345, 44.78354], [5.15408, 44.78353], [5.15409, 44.78375], [5.15346, 44.78377], [5.15345, 44.78354]], [[5.15406, 44.78308], [5.15438, 44.78307], [5.1544, 44.78352], [5.15408, 44.78353], [5.15406, 44.78308]], [[5.15436, 44.78262], [5.15563, 44.7826], [5.15563, 44.78282], [5.15438, 44.78307], [5.15436, 44.78262]], [[5.18726, 44.78311], [5.18727, 44.78333], [5.18695, 44.78311], [5.18726, 44.78311]], [[5.17146, 44.78319], [5.17147, 44.78342], [5.17114, 44.7832], [5.17146, 44.78319]], [[5.17082, 44.78298], [5.17113, 44.78297], [5.17114, 44.7832], [5.17082, 44.78298]], [[5.18757, 44.78287], [5.18758, 44.7831], [5.18725, 44.78288], [5.18757, 44.78287]], [[5.18693, 44.78266], [5.18724, 44.78266], [5.18725, 44.78288], [5.18693, 44.78266]], [[5.17903, 44.78282], [5.17904, 44.78304], [5.17871, 44.78282], [5.17903, 44.78282]], [[5.18377, 44.78272], [5.18315, 44.78296], [5.18308, 44.78139], [5.1834, 44.78138], [5.18344, 44.7825], [5.18377, 44.78272]], [[5.18277, 44.78139], [5.18274, 44.78072], [5.18306, 44.78071], [5.18308, 44.78139], [5.18277, 44.78139]], [[5.18243, 44.78072], [5.1824, 44.78005], [5.18272, 44.78004], [5.18274, 44.78072], [5.18243, 44.78072]], [[5.18788, 44.78264], [5.18788, 44.78287], [5.18756, 44.78265], [5.18788, 44.78264]], [[5.19451, 44.78251], [5.19514, 44.7825], [5.19515, 44.78272], [5.19452, 44.78274], [5.19451, 44.78251]], [[5.20147, 44.7826], [5.20115, 44.7826], [5.20113, 44.78193], [5.20144, 44.78192], [5.20147, 44.7826]], [[5.2017, 44.78034], [5.20138, 44.78035], [5.20133, 44.779], [5.20164, 44.77899], [5.20199, 44.77966], [5.2023, 44.77965], [5.20236, 44.78123], [5.20144, 44.78192], [5.2017, 44.78034]], [[5.2062, 44.78228], [5.20621, 44.7825], [5.20588, 44.78229], [5.2062, 44.78228]], [[5.16954, 44.78278], [5.16955, 44.783], [5.16923, 44.78278], [5.16954, 44.78278]], [[5.16891, 44.78279], [5.16857, 44.78212], [5.16921, 44.78233], [5.16923, 44.78278], [5.16891, 44.78279]], [[5.18818, 44.78241], [5.18819, 44.78264], [5.18787, 44.78242], [5.18818, 44.78241]], [[5.17837, 44.78215], [5.17839, 44.7826], [5.17744, 44.78262], [5.17774, 44.78217], [5.17742, 44.78195], [5.17837, 44.78215]], [[5.18849, 44.78218], [5.1885, 44.78241], [5.18817, 44.78219], [5.18849, 44.78218]], [[5.20583, 44.78094], [5.20646, 44.78092], [5.20651, 44.78205], [5.20619, 44.78205], [5.20583, 44.78094]], [[5.18625, 44.78155], [5.18589, 44.78043], [5.18653, 44.78064], [5.18652, 44.78042], [5.18716, 44.78041], [5.18748, 44.78062], [5.18752, 44.78175], [5.18721, 44.78176], [5.18723, 44.78221], [5.18659, 44.78222], [5.18688, 44.78154], [5.18625, 44.78155]], [[5.1888, 44.78195], [5.18881, 44.78217], [5.18848, 44.78196], [5.1888, 44.78195]], [[5.19638, 44.7818], [5.19701, 44.78179], [5.19702, 44.78201], [5.19639, 44.78202], [5.19638, 44.7818]], [[5.15593, 44.78237], [5.15594, 44.78259], [5.15562, 44.78237], [5.15593, 44.78237]], [[5.1948, 44.78183], [5.19227, 44.78188], [5.19226, 44.78166], [5.19005, 44.7817], [5.19003, 44.78125], [5.19036, 44.78147], [5.19479, 44.78161], [5.1948, 44.78183]], [[5.15625, 44.78236], [5.15592, 44.78214], [5.15624, 44.78214], [5.15625, 44.78236]], [[5.15623, 44.78191], [5.1575, 44.78189], [5.1575, 44.78211], [5.15624, 44.78214], [5.15623, 44.78191]], [[5.16698, 44.78193], [5.16699, 44.78215], [5.16667, 44.78193], [5.16698, 44.78193]], [[5.18878, 44.7815], [5.18879, 44.78172], [5.18846, 44.78151], [5.18878, 44.7815]], [[5.19698, 44.78111], [5.19699, 44.78134], [5.19667, 44.78112], [5.19698, 44.78111]], [[5.1578, 44.78166], [5.15781, 44.78188], [5.15749, 44.78166], [5.1578, 44.78166]], [[5.16601, 44.78127], [5.16696, 44.78148], [5.16697, 44.7817], [5.16634, 44.78171], [5.16601, 44.78127]], [[5.19812, 44.77794], [5.19785, 44.77907], [5.19817, 44.77906], [5.19819, 44.77951], [5.19787, 44.77952], [5.19789, 44.77997], [5.19695, 44.78021], [5.19666, 44.78089], [5.19601, 44.78046], [5.19317, 44.78051], [5.1935, 44.78096], [5.19508, 44.78092], [5.19509, 44.78115], [5.19161, 44.78099], [5.1913, 44.78122], [5.19097, 44.78101], [5.19127, 44.78055], [5.19096, 44.78056], [5.1909, 44.77921], [5.19407, 44.77937], [5.19405, 44.77892], [5.19184, 44.77896], [5.19151, 44.77852], [5.19373, 44.7787], [5.19402, 44.77802], [5.19497, 44.778], [5.19533, 44.77934], [5.19565, 44.77934], [5.19526, 44.77754], [5.19399, 44.77734], [5.19398, 44.77712], [5.19525, 44.77709], [5.19524, 44.77687], [5.19334, 44.77691], [5.19304, 44.77714], [5.1927, 44.77669], [5.19175, 44.77671], [5.19175, 44.77649], [5.19238, 44.77647], [5.19204, 44.77581], [5.19234, 44.77557], [5.19171, 44.77559], [5.19173, 44.77604], [5.19141, 44.77604], [5.19137, 44.77492], [5.19168, 44.77491], [5.19196, 44.77378], [5.19069, 44.77381], [5.19068, 44.77358], [5.19194, 44.77333], [5.19161, 44.77289], [5.19224, 44.77287], [5.19284, 44.77219], [5.19443, 44.77238], [5.19409, 44.77171], [5.19313, 44.77151], [5.1931, 44.77061], [5.19373, 44.77059], [5.19375, 44.77104], [5.19471, 44.77147], [5.19474, 44.77215], [5.19633, 44.77234], [5.19634, 44.77279], [5.19571, 44.77281], [5.19572, 44.77303], [5.19667, 44.77301], [5.19638, 44.77369], [5.19669, 44.77369], [5.19672, 44.77436], [5.19768, 44.77457], [5.19738, 44.77502], [5.19769, 44.77502], [5.19774, 44.77614], [5.19805, 44.77614], [5.1984, 44.77681], [5.19746, 44.77705], [5.19745, 44.77682], [5.19777, 44.77682], [5.19775, 44.77637], [5.19743, 44.77637], [5.19741, 44.7757], [5.19709, 44.77571], [5.19712, 44.77638], [5.19648, 44.77617], [5.19618, 44.77662], [5.19649, 44.77662], [5.19652, 44.77729], [5.19683, 44.77729], [5.19718, 44.77796], [5.19812, 44.77794]], [[5.194, 44.77757], [5.19368, 44.77735], [5.19399, 44.77734], [5.194, 44.77757]], [[5.19128, 44.77267], [5.1916, 44.77266], [5.19161, 44.77289], [5.19128, 44.77267]], [[5.19712, 44.77661], [5.19744, 44.7766], [5.19745, 44.77682], [5.19712, 44.77661]], [[5.19634, 44.7809], [5.19635, 44.78112], [5.19603, 44.78091], [5.19634, 44.7809]], [[5.15811, 44.78142], [5.15812, 44.78165], [5.15779, 44.78143], [5.15811, 44.78142]], [[5.17801, 44.78104], [5.17864, 44.78102], [5.17865, 44.78125], [5.17802, 44.78126], [5.17801, 44.78104]], [[5.15842, 44.78119], [5.15843, 44.78142], [5.1581, 44.7812], [5.15842, 44.78119]], [[5.1979, 44.78019], [5.19821, 44.78019], [5.19823, 44.78064], [5.1976, 44.78065], [5.1979, 44.78019]], [[5.20612, 44.78025], [5.20613, 44.78048], [5.2058, 44.78026], [5.20612, 44.78025]], [[5.15873, 44.78119], [5.15841, 44.78097], [5.15872, 44.78096], [5.15873, 44.78119]], [[5.15872, 44.78074], [5.15935, 44.78073], [5.15936, 44.78095], [5.15872, 44.78096], [5.15872, 44.78074]], [[5.17735, 44.78037], [5.17736, 44.7806], [5.17704, 44.78038], [5.17735, 44.78037]], [[5.18367, 44.78025], [5.1843, 44.78024], [5.18431, 44.78046], [5.18368, 44.78047], [5.18367, 44.78025]], [[5.15966, 44.78072], [5.15934, 44.7805], [5.15966, 44.78049], [5.15966, 44.78072]], [[5.15965, 44.78027], [5.16028, 44.78026], [5.16029, 44.78048], [5.15966, 44.78049], [5.15965, 44.78027]], [[5.17419, 44.78021], [5.1742, 44.78044], [5.17356, 44.78045], [5.17356, 44.78022], [5.17419, 44.78021]], [[5.17323, 44.78], [5.17355, 44.78], [5.17356, 44.78022], [5.17323, 44.78]], [[5.17291, 44.77978], [5.17322, 44.77978], [5.17323, 44.78], [5.17291, 44.77978]], [[5.17259, 44.77979], [5.17257, 44.77934], [5.17289, 44.77933], [5.17291, 44.77978], [5.17259, 44.77979]], [[5.17225, 44.77912], [5.17256, 44.77912], [5.17257, 44.77934], [5.17225, 44.77912]], [[5.17192, 44.7789], [5.17224, 44.7789], [5.17225, 44.77912], [5.17192, 44.7789]], [[5.1716, 44.77868], [5.17191, 44.77868], [5.17192, 44.7789], [5.1716, 44.77868]], [[5.17002, 44.77872], [5.17001, 44.77849], [5.17159, 44.77846], [5.1716, 44.77868], [5.17002, 44.77872]], [[5.17608, 44.78017], [5.17609, 44.7804], [5.17577, 44.78018], [5.17608, 44.78017]], [[5.18807, 44.77949], [5.18838, 44.77948], [5.18841, 44.78016], [5.1881, 44.78016], [5.18807, 44.77949]], [[5.18935, 44.77991], [5.18998, 44.7799], [5.18999, 44.78012], [5.18936, 44.78014], [5.18935, 44.77991]], [[5.18238, 44.7796], [5.18239, 44.77982], [5.18207, 44.7796], [5.18238, 44.7796]], [[5.18175, 44.77961], [5.18173, 44.77916], [5.18205, 44.77915], [5.18207, 44.7796], [5.18175, 44.77961]], [[5.18142, 44.77917], [5.18139, 44.77849], [5.18171, 44.77849], [5.18173, 44.77916], [5.18142, 44.77917]], [[5.18108, 44.7785], [5.18072, 44.7776], [5.18135, 44.77737], [5.18139, 44.77849], [5.18108, 44.7785]], [[5.18333, 44.77958], [5.18396, 44.77957], [5.18397, 44.77979], [5.18334, 44.7798], [5.18333, 44.77958]], [[5.18868, 44.77902], [5.18932, 44.77901], [5.18965, 44.77946], [5.18903, 44.77969], [5.18868, 44.77902]], [[5.1628, 44.77998], [5.16247, 44.77976], [5.16121, 44.77979], [5.1612, 44.77956], [5.16214, 44.77932], [5.16215, 44.77954], [5.16278, 44.77953], [5.1628, 44.77998]], [[5.18801, 44.77791], [5.18806, 44.77926], [5.18774, 44.77927], [5.18767, 44.77747], [5.18799, 44.77746], [5.18832, 44.77791], [5.18801, 44.77791]], [[5.18864, 44.7779], [5.18865, 44.77812], [5.18832, 44.77791], [5.18864, 44.7779]], [[5.1833, 44.77868], [5.1833, 44.77891], [5.18298, 44.77869], [5.1833, 44.77868]], [[5.16907, 44.77873], [5.16812, 44.77875], [5.16812, 44.77853], [5.16969, 44.7785], [5.16908, 44.77896], [5.16907, 44.77873]], [[5.16779, 44.77831], [5.16811, 44.7783], [5.16812, 44.77853], [5.16779, 44.77831]], [[5.16747, 44.77832], [5.16746, 44.77787], [5.16777, 44.77786], [5.16779, 44.77831], [5.16747, 44.77832]], [[5.16714, 44.77787], [5.16712, 44.77742], [5.16744, 44.77742], [5.16746, 44.77787], [5.16714, 44.77787]], [[5.1668, 44.7772], [5.16712, 44.7772], [5.16712, 44.77742], [5.1668, 44.7772]], [[5.18866, 44.77835], [5.18929, 44.77834], [5.1893, 44.77856], [5.18867, 44.77857], [5.18866, 44.77835]], [[5.20097, 44.77788], [5.20098, 44.77811], [5.20065, 44.77789], [5.20097, 44.77788]], [[5.20159, 44.77764], [5.2016, 44.77787], [5.20127, 44.77765], [5.20159, 44.77764]], [[5.15126, 44.77593], [5.15095, 44.77594], [5.15069, 44.77752], [5.15101, 44.77751], [5.15102, 44.77796], [5.14975, 44.77776], [5.14973, 44.77731], [5.1491, 44.77732], [5.14912, 44.77777], [5.15007, 44.77798], [5.15008, 44.7782], [5.14947, 44.77867], [5.14821, 44.77869], [5.14755, 44.77803], [5.14692, 44.77826], [5.14692, 44.77804], [5.14597, 44.77806], [5.14625, 44.77715], [5.14687, 44.77691], [5.14653, 44.77625], [5.14748, 44.77623], [5.14871, 44.7753], [5.14966, 44.77551], [5.14966, 44.77528], [5.15092, 44.77526], [5.15126, 44.77593]], [[5.17189, 44.778], [5.1719, 44.77823], [5.17157, 44.77801], [5.17189, 44.778]], [[5.19337, 44.77758], [5.19338, 44.77781], [5.19243, 44.77782], [5.19242, 44.7776], [5.19337, 44.77758]], [[5.18926, 44.77766], [5.18925, 44.77744], [5.19241, 44.77737], [5.19242, 44.7776], [5.18926, 44.77766]], [[5.18862, 44.77745], [5.18861, 44.77722], [5.18924, 44.77721], [5.18925, 44.77744], [5.18862, 44.77745]], [[5.18767, 44.77724], [5.18766, 44.77702], [5.18576, 44.77706], [5.18606, 44.7766], [5.18542, 44.77639], [5.18505, 44.77504], [5.18441, 44.77483], [5.18502, 44.77437], [5.185, 44.77369], [5.18531, 44.77369], [5.18497, 44.77302], [5.18432, 44.77258], [5.18369, 44.77259], [5.18303, 44.77193], [5.18081, 44.77175], [5.18048, 44.77131], [5.18524, 44.77166], [5.18616, 44.77097], [5.18742, 44.77094], [5.1881, 44.77228], [5.18747, 44.77229], [5.18721, 44.77365], [5.18689, 44.77366], [5.18724, 44.77432], [5.18787, 44.77431], [5.18814, 44.77318], [5.18975, 44.77405], [5.18944, 44.77406], [5.18948, 44.77518], [5.18885, 44.77519], [5.18888, 44.77587], [5.18762, 44.77612], [5.18728, 44.77545], [5.18696, 44.77546], [5.18694, 44.77478], [5.18662, 44.77479], [5.1866, 44.77411], [5.18628, 44.77412], [5.18634, 44.77569], [5.18731, 44.77612], [5.18732, 44.77657], [5.18796, 44.77656], [5.1886, 44.777], [5.18861, 44.77722], [5.18767, 44.77724]], [[5.1981, 44.77726], [5.19841, 44.77726], [5.19843, 44.77771], [5.19812, 44.77771], [5.1981, 44.77726]], [[5.16904, 44.77783], [5.16905, 44.77806], [5.16872, 44.77784], [5.16904, 44.77783]], [[5.18641, 44.77749], [5.18704, 44.77748], [5.18705, 44.77771], [5.18642, 44.77772], [5.18641, 44.77749]], [[5.1785, 44.7772], [5.17881, 44.77719], [5.17883, 44.77764], [5.17851, 44.77765], [5.1785, 44.7772]], [[5.20091, 44.77631], [5.20185, 44.77629], [5.20186, 44.77651], [5.20123, 44.77652], [5.20157, 44.77719], [5.20094, 44.77721], [5.20091, 44.77631]], [[5.17817, 44.77698], [5.17818, 44.7772], [5.17786, 44.77699], [5.17817, 44.77698]], [[5.16678, 44.77675], [5.16679, 44.77698], [5.16647, 44.77676], [5.16678, 44.77675]], [[5.18163, 44.77646], [5.18226, 44.77645], [5.18227, 44.77667], [5.18164, 44.77669], [5.18163, 44.77646]], [[5.18951, 44.77586], [5.18982, 44.77585], [5.18985, 44.77652], [5.18953, 44.77653], [5.18951, 44.77586]], [[5.19142, 44.77627], [5.19143, 44.77649], [5.19111, 44.77627], [5.19142, 44.77627]], [[5.18825, 44.77611], [5.18826, 44.77633], [5.18794, 44.77611], [5.18825, 44.77611]], [[5.15918, 44.77645], [5.15919, 44.77668], [5.15698, 44.77672], [5.15697, 44.77649], [5.15918, 44.77645]], [[5.15634, 44.77651], [5.15601, 44.77606], [5.15664, 44.77605], [5.15696, 44.77627], [5.15697, 44.77649], [5.15634, 44.77651]], [[5.15569, 44.77607], [5.15567, 44.77562], [5.15599, 44.77561], [5.15601, 44.77606], [5.15569, 44.77607]], [[5.15535, 44.7754], [5.15567, 44.77539], [5.15567, 44.77562], [5.15535, 44.7754]], [[5.15503, 44.77518], [5.15534, 44.77517], [5.15535, 44.7754], [5.15503, 44.77518]], [[5.16329, 44.77637], [5.1633, 44.7766], [5.16267, 44.77661], [5.16266, 44.77638], [5.16329, 44.77637]], [[5.1595, 44.77644], [5.15949, 44.77622], [5.16265, 44.77616], [5.16266, 44.77638], [5.1595, 44.77644]], [[5.16613, 44.77631], [5.16614, 44.77654], [5.16582, 44.77632], [5.16613, 44.77631]], [[5.16549, 44.7761], [5.16581, 44.7761], [5.16582, 44.77632], [5.16549, 44.7761]], [[5.16455, 44.77612], [5.16454, 44.7759], [5.16548, 44.77588], [5.16549, 44.7761], [5.16455, 44.77612]], [[5.1636, 44.77614], [5.16423, 44.77613], [5.16424, 44.77635], [5.16361, 44.77636], [5.1636, 44.77614]], [[5.1816, 44.77579], [5.18223, 44.77577], [5.18224, 44.776], [5.18161, 44.77601], [5.1816, 44.77579]], [[5.15789, 44.7758], [5.1579, 44.77603], [5.15758, 44.77581], [5.15789, 44.7758]], [[5.15124, 44.77525], [5.15155, 44.77525], [5.15157, 44.7757], [5.15125, 44.7757], [5.15124, 44.77525]], [[5.18374, 44.77394], [5.18375, 44.77417], [5.18407, 44.77416], [5.18409, 44.77461], [5.18314, 44.77463], [5.18343, 44.77395], [5.18374, 44.77394]], [[5.1828, 44.77396], [5.18279, 44.77374], [5.18342, 44.77372], [5.18343, 44.77395], [5.1828, 44.77396]], [[5.14965, 44.77506], [5.14902, 44.77507], [5.14837, 44.77463], [5.14964, 44.77483], [5.14965, 44.77506]], [[5.14963, 44.77461], [5.15058, 44.77459], [5.15059, 44.77482], [5.14964, 44.77483], [5.14963, 44.77461]], [[5.15501, 44.77473], [5.15502, 44.77496], [5.15469, 44.77474], [5.15501, 44.77473]], [[5.15437, 44.77452], [5.15468, 44.77451], [5.15469, 44.77474], [5.15437, 44.77452]], [[5.19984, 44.7734], [5.20078, 44.77316], [5.2008, 44.77361], [5.20018, 44.77384], [5.19984, 44.7734]], [[5.15089, 44.77459], [5.15057, 44.77437], [5.15088, 44.77436], [5.15089, 44.77459]], [[5.15118, 44.7739], [5.15403, 44.77385], [5.15403, 44.77407], [5.15309, 44.77409], [5.1531, 44.77432], [5.15151, 44.77412], [5.15152, 44.77435], [5.15088, 44.77436], [5.15118, 44.7739]], [[5.15435, 44.77407], [5.15436, 44.77429], [5.15403, 44.77407], [5.15435, 44.77407]], [[5.17866, 44.77337], [5.17867, 44.77359], [5.17835, 44.77337], [5.17866, 44.77337]], [[5.18435, 44.77326], [5.18436, 44.77348], [5.18403, 44.77326], [5.18435, 44.77326]], [[5.16634, 44.77338], [5.16728, 44.77337], [5.16729, 44.77359], [5.16635, 44.77361], [5.16634, 44.77338]], [[5.17897, 44.77314], [5.18055, 44.7731], [5.18056, 44.77333], [5.17898, 44.77336], [5.17897, 44.77314]], [[5.18338, 44.77282], [5.18339, 44.77305], [5.18307, 44.77283], [5.18338, 44.77282]], [[5.20234, 44.77245], [5.20234, 44.77267], [5.20202, 44.77246], [5.20234, 44.77245]], [[5.19158, 44.77221], [5.19189, 44.77221], [5.19191, 44.77266], [5.19127, 44.77244], [5.19123, 44.77132], [5.19154, 44.77131], [5.19158, 44.77221]], [[5.19153, 44.77086], [5.19184, 44.77086], [5.19186, 44.77131], [5.19154, 44.77131], [5.19153, 44.77086]], [[5.20009, 44.77159], [5.20007, 44.77114], [5.20039, 44.77114], [5.20074, 44.77203], [5.20012, 44.77249], [5.19949, 44.77251], [5.19979, 44.77205], [5.19915, 44.77184], [5.19912, 44.77116], [5.20009, 44.77159]], [[5.20168, 44.77179], [5.20199, 44.77178], [5.20201, 44.77223], [5.2017, 44.77224], [5.20168, 44.77179]], [[5.2039, 44.77197], [5.20391, 44.77219], [5.20358, 44.77197], [5.2039, 44.77197]], [[5.17609, 44.77229], [5.1761, 44.77252], [5.17578, 44.7723], [5.17609, 44.77229]], [[5.17702, 44.77182], [5.1783, 44.77202], [5.1783, 44.77225], [5.17767, 44.77226], [5.17702, 44.77182]], [[5.17861, 44.77202], [5.17924, 44.772], [5.17925, 44.77223], [5.17862, 44.77224], [5.17861, 44.77202]], [[5.19533, 44.77124], [5.19597, 44.77122], [5.19599, 44.7719], [5.19568, 44.77191], [5.19533, 44.77124]], [[5.1969, 44.77076], [5.19754, 44.77097], [5.19757, 44.77187], [5.19726, 44.77187], [5.1969, 44.77076]], [[5.17858, 44.77112], [5.17824, 44.77067], [5.17856, 44.77067], [5.17854, 44.77022], [5.17983, 44.77087], [5.17954, 44.77155], [5.17796, 44.77158], [5.17858, 44.77112]], [[5.17761, 44.77069], [5.1776, 44.77046], [5.17697, 44.77047], [5.17727, 44.77002], [5.17823, 44.77045], [5.17824, 44.77067], [5.17761, 44.77069]], [[5.17508, 44.77074], [5.17605, 44.77117], [5.17606, 44.77139], [5.17543, 44.7714], [5.17508, 44.77074]], [[5.19435, 44.77036], [5.19438, 44.77103], [5.19406, 44.77104], [5.1937, 44.76992], [5.19402, 44.76991], [5.19397, 44.76879], [5.19429, 44.76878], [5.19425, 44.76766], [5.19456, 44.76765], [5.19467, 44.77035], [5.19435, 44.77036]], [[5.19392, 44.76744], [5.19297, 44.76746], [5.19297, 44.76723], [5.19423, 44.76721], [5.19425, 44.76766], [5.19392, 44.76744]], [[5.20384, 44.77062], [5.20385, 44.77084], [5.20353, 44.77062], [5.20384, 44.77062]], [[5.17351, 44.77099], [5.17352, 44.77122], [5.1732, 44.771], [5.17351, 44.77099]], [[5.18299, 44.77081], [5.183, 44.77103], [5.18267, 44.77081], [5.18299, 44.77081]], [[5.19878, 44.77049], [5.19879, 44.77072], [5.19847, 44.7705], [5.19878, 44.77049]], [[5.20036, 44.77046], [5.20037, 44.77069], [5.20005, 44.77047], [5.20036, 44.77046]], [[5.20191, 44.76976], [5.20223, 44.76975], [5.20225, 44.7702], [5.20193, 44.77021], [5.20191, 44.76976]], [[5.2035, 44.76995], [5.20351, 44.77017], [5.20319, 44.76996], [5.2035, 44.76995]], [[5.18202, 44.77015], [5.17981, 44.77019], [5.18009, 44.76951], [5.17978, 44.76952], [5.17976, 44.76907], [5.18039, 44.76906], [5.18074, 44.76995], [5.18136, 44.76949], [5.18169, 44.76993], [5.18265, 44.77014], [5.18266, 44.77036], [5.18202, 44.77037], [5.18202, 44.77015]], [[5.18982, 44.76752], [5.19077, 44.76772], [5.19078, 44.76795], [5.1886, 44.76867], [5.18861, 44.76912], [5.18736, 44.76937], [5.18706, 44.76982], [5.18547, 44.76963], [5.1855, 44.77031], [5.18455, 44.77032], [5.18486, 44.77009], [5.18453, 44.76965], [5.18484, 44.76964], [5.18482, 44.76897], [5.18543, 44.76851], [5.18606, 44.76849], [5.18604, 44.76804], [5.18542, 44.76828], [5.1857, 44.76737], [5.18602, 44.76737], [5.18599, 44.76669], [5.18535, 44.76648], [5.18532, 44.76581], [5.18658, 44.76556], [5.18657, 44.76533], [5.18783, 44.76531], [5.18785, 44.76576], [5.18817, 44.76575], [5.18815, 44.7653], [5.18878, 44.76529], [5.18914, 44.76641], [5.18851, 44.76642], [5.18853, 44.76687], [5.18947, 44.76685], [5.18982, 44.76752]], [[5.18537, 44.76693], [5.18505, 44.76694], [5.18503, 44.76649], [5.18535, 44.76648], [5.18537, 44.76693]], [[5.1845, 44.76897], [5.18357, 44.76944], [5.18351, 44.76787], [5.18413, 44.76763], [5.18411, 44.76718], [5.18505, 44.76694], [5.1845, 44.76897]], [[5.19812, 44.76961], [5.19843, 44.7696], [5.19845, 44.77005], [5.19813, 44.77006], [5.19812, 44.76961]], [[5.18327, 44.7699], [5.18328, 44.77012], [5.18295, 44.76991], [5.18327, 44.7699]], [[5.18263, 44.76969], [5.18295, 44.76968], [5.18295, 44.76991], [5.18263, 44.76969]], [[5.18231, 44.76947], [5.18262, 44.76946], [5.18263, 44.76969], [5.18231, 44.76947]], [[5.20537, 44.76924], [5.20569, 44.76923], [5.2057, 44.76968], [5.20539, 44.76969], [5.20537, 44.76924]], [[5.17409, 44.7694], [5.17504, 44.76961], [5.17506, 44.77006], [5.17443, 44.77007], [5.17409, 44.7694]], [[5.20156, 44.76886], [5.20188, 44.76886], [5.20191, 44.76953], [5.20159, 44.76954], [5.20156, 44.76886]], [[5.20348, 44.76927], [5.20348, 44.7695], [5.20316, 44.76928], [5.20348, 44.76927]], [[5.1662, 44.76978], [5.16621, 44.77001], [5.16588, 44.76979], [5.1662, 44.76978]], [[5.19273, 44.76926], [5.19274, 44.76949], [5.19241, 44.76927], [5.19273, 44.76926]], [[5.1981, 44.76916], [5.19811, 44.76938], [5.19778, 44.76916], [5.1981, 44.76916]], [[5.18198, 44.76925], [5.18199, 44.76947], [5.18167, 44.76926], [5.18198, 44.76925]], [[5.18134, 44.76904], [5.18166, 44.76903], [5.18167, 44.76926], [5.18134, 44.76904]], [[5.20472, 44.7688], [5.20473, 44.76902], [5.20441, 44.76881], [5.20472, 44.7688]], [[5.17376, 44.76919], [5.17377, 44.76941], [5.17344, 44.76919], [5.17376, 44.76919]], [[5.17312, 44.76897], [5.17344, 44.76897], [5.17344, 44.76919], [5.17312, 44.76897]], [[5.17784, 44.76843], [5.17847, 44.76842], [5.17851, 44.76932], [5.17756, 44.76934], [5.17784, 44.76843]], [[5.18195, 44.76835], [5.18256, 44.76789], [5.18261, 44.76924], [5.1823, 44.76924], [5.18195, 44.76835]], [[5.1927, 44.76859], [5.19302, 44.76858], [5.19304, 44.76903], [5.19272, 44.76904], [5.1927, 44.76859]], [[5.19619, 44.76874], [5.19619, 44.76897], [5.19587, 44.76875], [5.19619, 44.76874]], [[5.20061, 44.76866], [5.20062, 44.76888], [5.20029, 44.76866], [5.20061, 44.76866]], [[5.17659, 44.7689], [5.1766, 44.76913], [5.17628, 44.76891], [5.17659, 44.7689]], [[5.20246, 44.76749], [5.20311, 44.76793], [5.20313, 44.76861], [5.20282, 44.76861], [5.2028, 44.76816], [5.20215, 44.76772], [5.20089, 44.76775], [5.20088, 44.76752], [5.20246, 44.76749]], [[5.20502, 44.76834], [5.20503, 44.76857], [5.2047, 44.76835], [5.20502, 44.76834]], [[5.18037, 44.76838], [5.18038, 44.76861], [5.18005, 44.76839], [5.18037, 44.76838]], [[5.18099, 44.76814], [5.18101, 44.76859], [5.18036, 44.76816], [5.18099, 44.76814]], [[5.19578, 44.7665], [5.19585, 44.7683], [5.1949, 44.76832], [5.19485, 44.76697], [5.19421, 44.76676], [5.19447, 44.7654], [5.19416, 44.76541], [5.19413, 44.76473], [5.19382, 44.76474], [5.19379, 44.76406], [5.19316, 44.76407], [5.19312, 44.76317], [5.19374, 44.76271], [5.19469, 44.76292], [5.19408, 44.76338], [5.1944, 44.76337], [5.19443, 44.76427], [5.19475, 44.76427], [5.19445, 44.76472], [5.19476, 44.76472], [5.19514, 44.76629], [5.1964, 44.76626], [5.19641, 44.76649], [5.19578, 44.7665]], [[5.19318, 44.76475], [5.19287, 44.76476], [5.19284, 44.76408], [5.19316, 44.76407], [5.19318, 44.76475]], [[5.19291, 44.76588], [5.1926, 44.76589], [5.19255, 44.76476], [5.19287, 44.76476], [5.19291, 44.76588]], [[5.20342, 44.76792], [5.20405, 44.76791], [5.20406, 44.76814], [5.20343, 44.76815], [5.20342, 44.76792]], [[5.20057, 44.76776], [5.20058, 44.76798], [5.19995, 44.76799], [5.19994, 44.76777], [5.20057, 44.76776]], [[5.19868, 44.76779], [5.19867, 44.76757], [5.19993, 44.76754], [5.19994, 44.76777], [5.19868, 44.76779]], [[5.19835, 44.76757], [5.19833, 44.76712], [5.19865, 44.76712], [5.19867, 44.76757], [5.19835, 44.76757]], [[5.19802, 44.76713], [5.198, 44.76668], [5.19832, 44.76667], [5.19833, 44.76712], [5.19802, 44.76713]], [[5.19768, 44.76646], [5.19799, 44.76646], [5.198, 44.76668], [5.19768, 44.76646]], [[5.19704, 44.76647], [5.19704, 44.76625], [5.19767, 44.76624], [5.19768, 44.76646], [5.19704, 44.76647]], [[5.17403, 44.76805], [5.17404, 44.76828], [5.17372, 44.76806], [5.17403, 44.76805]], [[5.14592, 44.7686], [5.1456, 44.76838], [5.14591, 44.76838], [5.14592, 44.7686]], [[5.14591, 44.76815], [5.14654, 44.76814], [5.14655, 44.76836], [5.14591, 44.76838], [5.14591, 44.76815]], [[5.19172, 44.76771], [5.19109, 44.76772], [5.19108, 44.76749], [5.19171, 44.76748], [5.19172, 44.76771]], [[5.1917, 44.76726], [5.19233, 44.76724], [5.19234, 44.76747], [5.19171, 44.76748], [5.1917, 44.76726]], [[5.14685, 44.76791], [5.14685, 44.76813], [5.14653, 44.76791], [5.14685, 44.76791]], [[5.19011, 44.76684], [5.19074, 44.76682], [5.19075, 44.76727], [5.19012, 44.76729], [5.19011, 44.76684]], [[5.19454, 44.76697], [5.19454, 44.7672], [5.19422, 44.76698], [5.19454, 44.76697]], [[5.14715, 44.76768], [5.14716, 44.7679], [5.14684, 44.76768], [5.14715, 44.76768]], [[5.18126, 44.76701], [5.18127, 44.76724], [5.18095, 44.76702], [5.18126, 44.76701]], [[5.14747, 44.76767], [5.14714, 44.76745], [5.14746, 44.76745], [5.14747, 44.76767]], [[5.14744, 44.767], [5.14776, 44.76699], [5.14778, 44.76744], [5.14746, 44.76745], [5.14744, 44.767]], [[5.17936, 44.76682], [5.17937, 44.76705], [5.17904, 44.76683], [5.17936, 44.76682]], [[5.20175, 44.76548], [5.20238, 44.76547], [5.20242, 44.76659], [5.20211, 44.7666], [5.20175, 44.76548]], [[5.19071, 44.76615], [5.19135, 44.76636], [5.19136, 44.76659], [5.19073, 44.7666], [5.19071, 44.76615]], [[5.20145, 44.76594], [5.20147, 44.76639], [5.20083, 44.7664], [5.20113, 44.76594], [5.20145, 44.76594]], [[5.20082, 44.76595], [5.2008, 44.7655], [5.20112, 44.76549], [5.20113, 44.76594], [5.20082, 44.76595]], [[5.20047, 44.76528], [5.20079, 44.76527], [5.2008, 44.7655], [5.20047, 44.76528]], [[5.20015, 44.76506], [5.20047, 44.76506], [5.20047, 44.76528], [5.20015, 44.76506]], [[5.19983, 44.76484], [5.20014, 44.76484], [5.20015, 44.76506], [5.19983, 44.76484]], [[5.17017, 44.76633], [5.17049, 44.76632], [5.17051, 44.76677], [5.17019, 44.76678], [5.17017, 44.76633]], [[5.17145, 44.76653], [5.17145, 44.76675], [5.17113, 44.76654], [5.17145, 44.76653]], [[5.17239, 44.76651], [5.17334, 44.76649], [5.17335, 44.76672], [5.1724, 44.76674], [5.17239, 44.76651]], [[5.14807, 44.76676], [5.14807, 44.76698], [5.14775, 44.76677], [5.14807, 44.76676]], [[5.17965, 44.76614], [5.17966, 44.76637], [5.17933, 44.76615], [5.17965, 44.76614]], [[5.14142, 44.76666], [5.14143, 44.76689], [5.14111, 44.76667], [5.14142, 44.76666]], [[5.17426, 44.7658], [5.17458, 44.76579], [5.1746, 44.76624], [5.17428, 44.76625], [5.17426, 44.7658]], [[5.19037, 44.76548], [5.19068, 44.76547], [5.1907, 44.76592], [5.19039, 44.76593], [5.19037, 44.76548]], [[5.17363, 44.76581], [5.17364, 44.76604], [5.17331, 44.76582], [5.17363, 44.76581]], [[5.16983, 44.76566], [5.16984, 44.76588], [5.16952, 44.76567], [5.16983, 44.76566]], [[5.18184, 44.76565], [5.18152, 44.76543], [5.18183, 44.76542], [5.18184, 44.76565]], [[5.18182, 44.7652], [5.18246, 44.76519], [5.18246, 44.76541], [5.18183, 44.76542], [5.18182, 44.7652]], [[5.18968, 44.76392], [5.19032, 44.76413], [5.19034, 44.76481], [5.19066, 44.7648], [5.19068, 44.76525], [5.19005, 44.76549], [5.18968, 44.76392]], [[5.16636, 44.76573], [5.16573, 44.76574], [5.16571, 44.76529], [5.16634, 44.76528], [5.16636, 44.76573]], [[5.16633, 44.76505], [5.16696, 44.76504], [5.16697, 44.76527], [5.16634, 44.76528], [5.16633, 44.76505]], [[5.17488, 44.76534], [5.17582, 44.76532], [5.17583, 44.76554], [5.17488, 44.76556], [5.17488, 44.76534]], [[5.17677, 44.7653], [5.17678, 44.76552], [5.17646, 44.7653], [5.17677, 44.7653]], [[5.14044, 44.76578], [5.14045, 44.76601], [5.14013, 44.76579], [5.14044, 44.76578]], [[5.18276, 44.76496], [5.18277, 44.76518], [5.18245, 44.76496], [5.18276, 44.76496]], [[5.18813, 44.76485], [5.18876, 44.76484], [5.18877, 44.76506], [5.18814, 44.76507], [5.18813, 44.76485]], [[5.19697, 44.76467], [5.19698, 44.7649], [5.19666, 44.76468], [5.19697, 44.76467]], [[5.19854, 44.76442], [5.19825, 44.76487], [5.1976, 44.76444], [5.19854, 44.76442]], [[5.17896, 44.76481], [5.17897, 44.76503], [5.17865, 44.76481], [5.17896, 44.76481]], [[5.18117, 44.76476], [5.18118, 44.76499], [5.18086, 44.76477], [5.18117, 44.76476]], [[5.18023, 44.76478], [5.18022, 44.76456], [5.18085, 44.76454], [5.18086, 44.76477], [5.18023, 44.76478]], [[5.17989, 44.76434], [5.18021, 44.76433], [5.18022, 44.76456], [5.17989, 44.76434]], [[5.18307, 44.76472], [5.18308, 44.76495], [5.18275, 44.76473], [5.18307, 44.76472]], [[5.14106, 44.76532], [5.14107, 44.76554], [5.14074, 44.76532], [5.14106, 44.76532]], [[5.17516, 44.76443], [5.17547, 44.76442], [5.17549, 44.76487], [5.17486, 44.76489], [5.17516, 44.76443]], [[5.17643, 44.76463], [5.17644, 44.76485], [5.17611, 44.76464], [5.17643, 44.76463]], [[5.17706, 44.76462], [5.17769, 44.7646], [5.1777, 44.76483], [5.17707, 44.76484], [5.17706, 44.76462]], [[5.18338, 44.76449], [5.18339, 44.76472], [5.18306, 44.7645], [5.18338, 44.76449]], [[5.19633, 44.76424], [5.19633, 44.76446], [5.19601, 44.76424], [5.19633, 44.76424]], [[5.20201, 44.76412], [5.20202, 44.76435], [5.20169, 44.76413], [5.20201, 44.76412]], [[5.14263, 44.76506], [5.14264, 44.76529], [5.14231, 44.76507], [5.14263, 44.76506]], [[5.16568, 44.76462], [5.16569, 44.76484], [5.16537, 44.76462], [5.16568, 44.76462]], [[5.16693, 44.76414], [5.1663, 44.76415], [5.16664, 44.76482], [5.16601, 44.76483], [5.16599, 44.76438], [5.16536, 44.7644], [5.16535, 44.76417], [5.16692, 44.76392], [5.16693, 44.76414]], [[5.16788, 44.76435], [5.17073, 44.76429], [5.17074, 44.76452], [5.1679, 44.7648], [5.16788, 44.76435]], [[5.17925, 44.76412], [5.17927, 44.76457], [5.17862, 44.76414], [5.17925, 44.76412]], [[5.18117, 44.76454], [5.18113, 44.76364], [5.18052, 44.7641], [5.18049, 44.76342], [5.18081, 44.76342], [5.18078, 44.76274], [5.1814, 44.76251], [5.18136, 44.76138], [5.18168, 44.76137], [5.18197, 44.76069], [5.18322, 44.76044], [5.18223, 44.75934], [5.18318, 44.75932], [5.18351, 44.75976], [5.18445, 44.75952], [5.18479, 44.76019], [5.18383, 44.75998], [5.18418, 44.76087], [5.18387, 44.76088], [5.18391, 44.76201], [5.18264, 44.76181], [5.18292, 44.7609], [5.18198, 44.76114], [5.18202, 44.76204], [5.18233, 44.76204], [5.18269, 44.76316], [5.18206, 44.76317], [5.18179, 44.7643], [5.18117, 44.76454]], [[5.18053, 44.76432], [5.1802, 44.76411], [5.18052, 44.7641], [5.18053, 44.76432]], [[5.1816, 44.75935], [5.18159, 44.75912], [5.18222, 44.75911], [5.18223, 44.75934], [5.1816, 44.75935]], [[5.18443, 44.75907], [5.18475, 44.75906], [5.18476, 44.75951], [5.18445, 44.75952], [5.18443, 44.75907]], [[5.18511, 44.76018], [5.18515, 44.76131], [5.18483, 44.76131], [5.18479, 44.76019], [5.18511, 44.76018]], [[5.18368, 44.76426], [5.18369, 44.76449], [5.18337, 44.76427], [5.18368, 44.76426]], [[5.18431, 44.76402], [5.18432, 44.76425], [5.18399, 44.76403], [5.18431, 44.76402]], [[5.19599, 44.76379], [5.196, 44.76402], [5.19568, 44.7638], [5.19599, 44.76379]], [[5.19535, 44.76358], [5.19567, 44.76357], [5.19568, 44.7638], [5.19535, 44.76358]], [[5.17167, 44.76427], [5.17104, 44.76429], [5.17103, 44.76406], [5.17167, 44.76405], [5.17167, 44.76427]], [[5.17166, 44.76382], [5.1726, 44.7638], [5.17261, 44.76403], [5.17167, 44.76405], [5.17166, 44.76382]], [[5.1726, 44.76358], [5.17323, 44.76357], [5.17324, 44.76379], [5.1726, 44.7638], [5.1726, 44.76358]], [[5.17322, 44.76334], [5.17385, 44.76333], [5.17386, 44.76355], [5.17323, 44.76357], [5.17322, 44.76334]], [[5.17545, 44.76375], [5.17576, 44.76374], [5.17578, 44.76419], [5.17546, 44.7642], [5.17545, 44.76375]], [[5.1764, 44.76395], [5.17641, 44.76418], [5.17609, 44.76396], [5.1764, 44.76395]], [[5.1767, 44.7635], [5.17607, 44.76351], [5.17605, 44.76306], [5.17701, 44.76327], [5.17704, 44.76417], [5.17673, 44.76417], [5.1767, 44.7635]], [[5.18462, 44.76402], [5.1843, 44.7638], [5.18461, 44.76379], [5.18462, 44.76402]], [[5.18489, 44.76289], [5.18521, 44.76288], [5.18554, 44.76332], [5.18461, 44.76379], [5.18489, 44.76289]], [[5.18271, 44.76361], [5.18272, 44.76383], [5.18239, 44.76361], [5.18271, 44.76361]], [[5.18745, 44.76351], [5.18746, 44.76374], [5.18713, 44.76352], [5.18745, 44.76351]], [[5.1789, 44.76323], [5.18018, 44.76343], [5.18018, 44.76366], [5.17892, 44.76368], [5.1789, 44.76323]], [[5.19502, 44.76314], [5.19503, 44.76336], [5.1947, 44.76314], [5.19502, 44.76314]], [[5.19912, 44.76306], [5.19913, 44.76328], [5.19881, 44.76306], [5.19912, 44.76306]], [[5.17859, 44.76324], [5.1786, 44.76346], [5.17827, 44.76324], [5.17859, 44.76324]], [[5.18711, 44.76307], [5.18775, 44.76306], [5.18775, 44.76328], [5.18712, 44.76329], [5.18711, 44.76307]], [[5.20133, 44.76279], [5.20133, 44.76301], [5.20101, 44.76279], [5.20133, 44.76279]], [[5.17417, 44.76332], [5.17384, 44.7631], [5.17416, 44.7631], [5.17417, 44.76332]], [[5.17446, 44.76264], [5.17509, 44.76263], [5.17479, 44.76309], [5.17416, 44.7631], [5.17446, 44.76264]], [[5.17508, 44.7624], [5.17571, 44.76239], [5.17572, 44.76262], [5.17509, 44.76263], [5.17508, 44.7624]], [[5.17732, 44.76304], [5.17732, 44.76326], [5.177, 44.76304], [5.17732, 44.76304]], [[5.18395, 44.76291], [5.18396, 44.76313], [5.18363, 44.76291], [5.18395, 44.76291]], [[5.18331, 44.76269], [5.18362, 44.76269], [5.18363, 44.76291], [5.18331, 44.76269]], [[5.18299, 44.7627], [5.18265, 44.76203], [5.18328, 44.76202], [5.18331, 44.76269], [5.18299, 44.7627]], [[5.18805, 44.76282], [5.18806, 44.76305], [5.18774, 44.76283], [5.18805, 44.76282]], [[5.16436, 44.76306], [5.16437, 44.76329], [5.16404, 44.76307], [5.16436, 44.76306]], [[5.17793, 44.76257], [5.17825, 44.76257], [5.17826, 44.76302], [5.17795, 44.76302], [5.17793, 44.76257]], [[5.17982, 44.76254], [5.18014, 44.76253], [5.18016, 44.76298], [5.17984, 44.76299], [5.17982, 44.76254]], [[5.18615, 44.76264], [5.18616, 44.76286], [5.18583, 44.76264], [5.18615, 44.76264]], [[5.18931, 44.76257], [5.18932, 44.7628], [5.18899, 44.76258], [5.18931, 44.76257]], [[5.20036, 44.76236], [5.20099, 44.76234], [5.201, 44.76257], [5.20037, 44.76258], [5.20036, 44.76236]], [[5.16467, 44.76283], [5.16467, 44.76306], [5.16435, 44.76284], [5.16467, 44.76283]], [[5.16497, 44.7626], [5.16529, 44.7626], [5.16531, 44.76305], [5.16499, 44.76305], [5.16497, 44.7626]], [[5.17699, 44.76282], [5.1757, 44.76217], [5.17694, 44.76147], [5.17727, 44.76191], [5.17664, 44.76192], [5.17699, 44.76282]], [[5.17753, 44.76033], [5.17816, 44.76032], [5.17751, 44.75988], [5.17877, 44.75986], [5.17818, 44.76077], [5.17881, 44.76076], [5.17914, 44.7612], [5.17694, 44.76147], [5.17753, 44.76033]], [[5.18487, 44.76221], [5.18518, 44.76221], [5.1852, 44.76266], [5.18489, 44.76266], [5.18487, 44.76221]], [[5.18646, 44.76241], [5.18647, 44.76263], [5.18614, 44.76241], [5.18646, 44.76241]], [[5.16655, 44.76257], [5.1675, 44.76255], [5.16751, 44.76278], [5.16656, 44.7628], [5.16655, 44.76257]], [[5.18392, 44.76223], [5.18393, 44.76246], [5.18361, 44.76224], [5.18392, 44.76223]], [[5.20034, 44.76191], [5.20035, 44.76213], [5.20003, 44.76191], [5.20034, 44.76191]], [[5.1997, 44.76169], [5.20002, 44.76169], [5.20003, 44.76191], [5.1997, 44.76169]], [[5.19938, 44.76147], [5.19969, 44.76147], [5.1997, 44.76169], [5.19938, 44.76147]], [[5.19875, 44.76149], [5.19874, 44.76126], [5.19811, 44.76127], [5.19808, 44.7606], [5.19714, 44.76084], [5.19713, 44.76062], [5.19618, 44.76064], [5.19618, 44.76041], [5.19744, 44.76039], [5.1974, 44.75949], [5.1987, 44.76036], [5.19841, 44.76104], [5.19937, 44.76125], [5.19938, 44.76147], [5.19875, 44.76149]], [[5.19811, 44.7615], [5.19717, 44.76152], [5.19716, 44.76129], [5.19811, 44.76127], [5.19811, 44.7615]], [[5.1637, 44.7624], [5.16371, 44.76263], [5.16339, 44.76241], [5.1637, 44.7624]], [[5.16845, 44.76253], [5.16782, 44.76255], [5.16781, 44.76232], [5.16844, 44.76231], [5.16845, 44.76253]], [[5.16843, 44.76208], [5.164, 44.76195], [5.16399, 44.76172], [5.17032, 44.76205], [5.17033, 44.76227], [5.16844, 44.76231], [5.16843, 44.76208]], [[5.18739, 44.76194], [5.1874, 44.76216], [5.18707, 44.76194], [5.18739, 44.76194]], [[5.17854, 44.76189], [5.17854, 44.76211], [5.17822, 44.76189], [5.17854, 44.76189]], [[5.18544, 44.76062], [5.18575, 44.76062], [5.18573, 44.75994], [5.18604, 44.75994], [5.18605, 44.76016], [5.18668, 44.76015], [5.18704, 44.76127], [5.18548, 44.76175], [5.18577, 44.76107], [5.18546, 44.76107], [5.18544, 44.76062]], [[5.1624, 44.76153], [5.16334, 44.76128], [5.16368, 44.76195], [5.16305, 44.76196], [5.1624, 44.76153]], [[5.17125, 44.76158], [5.17126, 44.7618], [5.17063, 44.76182], [5.17062, 44.76159], [5.17125, 44.76158]], [[5.16936, 44.76162], [5.16934, 44.76117], [5.17061, 44.76137], [5.17062, 44.76159], [5.16936, 44.76162]], [[5.18104, 44.76139], [5.18105, 44.76161], [5.18073, 44.76139], [5.18104, 44.76139]], [[5.18862, 44.76124], [5.18863, 44.76146], [5.18831, 44.76124], [5.18862, 44.76124]], [[5.1962, 44.76109], [5.19683, 44.76107], [5.19684, 44.7613], [5.19621, 44.76131], [5.1962, 44.76109]], [[5.17156, 44.76135], [5.17157, 44.76157], [5.17125, 44.76135], [5.17156, 44.76135]], [[5.17976, 44.76096], [5.1804, 44.76095], [5.18041, 44.7614], [5.17947, 44.76142], [5.17976, 44.76096]], [[5.18956, 44.76099], [5.18957, 44.76122], [5.18925, 44.761], [5.18956, 44.76099]], [[5.19556, 44.76087], [5.19557, 44.7611], [5.19525, 44.76088], [5.19556, 44.76087]], [[5.1665, 44.76122], [5.16207, 44.76108], [5.16206, 44.76086], [5.16808, 44.76119], [5.16809, 44.76142], [5.16651, 44.76145], [5.1665, 44.76122]], [[5.17188, 44.76134], [5.17155, 44.76112], [5.17187, 44.76112], [5.17188, 44.76134]], [[5.17218, 44.76089], [5.17205, 44.75774], [5.17237, 44.75773], [5.1725, 44.7611], [5.17187, 44.76112], [5.17218, 44.76089]], [[5.17174, 44.75774], [5.1717, 44.75684], [5.17202, 44.75684], [5.17205, 44.75774], [5.17174, 44.75774]], [[5.172, 44.75639], [5.17232, 44.75638], [5.17234, 44.75683], [5.17202, 44.75684], [5.172, 44.75639]], [[5.17377, 44.7613], [5.17282, 44.76132], [5.17344, 44.76086], [5.17439, 44.76084], [5.17377, 44.7613]], [[5.17438, 44.76062], [5.17501, 44.7606], [5.17502, 44.76083], [5.17439, 44.76084], [5.17438, 44.76062]], [[5.175, 44.76038], [5.17342, 44.76041], [5.17341, 44.76019], [5.17531, 44.76015], [5.17563, 44.76037], [5.17564, 44.76059], [5.17501, 44.7606], [5.175, 44.76038]], [[5.18987, 44.76076], [5.18988, 44.76099], [5.18955, 44.76077], [5.18987, 44.76076]], [[5.1905, 44.76075], [5.19018, 44.76053], [5.19049, 44.76052], [5.1905, 44.76075]], [[5.19047, 44.76007], [5.19078, 44.75984], [5.1911, 44.75984], [5.19111, 44.76029], [5.19049, 44.76052], [5.19047, 44.76007]], [[5.19047, 44.75985], [5.19045, 44.7594], [5.19076, 44.75939], [5.19078, 44.75984], [5.19047, 44.75985]], [[5.19523, 44.76043], [5.19524, 44.76066], [5.19491, 44.76044], [5.19523, 44.76043]], [[5.19996, 44.76011], [5.20027, 44.76011], [5.20029, 44.76056], [5.19966, 44.76057], [5.19996, 44.76011]], [[5.16837, 44.76051], [5.16868, 44.7605], [5.1687, 44.76095], [5.16839, 44.76096], [5.16837, 44.76051]], [[5.16932, 44.76049], [5.17154, 44.76067], [5.17154, 44.7609], [5.16965, 44.76093], [5.16932, 44.76049]], [[5.17972, 44.75984], [5.18067, 44.75982], [5.18007, 44.76073], [5.17944, 44.76074], [5.17972, 44.75984]], [[5.18732, 44.76014], [5.18763, 44.76013], [5.18765, 44.76058], [5.18702, 44.76059], [5.18732, 44.76014]], [[5.16678, 44.76032], [5.16805, 44.76052], [5.16806, 44.76074], [5.1668, 44.76077], [5.16678, 44.76032]], [[5.19141, 44.75983], [5.19331, 44.75979], [5.19332, 44.76002], [5.19143, 44.76028], [5.19141, 44.75983]], [[5.19426, 44.76], [5.19427, 44.76022], [5.19395, 44.76001], [5.19426, 44.76]], [[5.19932, 44.76012], [5.199, 44.75991], [5.19932, 44.7599], [5.19932, 44.76012]], [[5.19868, 44.75969], [5.19899, 44.75968], [5.199, 44.75991], [5.19868, 44.75969]], [[5.19835, 44.75947], [5.19867, 44.75946], [5.19868, 44.75969], [5.19835, 44.75947]], [[5.19897, 44.75923], [5.19961, 44.75922], [5.19963, 44.75989], [5.19932, 44.7599], [5.19897, 44.75923]], [[5.14467, 44.76052], [5.14468, 44.76097], [5.14437, 44.76098], [5.14435, 44.76053], [5.14467, 44.76052]], [[5.14404, 44.76053], [5.14369, 44.75986], [5.14433, 44.76008], [5.14435, 44.76053], [5.14404, 44.76053]], [[5.16392, 44.75992], [5.16393, 44.76015], [5.16488, 44.76013], [5.1649, 44.76058], [5.16426, 44.76059], [5.16425, 44.76037], [5.16173, 44.76041], [5.1617, 44.75974], [5.16297, 44.75971], [5.16358, 44.75925], [5.16453, 44.75923], [5.16483, 44.75878], [5.16795, 44.75782], [5.16798, 44.75849], [5.1664, 44.75875], [5.16641, 44.75897], [5.16768, 44.75895], [5.16769, 44.75917], [5.16547, 44.75922], [5.16515, 44.759], [5.16485, 44.75945], [5.16548, 44.75944], [5.16582, 44.75988], [5.16454, 44.75968], [5.16455, 44.75991], [5.16392, 44.75992]], [[5.16821, 44.75646], [5.16945, 44.75576], [5.16943, 44.75531], [5.1707, 44.75551], [5.17081, 44.75821], [5.1705, 44.75844], [5.17083, 44.75866], [5.17019, 44.75867], [5.17012, 44.75665], [5.1698, 44.75665], [5.16983, 44.75733], [5.16951, 44.75734], [5.16954, 44.75801], [5.16795, 44.75782], [5.16821, 44.75646]], [[5.16583, 44.76033], [5.16647, 44.76032], [5.16647, 44.76055], [5.16584, 44.76056], [5.16583, 44.76033]], [[5.17595, 44.76036], [5.17562, 44.76014], [5.17594, 44.76014], [5.17595, 44.76036]], [[5.17623, 44.75945], [5.17654, 44.75945], [5.17689, 44.76012], [5.17594, 44.76014], [5.17623, 44.75945]], [[5.18162, 44.76002], [5.18225, 44.76001], [5.18226, 44.76024], [5.18163, 44.76025], [5.18162, 44.76002]], [[5.16961, 44.75981], [5.17151, 44.76], [5.17152, 44.76022], [5.17025, 44.76025], [5.16961, 44.75981]], [[5.18761, 44.75946], [5.18824, 44.75944], [5.18794, 44.7599], [5.18762, 44.75991], [5.18761, 44.75946]], [[5.19518, 44.75931], [5.19645, 44.75928], [5.19646, 44.75951], [5.19489, 44.75976], [5.19518, 44.75931]], [[5.16013, 44.76], [5.16076, 44.75998], [5.16077, 44.76021], [5.16014, 44.76022], [5.16013, 44.76]], [[5.16804, 44.76007], [5.1674, 44.76008], [5.1674, 44.75985], [5.16613, 44.75988], [5.16612, 44.75965], [5.1677, 44.75962], [5.16803, 44.75984], [5.16804, 44.76007]], [[5.16897, 44.75982], [5.16898, 44.76005], [5.16866, 44.75983], [5.16897, 44.75982]], [[5.18161, 44.75957], [5.18161, 44.7598], [5.18129, 44.75958], [5.18161, 44.75957]], [[5.19328, 44.75912], [5.19424, 44.75932], [5.19425, 44.75955], [5.19361, 44.75956], [5.19328, 44.75912]], [[5.17369, 44.75928], [5.17433, 44.75949], [5.17434, 44.75972], [5.1734, 44.75974], [5.17369, 44.75928]], [[5.17497, 44.75948], [5.1756, 44.75947], [5.17561, 44.75969], [5.17497, 44.7597], [5.17497, 44.75948]], [[5.1857, 44.75927], [5.18571, 44.75949], [5.18539, 44.75927], [5.1857, 44.75927]], [[5.19265, 44.75913], [5.19266, 44.75936], [5.19233, 44.75914], [5.19265, 44.75913]], [[5.17685, 44.75922], [5.17686, 44.75944], [5.17654, 44.75922], [5.17685, 44.75922]], [[5.18032, 44.75892], [5.18063, 44.75892], [5.18065, 44.75937], [5.18033, 44.75937], [5.18032, 44.75892]], [[5.1977, 44.75903], [5.19707, 44.75904], [5.19706, 44.75882], [5.19769, 44.75881], [5.1977, 44.75903]], [[5.19767, 44.75813], [5.19798, 44.75812], [5.19801, 44.7588], [5.19769, 44.75881], [5.19767, 44.75813]], [[5.19832, 44.75879], [5.19833, 44.75902], [5.19801, 44.7588], [5.19832, 44.75879]], [[5.16894, 44.75892], [5.16926, 44.75892], [5.16927, 44.75937], [5.16896, 44.75937], [5.16894, 44.75892]], [[5.1699, 44.75913], [5.1699, 44.75935], [5.16958, 44.75914], [5.1699, 44.75913]], [[5.17021, 44.75912], [5.17084, 44.75911], [5.17085, 44.75934], [5.17022, 44.75935], [5.17021, 44.75912]], [[5.17716, 44.75899], [5.17717, 44.75921], [5.17684, 44.75899], [5.17716, 44.75899]], [[5.18789, 44.75855], [5.1879, 44.759], [5.18759, 44.75901], [5.18757, 44.75856], [5.18789, 44.75855]], [[5.18726, 44.75856], [5.18718, 44.75654], [5.18749, 44.75653], [5.18757, 44.75856], [5.18726, 44.75856]], [[5.17494, 44.7588], [5.17557, 44.75879], [5.17558, 44.75902], [5.17495, 44.75903], [5.17494, 44.7588]], [[5.17747, 44.75876], [5.17747, 44.75898], [5.17715, 44.75876], [5.17747, 44.75876]], [[5.17935, 44.75849], [5.17967, 44.75849], [5.17969, 44.75894], [5.17937, 44.75894], [5.17935, 44.75849]], [[5.18472, 44.75839], [5.18504, 44.75838], [5.18505, 44.75883], [5.18474, 44.75884], [5.18472, 44.75839]], [[5.19925, 44.75832], [5.19926, 44.75855], [5.19894, 44.75833], [5.19925, 44.75832]], [[5.14335, 44.7592], [5.14336, 44.75942], [5.14304, 44.7592], [5.14335, 44.7592]], [[5.14271, 44.75898], [5.14303, 44.75898], [5.14304, 44.7592], [5.14271, 44.75898]], [[5.14208, 44.75899], [5.14174, 44.75833], [5.14237, 44.75831], [5.14271, 44.75898], [5.14208, 44.75899]], [[5.14141, 44.75811], [5.14173, 44.7581], [5.14174, 44.75833], [5.14141, 44.75811]], [[5.14619, 44.75914], [5.1462, 44.75937], [5.14588, 44.75915], [5.14619, 44.75914]], [[5.15376, 44.75877], [5.15377, 44.75899], [5.15345, 44.75877], [5.15376, 44.75877]], [[5.16955, 44.75846], [5.16956, 44.75869], [5.16924, 44.75847], [5.16955, 44.75846]], [[5.17366, 44.75838], [5.17367, 44.7586], [5.17334, 44.75839], [5.17366, 44.75838]], [[5.19008, 44.75806], [5.19009, 44.75828], [5.18976, 44.75806], [5.19008, 44.75806]], [[5.19671, 44.75792], [5.19672, 44.75815], [5.19639, 44.75793], [5.19671, 44.75792]], [[5.13954, 44.75859], [5.13985, 44.75859], [5.13987, 44.75904], [5.13955, 44.75904], [5.13954, 44.75859]], [[5.15627, 44.75827], [5.15659, 44.75826], [5.15661, 44.75871], [5.15629, 44.75872], [5.15627, 44.75827]], [[5.17522, 44.7579], [5.17523, 44.75812], [5.17586, 44.75811], [5.17587, 44.75834], [5.17492, 44.75835], [5.1749, 44.7579], [5.17522, 44.7579]], [[5.17458, 44.75769], [5.1749, 44.75768], [5.1749, 44.7579], [5.17458, 44.75769]], [[5.17649, 44.7581], [5.1765, 44.75832], [5.17618, 44.75811], [5.17649, 44.7581]], [[5.18533, 44.75792], [5.18534, 44.75815], [5.18502, 44.75793], [5.18533, 44.75792]], [[5.19163, 44.75735], [5.19226, 44.75734], [5.1926, 44.75778], [5.19197, 44.75802], [5.19163, 44.75735]], [[5.1986, 44.75766], [5.19861, 44.75789], [5.19828, 44.75767], [5.1986, 44.75766]], [[5.15792, 44.75171], [5.16044, 44.75143], [5.16015, 44.75211], [5.16047, 44.75233], [5.15952, 44.75235], [5.15954, 44.7528], [5.16048, 44.75256], [5.1605, 44.75301], [5.15701, 44.75285], [5.15703, 44.7533], [5.16083, 44.75345], [5.16084, 44.75368], [5.15831, 44.75373], [5.1583, 44.7535], [5.15704, 44.75353], [5.15707, 44.75443], [5.15739, 44.75442], [5.15742, 44.75509], [5.15773, 44.75509], [5.15746, 44.75622], [5.15778, 44.75644], [5.15684, 44.75646], [5.15681, 44.75578], [5.15617, 44.75557], [5.15647, 44.75511], [5.15614, 44.75489], [5.15457, 44.75515], [5.15456, 44.7547], [5.15393, 44.75471], [5.15432, 44.75673], [5.15463, 44.75672], [5.1547, 44.75852], [5.15405, 44.75809], [5.15436, 44.75786], [5.15372, 44.75764], [5.15402, 44.75719], [5.15338, 44.75697], [5.15367, 44.75629], [5.15335, 44.7563], [5.15329, 44.75472], [5.15483, 44.75357], [5.1561, 44.75377], [5.15576, 44.7531], [5.15668, 44.75241], [5.15731, 44.75239], [5.15792, 44.75171]], [[5.197, 44.75724], [5.19732, 44.75724], [5.19733, 44.75769], [5.19702, 44.75769], [5.197, 44.75724]], [[5.1989, 44.75743], [5.19891, 44.75766], [5.19859, 44.75744], [5.1989, 44.75743]], [[5.18531, 44.75725], [5.18562, 44.75724], [5.18564, 44.75769], [5.18533, 44.7577], [5.18531, 44.75725]], [[5.19006, 44.75761], [5.18974, 44.75739], [5.19005, 44.75738], [5.19006, 44.75761]], [[5.19, 44.75603], [5.19032, 44.75603], [5.19037, 44.75738], [5.19005, 44.75738], [5.19, 44.75603]], [[5.19795, 44.75722], [5.19796, 44.75745], [5.19763, 44.75723], [5.19795, 44.75722]], [[5.1591, 44.75776], [5.15911, 44.75799], [5.15878, 44.75777], [5.1591, 44.75776]], [[5.17362, 44.75748], [5.17363, 44.7577], [5.17331, 44.75749], [5.17362, 44.75748]], [[5.17583, 44.75744], [5.17584, 44.75766], [5.17552, 44.75744], [5.17583, 44.75744]], [[5.2011, 44.75694], [5.20111, 44.75716], [5.20078, 44.75694], [5.2011, 44.75694]], [[5.15625, 44.75759], [5.15626, 44.75782], [5.15593, 44.7576], [5.15625, 44.75759]], [[5.17393, 44.75725], [5.17394, 44.75747], [5.17362, 44.75725], [5.17393, 44.75725]], [[5.17614, 44.75721], [5.17615, 44.75743], [5.17583, 44.75721], [5.17614, 44.75721]], [[5.19791, 44.75633], [5.19794, 44.757], [5.19729, 44.75656], [5.19791, 44.75633]], [[5.19824, 44.75654], [5.19855, 44.75654], [5.19857, 44.75699], [5.19825, 44.75699], [5.19824, 44.75654]], [[5.14077, 44.75789], [5.14044, 44.75745], [5.13885, 44.75726], [5.13788, 44.7566], [5.13787, 44.75637], [5.13881, 44.75613], [5.13816, 44.75569], [5.1391, 44.75545], [5.13913, 44.75612], [5.14041, 44.75655], [5.14042, 44.757], [5.14139, 44.75743], [5.14141, 44.75788], [5.14077, 44.75789]], [[5.15876, 44.75709], [5.15907, 44.75709], [5.15909, 44.75754], [5.15877, 44.75754], [5.15876, 44.75709]], [[5.1635, 44.75723], [5.16351, 44.75745], [5.16319, 44.75723], [5.1635, 44.75723]], [[5.17486, 44.75678], [5.17487, 44.757], [5.17455, 44.75679], [5.17486, 44.75678]], [[5.17708, 44.75696], [5.17645, 44.75697], [5.17644, 44.75675], [5.17707, 44.75674], [5.17708, 44.75696]], [[5.17706, 44.75651], [5.17769, 44.7565], [5.1777, 44.75672], [5.17707, 44.75674], [5.17706, 44.75651]], [[5.17769, 44.75627], [5.17832, 44.75626], [5.17833, 44.75649], [5.17769, 44.7565], [5.17769, 44.75627]], [[5.19539, 44.75638], [5.19539, 44.7566], [5.19507, 44.75638], [5.19539, 44.75638]], [[5.15749, 44.75689], [5.15749, 44.75712], [5.15717, 44.7569], [5.15749, 44.75689]], [[5.16412, 44.75677], [5.16413, 44.75699], [5.1638, 44.75677], [5.16412, 44.75677]], [[5.17391, 44.7568], [5.17359, 44.75658], [5.17391, 44.75657], [5.17391, 44.7568]], [[5.1742, 44.75612], [5.17484, 44.75633], [5.17485, 44.75655], [5.17391, 44.75657], [5.1742, 44.75612]], [[5.19348, 44.75619], [5.19349, 44.75641], [5.19317, 44.75619], [5.19348, 44.75619]], [[5.1559, 44.7567], [5.15591, 44.75693], [5.15558, 44.75671], [5.1559, 44.7567]], [[5.16442, 44.75653], [5.16443, 44.75676], [5.16411, 44.75654], [5.16442, 44.75653]], [[5.18715, 44.75586], [5.18747, 44.75586], [5.18748, 44.75631], [5.18717, 44.75631], [5.18715, 44.75586]], [[5.19853, 44.75586], [5.19854, 44.75609], [5.19821, 44.75587], [5.19853, 44.75586]], [[5.15872, 44.75619], [5.15904, 44.75619], [5.15906, 44.75664], [5.15874, 44.75664], [5.15872, 44.75619]], [[5.16032, 44.75661], [5.15969, 44.75663], [5.15966, 44.75595], [5.15902, 44.75574], [5.159, 44.75529], [5.16028, 44.75549], [5.15999, 44.7564], [5.16032, 44.75661]], [[5.16473, 44.7563], [5.16474, 44.75653], [5.16441, 44.75631], [5.16473, 44.7563]], [[5.19441, 44.75572], [5.19442, 44.75594], [5.1941, 44.75573], [5.19441, 44.75572]], [[5.19535, 44.75548], [5.19567, 44.75547], [5.19568, 44.75592], [5.19505, 44.75593], [5.19535, 44.75548]], [[5.15556, 44.75626], [5.15557, 44.75648], [5.15525, 44.75626], [5.15556, 44.75626]], [[5.15651, 44.75624], [5.15652, 44.75646], [5.1562, 44.75624], [5.15651, 44.75624]], [[5.17261, 44.7557], [5.17324, 44.75569], [5.17294, 44.75614], [5.17262, 44.75615], [5.17261, 44.7557]], [[5.17355, 44.75568], [5.17419, 44.75567], [5.17389, 44.75612], [5.17357, 44.75613], [5.17355, 44.75568]], [[5.19029, 44.75535], [5.19093, 44.75556], [5.19094, 44.75579], [5.19031, 44.7558], [5.19029, 44.75535]], [[5.13661, 44.7564], [5.13662, 44.75662], [5.13629, 44.7564], [5.13661, 44.7564]], [[5.16249, 44.75567], [5.16313, 44.75588], [5.16314, 44.75611], [5.1622, 44.75613], [5.16249, 44.75567]], [[5.19155, 44.75533], [5.19156, 44.75555], [5.19124, 44.75533], [5.19155, 44.75533]], [[5.19598, 44.75546], [5.19566, 44.75524], [5.19597, 44.75524], [5.19598, 44.75546]], [[5.19596, 44.75479], [5.19627, 44.75478], [5.19629, 44.75523], [5.19597, 44.75524], [5.19596, 44.75479]], [[5.13755, 44.75616], [5.13756, 44.75638], [5.13723, 44.75616], [5.13755, 44.75616]], [[5.1366, 44.75617], [5.13659, 44.75595], [5.13565, 44.75597], [5.13564, 44.75574], [5.13753, 44.75571], [5.13723, 44.75616], [5.1366, 44.75617]], [[5.1549, 44.75537], [5.15521, 44.75536], [5.15524, 44.75604], [5.15492, 44.75604], [5.1549, 44.75537]], [[5.16502, 44.75562], [5.16503, 44.75585], [5.1647, 44.75563], [5.16502, 44.75562]], [[5.19218, 44.75509], [5.19218, 44.75531], [5.19186, 44.75509], [5.19218, 44.75509]], [[5.1587, 44.75552], [5.15871, 44.75574], [5.15838, 44.75553], [5.1587, 44.75552]], [[5.19248, 44.75486], [5.19249, 44.75508], [5.19217, 44.75486], [5.19248, 44.75486]], [[5.15585, 44.75535], [5.15585, 44.75558], [5.15553, 44.75536], [5.15585, 44.75535]], [[5.16374, 44.7552], [5.16375, 44.75542], [5.1628, 44.75544], [5.16247, 44.755], [5.16278, 44.75476], [5.16374, 44.7552]], [[5.16533, 44.75539], [5.16501, 44.7554], [5.16499, 44.75495], [5.16531, 44.75494], [5.16533, 44.75539]], [[5.16529, 44.75449], [5.16561, 44.75448], [5.16563, 44.75493], [5.16531, 44.75494], [5.16529, 44.75449]], [[5.17036, 44.75484], [5.17099, 44.75483], [5.1707, 44.75529], [5.17006, 44.7553], [5.17036, 44.75484]], [[5.17321, 44.75501], [5.17322, 44.75524], [5.1729, 44.75502], [5.17321, 44.75501]], [[5.19058, 44.75467], [5.19059, 44.75489], [5.19026, 44.75468], [5.19058, 44.75467]], [[5.15994, 44.75505], [5.15805, 44.75508], [5.15804, 44.75486], [5.16057, 44.75481], [5.16058, 44.75526], [5.15995, 44.75527], [5.15994, 44.75505]], [[5.19657, 44.75433], [5.19658, 44.75455], [5.19625, 44.75433], [5.19657, 44.75433]], [[5.1672, 44.75468], [5.16783, 44.75467], [5.16784, 44.75489], [5.1672, 44.7549], [5.1672, 44.75468]], [[5.16877, 44.75465], [5.16878, 44.75487], [5.16846, 44.75465], [5.16877, 44.75465]], [[5.1713, 44.7546], [5.17131, 44.75482], [5.17099, 44.7546], [5.1713, 44.7546]], [[5.17541, 44.75452], [5.17541, 44.75474], [5.17509, 44.75452], [5.17541, 44.75452]], [[5.19372, 44.75416], [5.19373, 44.75438], [5.1934, 44.75416], [5.19372, 44.75416]], [[5.16307, 44.75408], [5.16402, 44.75429], [5.16341, 44.75475], [5.1634, 44.75453], [5.16277, 44.75454], [5.16307, 44.75408]], [[5.17161, 44.75437], [5.17162, 44.75459], [5.17129, 44.75437], [5.17161, 44.75437]], [[5.16086, 44.75435], [5.15802, 44.75441], [5.15771, 44.75464], [5.15769, 44.75396], [5.16085, 44.75413], [5.16086, 44.75435]], [[5.1618, 44.75411], [5.16212, 44.7541], [5.16214, 44.75455], [5.16182, 44.75456], [5.1618, 44.75411]], [[5.17192, 44.75414], [5.17192, 44.75436], [5.1716, 44.75414], [5.17192, 44.75414]], [[5.19686, 44.75364], [5.19749, 44.75363], [5.1975, 44.75386], [5.19687, 44.75387], [5.19686, 44.75364]], [[5.16591, 44.75403], [5.16592, 44.75425], [5.16559, 44.75403], [5.16591, 44.75403]], [[5.1621, 44.75365], [5.16211, 44.75388], [5.16178, 44.75366], [5.1621, 44.75365]], [[5.16305, 44.75363], [5.164, 44.75362], [5.164, 44.75384], [5.16306, 44.75386], [5.16305, 44.75363]], [[5.16587, 44.75313], [5.16682, 44.75311], [5.16684, 44.75356], [5.16621, 44.75357], [5.16587, 44.75313]], [[5.16904, 44.75329], [5.16905, 44.75352], [5.16872, 44.7533], [5.16904, 44.75329]], [[5.16207, 44.75275], [5.16208, 44.7532], [5.16143, 44.75276], [5.16207, 44.75275]], [[5.16334, 44.75295], [5.16397, 44.75294], [5.16398, 44.75317], [5.16335, 44.75318], [5.16334, 44.75295]], [[5.16712, 44.75265], [5.16713, 44.75288], [5.1668, 44.75266], [5.16712, 44.75265]], [[5.16648, 44.75244], [5.16679, 44.75243], [5.1668, 44.75266], [5.16648, 44.75244]], [[5.1709, 44.75235], [5.17091, 44.75258], [5.17058, 44.75236], [5.1709, 44.75235]], [[5.16363, 44.75227], [5.16426, 44.75226], [5.16427, 44.75248], [5.16364, 44.7525], [5.16363, 44.75227]], [[5.16141, 44.75209], [5.16204, 44.75208], [5.16205, 44.7523], [5.16142, 44.75231], [5.16141, 44.75209]], [[5.16645, 44.75177], [5.16646, 44.75199], [5.16614, 44.75177], [5.16645, 44.75177]], [[5.1636, 44.7516], [5.16423, 44.75158], [5.16424, 44.75181], [5.16361, 44.75182], [5.1636, 44.7516]], [[5.16138, 44.75141], [5.16233, 44.7514], [5.16234, 44.75162], [5.16139, 44.75164], [5.16138, 44.75141]], [[5.16389, 44.75092], [5.16421, 44.75091], [5.16422, 44.75136], [5.16359, 44.75137], [5.16389, 44.75092]], [[5.15441, 44.75087], [5.15442, 44.7511], [5.15409, 44.75088], [5.15441, 44.75087]], [[5.15377, 44.75066], [5.15409, 44.75066], [5.15409, 44.75088], [5.15377, 44.75066]], [[5.15408, 44.75043], [5.15471, 44.75042], [5.15472, 44.75064], [5.15409, 44.75066], [5.15408, 44.75043]], [[5.15755, 44.75036], [5.15786, 44.75013], [5.15788, 44.75058], [5.1563, 44.75061], [5.15568, 44.75108], [5.15535, 44.75063], [5.15566, 44.7504], [5.15755, 44.75036]], [[5.15784, 44.74968], [5.15847, 44.74967], [5.15817, 44.75013], [5.15786, 44.75013], [5.15784, 44.74968]], [[5.15281, 44.75046], [5.15249, 44.75024], [5.15281, 44.75023], [5.15281, 44.75046]], [[5.15278, 44.74956], [5.15182, 44.74935], [5.15153, 44.75003], [5.15091, 44.75027], [5.15118, 44.74914], [5.1518, 44.74867], [5.15275, 44.74888], [5.15306, 44.74865], [5.15312, 44.75022], [5.15281, 44.75023], [5.15278, 44.74956]], [[5.16133, 44.75006], [5.16039, 44.75031], [5.16005, 44.74964], [5.16066, 44.74918], [5.16069, 44.74985], [5.16132, 44.74984], [5.16133, 44.75006]], [[5.1613, 44.74939], [5.16162, 44.74938], [5.16164, 44.74983], [5.16132, 44.74984], [5.1613, 44.74939]], [[5.1626, 44.75027], [5.16229, 44.75027], [5.16227, 44.74982], [5.16259, 44.74982], [5.1626, 44.75027]], [[5.16257, 44.74937], [5.1632, 44.74935], [5.1629, 44.74981], [5.16259, 44.74982], [5.16257, 44.74937]], [[5.15059, 44.75005], [5.1506, 44.75027], [5.15027, 44.75005], [5.15059, 44.75005]], [[5.15943, 44.74988], [5.15944, 44.7501], [5.15911, 44.74988], [5.15943, 44.74988]], [[5.14995, 44.74984], [5.14996, 44.75006], [5.14963, 44.74984], [5.14995, 44.74984]], [[5.15752, 44.74969], [5.15753, 44.74991], [5.15721, 44.74969], [5.15752, 44.74969]], [[5.15057, 44.7496], [5.15058, 44.74982], [5.15025, 44.7496], [5.15057, 44.7496]], [[5.15499, 44.74951], [5.155, 44.74974], [5.15467, 44.74952], [5.15499, 44.74951]], [[5.15088, 44.74937], [5.15089, 44.74959], [5.15056, 44.74937], [5.15088, 44.74937]], [[5.15972, 44.7492], [5.15973, 44.74942], [5.1594, 44.7492], [5.15972, 44.7492]], [[5.16225, 44.74937], [5.16193, 44.74915], [5.16224, 44.74915], [5.16225, 44.74937]], [[5.16223, 44.74892], [5.16287, 44.74891], [5.16287, 44.74913], [5.16224, 44.74915], [5.16223, 44.74892]], [[5.16351, 44.74912], [5.16352, 44.74935], [5.16319, 44.74913], [5.16351, 44.74912]], [[5.16128, 44.74871], [5.16129, 44.74894], [5.16096, 44.74872], [5.16128, 44.74871]], [[5.15559, 44.7486], [5.1556, 44.74883], [5.15527, 44.74861], [5.15559, 44.7486]], [[5.15685, 44.74858], [5.15686, 44.7488], [5.15653, 44.74858], [5.15685, 44.74858]], [[5.16064, 44.7485], [5.16065, 44.74873], [5.16032, 44.74851], [5.16064, 44.7485]], [[5.16, 44.74829], [5.16031, 44.74828], [5.16032, 44.74851], [5.16, 44.74829]], [[5.15967, 44.74807], [5.15999, 44.74806], [5.16, 44.74829], [5.15967, 44.74807]], [[5.15242, 44.74844], [5.15243, 44.74866], [5.15211, 44.74844], [5.15242, 44.74844]], [[5.15906, 44.74853], [5.15904, 44.74808], [5.15746, 44.74811], [5.15746, 44.74789], [5.15809, 44.74788], [5.15775, 44.74743], [5.15839, 44.74742], [5.1584, 44.74787], [5.15903, 44.74763], [5.15935, 44.74785], [5.15938, 44.74853], [5.15906, 44.74853]], [[5.15713, 44.74767], [5.15745, 44.74766], [5.15746, 44.74789], [5.15713, 44.74767]], [[5.15492, 44.74771], [5.15491, 44.74749], [5.15712, 44.74744], [5.15713, 44.74767], [5.15492, 44.74771]], [[5.15932, 44.74718], [5.15806, 44.7472], [5.15836, 44.74675], [5.15995, 44.74694], [5.15966, 44.74762], [5.15998, 44.74784], [5.15935, 44.74785], [5.15932, 44.74718]], [[5.15304, 44.7482], [5.15305, 44.74842], [5.15273, 44.74821], [5.15304, 44.7482]], [[5.15368, 44.74819], [5.15368, 44.74841], [5.15336, 44.74819], [5.15368, 44.74819]], [[5.16188, 44.74803], [5.16283, 44.74801], [5.16284, 44.74823], [5.16189, 44.74825], [5.16188, 44.74803]], [[5.1486, 44.74761], [5.14891, 44.7476], [5.14894, 44.74828], [5.14862, 44.74829], [5.1486, 44.74761]], [[5.1543, 44.74795], [5.15431, 44.74818], [5.15398, 44.74796], [5.1543, 44.74795]], [[5.15461, 44.74772], [5.15461, 44.74794], [5.15429, 44.74773], [5.15461, 44.74772]], [[5.16187, 44.74758], [5.1625, 44.74757], [5.16251, 44.74779], [5.16188, 44.7478], [5.16187, 44.74758]], [[5.16028, 44.74738], [5.16029, 44.74761], [5.15996, 44.74739], [5.16028, 44.74738]], [[5.14922, 44.74737], [5.14923, 44.7476], [5.14891, 44.74738], [5.14922, 44.74737]], [[5.15396, 44.74728], [5.15397, 44.74751], [5.15364, 44.74729], [5.15396, 44.74728]], [[5.14953, 44.74714], [5.14954, 44.74737], [5.14921, 44.74715], [5.14953, 44.74714]], [[5.15583, 44.74679], [5.15647, 44.74678], [5.15617, 44.74724], [5.15585, 44.74724], [5.15583, 44.74679]], [[5.14984, 44.74691], [5.14984, 44.74714], [5.14952, 44.74692], [5.14984, 44.74691]], [[5.15804, 44.74653], [5.15774, 44.74698], [5.15742, 44.74699], [5.1574, 44.74654], [5.15804, 44.74653]], [[5.15708, 44.74632], [5.1574, 44.74631], [5.1574, 44.74654], [5.15708, 44.74632]], [[5.15991, 44.74604], [5.1599, 44.74581], [5.15896, 44.74583], [5.1593, 44.7465], [5.15867, 44.74651], [5.15833, 44.74607], [5.15865, 44.74606], [5.15892, 44.74493], [5.15924, 44.74493], [5.16054, 44.7458], [5.15991, 44.74604]], [[5.1586, 44.74471], [5.15891, 44.74471], [5.15892, 44.74493], [5.1586, 44.74471]], [[5.15992, 44.74626], [5.15993, 44.74649], [5.15961, 44.74627], [5.15992, 44.74626]], [[5.16024, 44.74626], [5.16087, 44.74625], [5.16088, 44.74647], [5.16025, 44.74648], [5.16024, 44.74626]], [[5.1615, 44.74623], [5.16151, 44.74646], [5.16118, 44.74624], [5.1615, 44.74623]], [[5.16242, 44.74554], [5.16243, 44.74577], [5.16211, 44.74555], [5.16242, 44.74554]], [[5.15831, 44.7454], [5.15832, 44.74562], [5.15799, 44.7454], [5.15831, 44.7454]], [[5.15258, 44.74438], [5.15259, 44.74461], [5.15227, 44.74439], [5.15258, 44.74438]], [[5.15252, 44.74281], [5.15284, 44.7428], [5.15318, 44.74347], [5.15255, 44.74348], [5.15252, 44.74281]]], [[[5.23379, 44.83374], [5.23353, 44.83355], [5.23354, 44.83375], [5.23379, 44.83374]]]]}}, {"type": "Feature", "properties": {"type": "pente", "ha": 445.4}, "geometry": {"type": "Polygon", "coordinates": [[[5.10649, 44.7876], [5.1068, 44.78737], [5.10677, 44.78647], [5.10614, 44.78648], [5.10643, 44.7858], [5.1061, 44.78558], [5.10673, 44.78557], [5.10708, 44.78646], [5.1074, 44.78645], [5.10777, 44.78802], [5.10841, 44.78801], [5.10902, 44.78755], [5.109, 44.78687], [5.10868, 44.78688], [5.10832, 44.78576], [5.10958, 44.78551], [5.10957, 44.78529], [5.11052, 44.78527], [5.11085, 44.78571], [5.11022, 44.78572], [5.11023, 44.78595], [5.11117, 44.78593], [5.11147, 44.78548], [5.11116, 44.78548], [5.11114, 44.78503], [5.11146, 44.78503], [5.11146, 44.78525], [5.11178, 44.78524], [5.11179, 44.78547], [5.11211, 44.78546], [5.11272, 44.785], [5.11367, 44.78498], [5.11396, 44.7843], [5.11459, 44.78429], [5.11456, 44.78339], [5.11487, 44.78338], [5.11485, 44.78271], [5.11516, 44.7827], [5.11512, 44.78158], [5.1148, 44.78158], [5.11484, 44.78248], [5.11422, 44.78295], [5.11424, 44.7834], [5.11362, 44.78363], [5.11363, 44.78408], [5.11238, 44.78433], [5.11209, 44.78501], [5.11047, 44.78392], [5.10952, 44.78394], [5.10951, 44.78371], [5.10888, 44.78372], [5.1089, 44.78417], [5.11048, 44.78437], [5.11049, 44.78459], [5.10764, 44.78442], [5.10762, 44.78397], [5.10667, 44.78377], [5.10666, 44.78354], [5.10572, 44.78378], [5.10539, 44.78334], [5.1057, 44.78333], [5.10569, 44.78288], [5.1041, 44.78269], [5.10286, 44.78339], [5.10315, 44.78271], [5.10378, 44.78269], [5.1044, 44.78223], [5.10439, 44.78201], [5.10376, 44.78202], [5.10437, 44.78156], [5.10402, 44.78066], [5.10465, 44.78065], [5.10468, 44.78133], [5.10565, 44.78198], [5.10628, 44.78197], [5.10594, 44.7813], [5.10531, 44.78131], [5.10529, 44.78086], [5.10593, 44.78108], [5.10558, 44.77996], [5.10588, 44.77973], [5.10653, 44.78017], [5.10678, 44.77836], [5.10804, 44.77811], [5.1077, 44.77767], [5.10832, 44.7772], [5.108, 44.77721], [5.10797, 44.77631], [5.1086, 44.7763], [5.10889, 44.77562], [5.11015, 44.77537], [5.11048, 44.77581], [5.11016, 44.77582], [5.11018, 44.77627], [5.11115, 44.77693], [5.11178, 44.77691], [5.11178, 44.77669], [5.11209, 44.77668], [5.11243, 44.77735], [5.114, 44.7771], [5.11365, 44.77598], [5.11396, 44.77597], [5.11398, 44.77642], [5.11462, 44.77663], [5.11496, 44.7773], [5.11591, 44.77729], [5.11523, 44.77617], [5.11555, 44.77617], [5.11553, 44.77572], [5.11617, 44.77593], [5.11679, 44.77547], [5.11677, 44.77502], [5.11613, 44.7748], [5.1161, 44.77413], [5.11579, 44.77414], [5.11488, 44.77505], [5.11424, 44.77507], [5.11419, 44.77372], [5.11388, 44.77372], [5.11352, 44.7726], [5.11478, 44.77258], [5.11417, 44.77304], [5.11543, 44.77302], [5.11544, 44.77324], [5.11704, 44.77366], [5.11674, 44.77412], [5.11832, 44.77431], [5.11861, 44.77363], [5.11766, 44.77342], [5.11765, 44.7732], [5.1186, 44.77318], [5.11892, 44.7734], [5.11891, 44.77295], [5.11793, 44.77229], [5.11951, 44.77226], [5.12013, 44.7718], [5.12076, 44.77179], [5.12074, 44.77134], [5.12136, 44.7711], [5.12101, 44.77021], [5.12199, 44.77086], [5.12195, 44.76996], [5.121, 44.76976], [5.1213, 44.7693], [5.12034, 44.76909], [5.12032, 44.76864], [5.1216, 44.76885], [5.12094, 44.76818], [5.12031, 44.76842], [5.11998, 44.76798], [5.11903, 44.76799], [5.11905, 44.76844], [5.1181, 44.76846], [5.11781, 44.76892], [5.11908, 44.76912], [5.11944, 44.77024], [5.11759, 44.77162], [5.11411, 44.77147], [5.11445, 44.77213], [5.11289, 44.77261], [5.11291, 44.77329], [5.11259, 44.77307], [5.11101, 44.7731], [5.11065, 44.77198], [5.11033, 44.77199], [5.11036, 44.77266], [5.11068, 44.77266], [5.11069, 44.77311], [5.10974, 44.7729], [5.10972, 44.77245], [5.10909, 44.77246], [5.10907, 44.77201], [5.10844, 44.77202], [5.10846, 44.77247], [5.10782, 44.77226], [5.1078, 44.77181], [5.10875, 44.77179], [5.10873, 44.77134], [5.10936, 44.77133], [5.10934, 44.77088], [5.10872, 44.77112], [5.1087, 44.77067], [5.10839, 44.77067], [5.10865, 44.76932], [5.10834, 44.76932], [5.10798, 44.7682], [5.10861, 44.76819], [5.10865, 44.76909], [5.10959, 44.76907], [5.10931, 44.76998], [5.11059, 44.77041], [5.10992, 44.76929], [5.11053, 44.76883], [5.10926, 44.76863], [5.10955, 44.76795], [5.10924, 44.76796], [5.10919, 44.76683], [5.1095, 44.7666], [5.10918, 44.76661], [5.10882, 44.76526], [5.10946, 44.76547], [5.10976, 44.76502], [5.10722, 44.76484], [5.10724, 44.76529], [5.10787, 44.76528], [5.10788, 44.7655], [5.10662, 44.76553], [5.10691, 44.76507], [5.10627, 44.76486], [5.10626, 44.76441], [5.10753, 44.76461], [5.10752, 44.76439], [5.10498, 44.76398], [5.10497, 44.76376], [5.1056, 44.76375], [5.10558, 44.7633], [5.10495, 44.76331], [5.10494, 44.76308], [5.10558, 44.76307], [5.10557, 44.76285], [5.10397, 44.76243], [5.10396, 44.7622], [5.10459, 44.76219], [5.10492, 44.76241], [5.1049, 44.76196], [5.10363, 44.76176], [5.10362, 44.76153], [5.10425, 44.76152], [5.10424, 44.76107], [5.10266, 44.7611], [5.10232, 44.76066], [5.10454, 44.76084], [5.10484, 44.76038], [5.10326, 44.76041], [5.10323, 44.75951], [5.10164, 44.75932], [5.10128, 44.75797], [5.10096, 44.75798], [5.10126, 44.75752], [5.10062, 44.75731], [5.10059, 44.75664], [5.09995, 44.75642], [5.09993, 44.75575], [5.09961, 44.75575], [5.0999, 44.75507], [5.09958, 44.75485], [5.10021, 44.75484], [5.10019, 44.75439], [5.09862, 44.75442], [5.09769, 44.75512], [5.09705, 44.7549], [5.09675, 44.75513], [5.09679, 44.75626], [5.09584, 44.75628], [5.09585, 44.7565], [5.09489, 44.75629], [5.09489, 44.75607], [5.09394, 44.75609], [5.09357, 44.75474], [5.09294, 44.75476], [5.09364, 44.75654], [5.09395, 44.75654], [5.09396, 44.75676], [5.09333, 44.75677], [5.09335, 44.75722], [5.09432, 44.75788], [5.09435, 44.75878], [5.09467, 44.75878], [5.09503, 44.75989], [5.09377, 44.76014], [5.09254, 44.76107], [5.09221, 44.76062], [5.09252, 44.76039], [5.09125, 44.76019], [5.09123, 44.75974], [5.09091, 44.75975], [5.09089, 44.75907], [5.09151, 44.75883], [5.0915, 44.75838], [5.09306, 44.75791], [5.09304, 44.75746], [5.09239, 44.75702], [5.09264, 44.75521], [5.09202, 44.75545], [5.09204, 44.75612], [5.09173, 44.75613], [5.09169, 44.755], [5.09199, 44.75477], [5.09136, 44.75478], [5.09132, 44.75366], [5.09068, 44.75345], [5.09061, 44.75165], [5.09124, 44.75164], [5.09123, 44.75119], [5.09186, 44.75117], [5.09184, 44.75072], [5.0909, 44.75097], [5.09058, 44.75075], [5.09054, 44.74962], [5.09085, 44.74939], [5.09052, 44.74917], [5.09084, 44.74917], [5.0908, 44.74827], [5.09176, 44.74847], [5.09205, 44.74779], [5.09359, 44.74686], [5.09295, 44.74642], [5.09358, 44.74641], [5.09481, 44.74549], [5.09442, 44.74347], [5.09312, 44.74259], [5.09374, 44.74236], [5.09341, 44.74191], [5.09436, 44.74189], [5.09464, 44.74099], [5.094, 44.74078], [5.09427, 44.73964], [5.09396, 44.73965], [5.09362, 44.73898], [5.0933, 44.73899], [5.09335, 44.74034], [5.09304, 44.74034], [5.09276, 44.74147], [5.09245, 44.74148], [5.09211, 44.74081], [5.09085, 44.74106], [5.09053, 44.74084], [5.0908, 44.73971], [5.09048, 44.73949], [5.0914, 44.7388], [5.09166, 44.73744], [5.09135, 44.73745], [5.091, 44.73655], [5.09037, 44.73657], [5.08996, 44.7341], [5.09122, 44.73385], [5.09088, 44.7334], [5.0912, 44.7334], [5.09118, 44.73295], [5.09087, 44.73295], [5.09052, 44.73206], [5.09083, 44.73205], [5.09081, 44.73138], [5.09176, 44.73159], [5.09142, 44.73092], [5.09174, 44.73091], [5.09169, 44.72956], [5.09136, 44.72934], [5.09168, 44.72934], [5.09165, 44.72866], [5.09133, 44.72844], [5.09164, 44.72821], [5.09067, 44.72755], [5.09067, 44.72778], [5.09004, 44.72779], [5.09038, 44.72846], [5.09008, 44.72869], [5.08912, 44.72848], [5.08941, 44.7278], [5.0891, 44.72781], [5.08908, 44.72736], [5.08972, 44.72757], [5.0897, 44.72712], [5.09033, 44.72711], [5.09066, 44.72733], [5.09063, 44.72665], [5.09032, 44.72666], [5.09029, 44.72599], [5.08966, 44.726], [5.08994, 44.72509], [5.08963, 44.7251], [5.08961, 44.72465], [5.08866, 44.72467], [5.08865, 44.72422], [5.08928, 44.7242], [5.08926, 44.72375], [5.08895, 44.72376], [5.08891, 44.72286], [5.0886, 44.72287], [5.08821, 44.72085], [5.08885, 44.72106], [5.0888, 44.71971], [5.08847, 44.71949], [5.08942, 44.71947], [5.08941, 44.71925], [5.08814, 44.71905], [5.0884, 44.71747], [5.08776, 44.71725], [5.08766, 44.71695], [5.08729, 44.71723], [5.08619, 44.71745], [5.08621, 44.71818], [5.08622, 44.71841], [5.08654, 44.7184], [5.08656, 44.71908], [5.08657, 44.7193], [5.08689, 44.7193], [5.08692, 44.7202], [5.08723, 44.72019], [5.08738, 44.72424], [5.08676, 44.72448], [5.08676, 44.72439], [5.08616, 44.72516], [5.08619, 44.72629], [5.08621, 44.72674], [5.08588, 44.72674], [5.08588, 44.72707], [5.08561, 44.7272], [5.08591, 44.72719], [5.08596, 44.72832], [5.08628, 44.72854], [5.08597, 44.72877], [5.08598, 44.72899], [5.08599, 44.72922], [5.08632, 44.72944], [5.08663, 44.72943], [5.08664, 44.72965], [5.08698, 44.72988], [5.08728, 44.72987], [5.08733, 44.73122], [5.0872, 44.73114], [5.0867, 44.73134], [5.08675, 44.73303], [5.08678, 44.73348], [5.0871, 44.73348], [5.08716, 44.73528], [5.08749, 44.73549], [5.08717, 44.7355], [5.08728, 44.73843], [5.08792, 44.73864], [5.08794, 44.73931], [5.08732, 44.73955], [5.08768, 44.74067], [5.08705, 44.74091], [5.08703, 44.74023], [5.08644, 44.74004], [5.08608, 44.74025], [5.0864, 44.74024], [5.08646, 44.74182], [5.08553, 44.74251], [5.08528, 44.74409], [5.0844, 44.74411], [5.08434, 44.74434], [5.0842, 44.74424], [5.08402, 44.74436], [5.08404, 44.74479], [5.08372, 44.7448], [5.08375, 44.74547], [5.08313, 44.74571], [5.08289, 44.74796], [5.08321, 44.74796], [5.08327, 44.74953], [5.08424, 44.75019], [5.08487, 44.75018], [5.0849, 44.75085], [5.08459, 44.75108], [5.08586, 44.75129], [5.08585, 44.75106], [5.0868, 44.75104], [5.08682, 44.75172], [5.08619, 44.75173], [5.08595, 44.75376], [5.08564, 44.75377], [5.08544, 44.75692], [5.08575, 44.75692], [5.08579, 44.75804], [5.08548, 44.75805], [5.08571, 44.75864], [5.0866, 44.75873], [5.08718, 44.75896], [5.08739, 44.75846], [5.08771, 44.75846], [5.08738, 44.75824], [5.08734, 44.75711], [5.08766, 44.75711], [5.08795, 44.75643], [5.08859, 44.75664], [5.08857, 44.75619], [5.08889, 44.75618], [5.08923, 44.75685], [5.08829, 44.75709], [5.08803, 44.75868], [5.08771, 44.75868], [5.08773, 44.75913], [5.08759, 44.75913], [5.08832, 44.75952], [5.08869, 44.75934], [5.08967, 44.76022], [5.08937, 44.76068], [5.09031, 44.76043], [5.09098, 44.76155], [5.09161, 44.76153], [5.09132, 44.76222], [5.09226, 44.76197], [5.09224, 44.76152], [5.09288, 44.76151], [5.09323, 44.76241], [5.09386, 44.76239], [5.09388, 44.76307], [5.09451, 44.76306], [5.09422, 44.76374], [5.09455, 44.76396], [5.09424, 44.76396], [5.09472, 44.76399], [5.0952, 44.76439], [5.09629, 44.7644], [5.09711, 44.76499], [5.09711, 44.76481], [5.09742, 44.7648], [5.09744, 44.76525], [5.09712, 44.76526], [5.09716, 44.76616], [5.09701, 44.76606], [5.09684, 44.76616], [5.09694, 44.76886], [5.09663, 44.76887], [5.09663, 44.7691], [5.09695, 44.76909], [5.09697, 44.76954], [5.09665, 44.76955], [5.09666, 44.76977], [5.09667, 44.77], [5.09651, 44.76989], [5.09635, 44.77], [5.09632, 44.77158], [5.09636, 44.77023], [5.09668, 44.77022], [5.0965, 44.77383], [5.09627, 44.77383], [5.09631, 44.77721], [5.09599, 44.77721], [5.096, 44.77744], [5.09631, 44.77743], [5.09642, 44.78036], [5.09674, 44.78035], [5.09675, 44.78078], [5.09707, 44.7808], [5.09712, 44.78215], [5.09744, 44.78214], [5.09745, 44.78259], [5.09712, 44.78244], [5.09714, 44.78282], [5.09746, 44.78281], [5.09736, 44.78298], [5.09795, 44.78277], [5.09856, 44.78282], [5.09938, 44.78323], [5.10001, 44.78322], [5.10028, 44.78299], [5.10164, 44.78296], [5.10222, 44.78329], [5.10222, 44.78317], [5.10253, 44.78317], [5.10255, 44.78347], [5.10351, 44.78383], [5.10349, 44.78338], [5.10604, 44.784], [5.10702, 44.78466], [5.10703, 44.78511], [5.10545, 44.78514], [5.10513, 44.78492], [5.10482, 44.78515], [5.10483, 44.78538], [5.10546, 44.78536], [5.10548, 44.78581], [5.1042, 44.78569], [5.10422, 44.78606], [5.10456, 44.78628], [5.10518, 44.78627], [5.10553, 44.78716], [5.10459, 44.78741], [5.10462, 44.78827], [5.10495, 44.78846], [5.10491, 44.78763], [5.10649, 44.7876]], [[5.10924, 44.78507], [5.10956, 44.78506], [5.10957, 44.78529], [5.10924, 44.78507]], [[5.10988, 44.78506], [5.10987, 44.78483], [5.11113, 44.78481], [5.11114, 44.78503], [5.10988, 44.78506]], [[5.10765, 44.78465], [5.10732, 44.78443], [5.10764, 44.78442], [5.10765, 44.78465]], [[5.107, 44.78421], [5.10732, 44.7842], [5.10732, 44.78443], [5.107, 44.78421]], [[5.11145, 44.77647], [5.11177, 44.77646], [5.11178, 44.77669], [5.11145, 44.77647]], [[5.11733, 44.77298], [5.11764, 44.77297], [5.11765, 44.7732], [5.11733, 44.77298]], [[5.10877, 44.77247], [5.10879, 44.77292], [5.10847, 44.77292], [5.10846, 44.77247], [5.10877, 44.77247]], [[5.09178, 44.75748], [5.09115, 44.75772], [5.09112, 44.75682], [5.09144, 44.75681], [5.09141, 44.75613], [5.09173, 44.75613], [5.09178, 44.75748]], [[5.08647, 44.72516], [5.08648, 44.72538], [5.08616, 44.72516], [5.08647, 44.72516]], [[5.0863, 44.72899], [5.08631, 44.72921], [5.08598, 44.72899], [5.0863, 44.72899]], [[5.08559, 44.74409], [5.0856, 44.74431], [5.08528, 44.74409], [5.08559, 44.74409]], [[5.08623, 44.7443], [5.08624, 44.74452], [5.08687, 44.74451], [5.08688, 44.74474], [5.08783, 44.74472], [5.08784, 44.74517], [5.0869, 44.74519], [5.08657, 44.74474], [5.08562, 44.74476], [5.0856, 44.74431], [5.08623, 44.7443]], [[5.08714, 44.75171], [5.08716, 44.75216], [5.08684, 44.75217], [5.08682, 44.75172], [5.08714, 44.75171]], [[5.10735, 44.7851], [5.10736, 44.78533], [5.10703, 44.78511], [5.10735, 44.7851]], [[5.10767, 44.78532], [5.10768, 44.78555], [5.108, 44.78554], [5.10802, 44.78622], [5.10771, 44.78622], [5.10736, 44.78533], [5.10767, 44.78532]], [[5.10829, 44.78486], [5.10892, 44.78485], [5.10893, 44.78507], [5.1083, 44.78509], [5.10829, 44.78486]], [[5.10635, 44.78377], [5.10636, 44.784], [5.10603, 44.78378], [5.10635, 44.78377]], [[5.10411, 44.78314], [5.10475, 44.78313], [5.10475, 44.78335], [5.10412, 44.78336], [5.10411, 44.78314]], [[5.1022, 44.78272], [5.10221, 44.78295], [5.10189, 44.78273], [5.1022, 44.78272]], [[5.10156, 44.78251], [5.10157, 44.78274], [5.10125, 44.78252], [5.10156, 44.78251]], [[5.1028, 44.78181], [5.10343, 44.7818], [5.10376, 44.78224], [5.10314, 44.78248], [5.1028, 44.78181]], [[5.09861, 44.77964], [5.09829, 44.77965], [5.09824, 44.7783], [5.09793, 44.7783], [5.09813, 44.77537], [5.09845, 44.77537], [5.09823, 44.77785], [5.09854, 44.77784], [5.09858, 44.77897], [5.0989, 44.77896], [5.09897, 44.78076], [5.09928, 44.78075], [5.0993, 44.7812], [5.09993, 44.78119], [5.09996, 44.78187], [5.09871, 44.78234], [5.09833, 44.78055], [5.09864, 44.78054], [5.09861, 44.77964]], [[5.09896, 44.77198], [5.09927, 44.77197], [5.09905, 44.77445], [5.09873, 44.77446], [5.09877, 44.77536], [5.09845, 44.77537], [5.09896, 44.77198]], [[5.09924, 44.77107], [5.09955, 44.77107], [5.09959, 44.77197], [5.09927, 44.77197], [5.09924, 44.77107]], [[5.09951, 44.76994], [5.09983, 44.76994], [5.09987, 44.77106], [5.09955, 44.77107], [5.09951, 44.76994]], [[5.10249, 44.78204], [5.1025, 44.78227], [5.10218, 44.78205], [5.10249, 44.78204]], [[5.09959, 44.78052], [5.09991, 44.78052], [5.09992, 44.78097], [5.09961, 44.78097], [5.09959, 44.78052]], [[5.09797, 44.77943], [5.098, 44.78033], [5.09735, 44.77989], [5.09797, 44.77943]], [[5.10053, 44.78028], [5.10021, 44.78029], [5.1002, 44.77984], [5.10051, 44.77983], [5.10053, 44.78028]], [[5.10049, 44.77915], [5.1008, 44.77915], [5.10083, 44.77982], [5.10051, 44.77983], [5.10049, 44.77915]], [[5.10523, 44.77929], [5.10555, 44.77928], [5.10557, 44.77973], [5.10525, 44.77974], [5.10523, 44.77929]], [[5.10111, 44.77892], [5.10112, 44.77914], [5.10079, 44.77892], [5.10111, 44.77892]], [[5.10142, 44.77869], [5.10143, 44.77891], [5.1011, 44.77869], [5.10142, 44.77869]], [[5.10138, 44.77779], [5.10075, 44.7778], [5.10074, 44.77735], [5.10261, 44.77686], [5.10232, 44.77754], [5.1017, 44.77778], [5.10172, 44.77823], [5.1014, 44.77824], [5.10138, 44.77779]], [[5.1026, 44.77641], [5.10291, 44.77641], [5.10293, 44.77686], [5.10261, 44.77686], [5.1026, 44.77641]], [[5.10707, 44.77768], [5.10708, 44.7779], [5.10675, 44.77768], [5.10707, 44.77768]], [[5.10039, 44.77645], [5.10133, 44.77621], [5.10135, 44.77689], [5.10041, 44.77713], [5.10039, 44.77645]], [[5.11324, 44.77373], [5.11329, 44.77486], [5.11393, 44.77507], [5.11394, 44.77552], [5.113, 44.77554], [5.11301, 44.77599], [5.1127, 44.776], [5.11336, 44.77688], [5.11242, 44.7769], [5.11175, 44.77601], [5.11112, 44.77603], [5.11142, 44.77557], [5.11045, 44.77514], [5.11074, 44.77446], [5.10947, 44.77426], [5.10948, 44.77448], [5.10885, 44.77449], [5.10819, 44.77383], [5.10978, 44.77402], [5.10945, 44.77358], [5.11292, 44.77351], [5.11324, 44.77373]], [[5.1108, 44.77603], [5.11081, 44.77626], [5.11049, 44.77604], [5.1108, 44.77603]], [[5.10162, 44.77576], [5.10194, 44.77575], [5.10196, 44.7762], [5.10164, 44.77621], [5.10162, 44.77576]], [[5.10321, 44.77595], [5.10322, 44.77618], [5.1029, 44.77596], [5.10321, 44.77595]], [[5.10794, 44.77564], [5.10826, 44.77563], [5.10828, 44.77608], [5.10764, 44.77609], [5.10794, 44.77564]], [[5.10036, 44.77578], [5.10099, 44.77577], [5.101, 44.77599], [5.10037, 44.776], [5.10036, 44.77578]], [[5.10225, 44.77552], [5.10226, 44.77574], [5.10193, 44.77552], [5.10225, 44.77552]], [[5.11519, 44.77505], [5.11581, 44.77481], [5.11583, 44.77526], [5.11521, 44.7755], [5.11519, 44.77505]], [[5.1035, 44.77527], [5.10351, 44.77549], [5.10319, 44.77528], [5.1035, 44.77527]], [[5.10793, 44.77519], [5.10793, 44.77541], [5.10761, 44.77519], [5.10793, 44.77519]], [[5.10348, 44.77459], [5.10379, 44.77459], [5.10381, 44.77504], [5.10349, 44.77504], [5.10348, 44.77459]], [[5.10881, 44.77337], [5.10912, 44.77336], [5.10914, 44.77381], [5.10882, 44.77382], [5.10881, 44.77337]], [[5.10374, 44.77301], [5.10374, 44.77324], [5.10342, 44.77302], [5.10374, 44.77301]], [[5.11637, 44.77277], [5.117, 44.77276], [5.11701, 44.77299], [5.11638, 44.773], [5.11637, 44.77277]], [[5.11541, 44.77257], [5.11605, 44.77255], [5.11605, 44.77278], [5.11542, 44.77279], [5.11541, 44.77257]], [[5.11794, 44.77252], [5.11795, 44.77274], [5.11762, 44.77252], [5.11794, 44.77252]], [[5.11731, 44.77253], [5.11729, 44.77208], [5.11761, 44.77207], [5.11762, 44.77252], [5.11731, 44.77253]], [[5.10403, 44.77256], [5.10404, 44.77278], [5.10372, 44.77256], [5.10403, 44.77256]], [[5.11792, 44.77184], [5.11792, 44.77207], [5.1176, 44.77185], [5.11792, 44.77184]], [[5.1198, 44.77158], [5.11948, 44.77136], [5.11979, 44.77136], [5.1198, 44.77158]], [[5.11978, 44.77113], [5.12042, 44.77112], [5.12043, 44.77134], [5.11979, 44.77136], [5.11978, 44.77113]], [[5.11945, 44.77069], [5.11946, 44.77091], [5.11914, 44.77069], [5.11945, 44.77069]], [[5.11976, 44.77046], [5.11977, 44.77068], [5.11944, 44.77046], [5.11976, 44.77046]], [[5.10358, 44.76874], [5.10389, 44.76873], [5.10394, 44.77008], [5.10363, 44.77009], [5.10358, 44.76874]], [[5.09917, 44.76927], [5.09949, 44.76927], [5.0995, 44.76972], [5.09919, 44.76972], [5.09917, 44.76927]], [[5.09944, 44.76792], [5.09912, 44.76792], [5.09916, 44.76905], [5.09885, 44.76905], [5.0985, 44.76838], [5.09882, 44.76838], [5.09879, 44.76748], [5.0991, 44.76747], [5.09944, 44.76792]], [[5.10323, 44.76807], [5.10355, 44.76806], [5.10357, 44.76851], [5.10325, 44.76852], [5.10323, 44.76807]], [[5.10761, 44.76686], [5.10763, 44.76731], [5.10701, 44.76755], [5.10636, 44.76711], [5.10634, 44.76666], [5.10761, 44.76686]], [[5.09941, 44.76724], [5.09909, 44.76725], [5.09905, 44.76612], [5.09937, 44.76612], [5.09941, 44.76724]], [[5.09894, 44.7632], [5.09926, 44.76319], [5.09927, 44.76342], [5.09958, 44.76341], [5.10081, 44.76249], [5.10083, 44.76294], [5.0996, 44.76386], [5.09968, 44.76611], [5.09937, 44.76612], [5.09894, 44.7632]], [[5.09863, 44.7632], [5.09828, 44.76231], [5.09893, 44.76275], [5.09894, 44.7632], [5.09863, 44.7632]], [[5.10286, 44.7665], [5.10287, 44.76673], [5.10254, 44.76651], [5.10286, 44.7665]], [[5.1022, 44.76584], [5.10252, 44.76583], [5.10254, 44.76628], [5.10222, 44.76629], [5.1022, 44.76584]], [[5.10663, 44.76598], [5.10664, 44.7662], [5.10632, 44.76598], [5.10663, 44.76598]], [[5.1018, 44.76359], [5.10212, 44.76359], [5.10214, 44.76426], [5.10183, 44.76427], [5.1018, 44.76359]], [[5.10367, 44.76288], [5.10431, 44.7631], [5.10432, 44.76332], [5.10369, 44.76333], [5.10367, 44.76288]], [[5.09673, 44.76324], [5.09641, 44.76302], [5.09672, 44.76301], [5.09673, 44.76324]], [[5.0967, 44.76234], [5.09701, 44.76233], [5.09704, 44.76301], [5.09672, 44.76301], [5.0967, 44.76234]], [[5.097, 44.76188], [5.09731, 44.76188], [5.09733, 44.76233], [5.09701, 44.76233], [5.097, 44.76188]], [[5.09956, 44.76274], [5.09957, 44.76296], [5.09924, 44.76274], [5.09956, 44.76274]], [[5.09449, 44.76238], [5.0945, 44.76261], [5.09417, 44.76239], [5.09449, 44.76238]], [[5.10111, 44.76203], [5.10207, 44.76224], [5.10208, 44.76246], [5.10113, 44.76248], [5.10111, 44.76203]], [[5.09985, 44.76205], [5.09986, 44.76228], [5.09953, 44.76206], [5.09985, 44.76205]], [[5.09415, 44.76171], [5.09416, 44.76216], [5.09385, 44.76217], [5.09383, 44.76172], [5.09415, 44.76171]], [[5.09351, 44.7615], [5.09382, 44.76149], [5.09383, 44.76172], [5.09351, 44.7615]], [[5.09318, 44.76128], [5.0935, 44.76127], [5.09351, 44.7615], [5.09318, 44.76128]], [[5.10016, 44.76182], [5.10016, 44.76205], [5.09984, 44.76183], [5.10016, 44.76182]], [[5.09886, 44.76095], [5.0995, 44.76116], [5.09952, 44.76184], [5.09921, 44.76184], [5.09886, 44.76095]], [[5.09475, 44.76103], [5.09507, 44.76102], [5.09509, 44.76169], [5.09478, 44.7617], [5.09475, 44.76103]], [[5.09852, 44.76028], [5.09757, 44.7603], [5.09696, 44.76076], [5.09696, 44.76098], [5.09791, 44.76097], [5.09792, 44.76119], [5.09636, 44.76167], [5.09631, 44.76032], [5.09662, 44.76031], [5.0966, 44.75964], [5.09722, 44.7594], [5.0972, 44.75873], [5.09751, 44.75872], [5.09718, 44.75828], [5.09813, 44.75826], [5.0981, 44.75758], [5.09905, 44.75757], [5.09871, 44.7569], [5.09902, 44.75667], [5.09838, 44.75668], [5.09836, 44.756], [5.09867, 44.756], [5.09866, 44.75555], [5.09929, 44.75554], [5.09964, 44.75643], [5.09933, 44.75666], [5.09997, 44.75687], [5.10001, 44.75777], [5.09907, 44.75802], [5.09907, 44.75824], [5.09971, 44.75823], [5.10005, 44.7589], [5.09881, 44.7596], [5.09852, 44.76028]], [[5.09803, 44.75578], [5.09835, 44.75578], [5.09836, 44.756], [5.09803, 44.75578]], [[5.10046, 44.76137], [5.10046, 44.76159], [5.10014, 44.76137], [5.10046, 44.76137]], [[5.09347, 44.7606], [5.09443, 44.76081], [5.09441, 44.76036], [5.09504, 44.76034], [5.09445, 44.76126], [5.09381, 44.76127], [5.09347, 44.7606]], [[5.09222, 44.76085], [5.09223, 44.76107], [5.0919, 44.76085], [5.09222, 44.76085]], [[5.10075, 44.76069], [5.10075, 44.76091], [5.10043, 44.76069], [5.10075, 44.76069]], [[5.09096, 44.76087], [5.09063, 44.76065], [5.09095, 44.76065], [5.09096, 44.76087]], [[5.09094, 44.76042], [5.09189, 44.7604], [5.0919, 44.76063], [5.09095, 44.76065], [5.09094, 44.76042]], [[5.09916, 44.76049], [5.09917, 44.76072], [5.09884, 44.7605], [5.09916, 44.76049]], [[5.10105, 44.76046], [5.10106, 44.76068], [5.10074, 44.76046], [5.10105, 44.76046]], [[5.10008, 44.7598], [5.1004, 44.75979], [5.10042, 44.76047], [5.10011, 44.76047], [5.10008, 44.7598]], [[5.10136, 44.76022], [5.10137, 44.76045], [5.10104, 44.76023], [5.10136, 44.76022]], [[5.10166, 44.75977], [5.10168, 44.76022], [5.10103, 44.75978], [5.10166, 44.75977]], [[5.10262, 44.75998], [5.10262, 44.7602], [5.1023, 44.75998], [5.10262, 44.75998]], [[5.08998, 44.75999], [5.08998, 44.76021], [5.08966, 44.76], [5.08998, 44.75999]], [[5.0906, 44.75975], [5.09062, 44.7602], [5.0903, 44.76021], [5.09028, 44.75976], [5.0906, 44.75975]], [[5.08997, 44.75976], [5.08994, 44.75909], [5.09026, 44.75908], [5.09028, 44.75976], [5.08997, 44.75976]], [[5.09024, 44.75863], [5.09056, 44.75863], [5.09057, 44.75908], [5.09026, 44.75908], [5.09024, 44.75863]], [[5.09054, 44.75818], [5.09086, 44.75817], [5.09087, 44.75862], [5.09056, 44.75863], [5.09054, 44.75818]], [[5.10197, 44.75954], [5.10198, 44.75976], [5.10165, 44.75954], [5.10197, 44.75954]], [[5.09531, 44.75899], [5.09532, 44.75921], [5.09499, 44.75899], [5.09531, 44.75899]], [[5.0905, 44.75705], [5.09022, 44.75796], [5.08929, 44.75843], [5.08923, 44.75708], [5.08988, 44.75751], [5.0905, 44.75705]], [[5.09529, 44.75831], [5.09497, 44.75832], [5.09493, 44.75719], [5.0946, 44.75698], [5.09522, 44.75651], [5.09556, 44.75718], [5.09524, 44.75719], [5.09529, 44.75831]], [[5.09591, 44.75808], [5.09592, 44.7583], [5.09559, 44.75808], [5.09591, 44.75808]], [[5.09116, 44.75794], [5.09117, 44.75817], [5.09085, 44.75795], [5.09116, 44.75794]], [[5.09617, 44.75672], [5.09618, 44.75695], [5.09586, 44.75673], [5.09617, 44.75672]], [[5.09681, 44.75671], [5.09681, 44.75693], [5.09649, 44.75671], [5.09681, 44.75671]], [[5.09426, 44.75631], [5.09458, 44.7563], [5.09459, 44.75675], [5.09428, 44.75676], [5.09426, 44.75631]], [[5.09013, 44.75571], [5.09045, 44.7557], [5.09043, 44.75525], [5.09137, 44.75501], [5.0914, 44.75591], [5.09046, 44.75615], [5.09013, 44.75571]], [[5.08884, 44.75506], [5.08946, 44.7546], [5.08981, 44.75549], [5.08919, 44.75595], [5.08884, 44.75506]], [[5.08789, 44.75485], [5.08851, 44.75461], [5.08854, 44.75529], [5.0879, 44.7553], [5.08789, 44.75485]], [[5.08941, 44.75325], [5.09005, 44.75346], [5.08977, 44.75436], [5.09041, 44.75458], [5.09042, 44.75503], [5.08979, 44.75504], [5.08941, 44.75325]], [[5.08938, 44.75235], [5.08938, 44.75257], [5.08906, 44.75235], [5.08938, 44.75235]], [[5.08837, 44.75079], [5.08869, 44.75078], [5.0887, 44.75123], [5.08839, 44.75124], [5.08837, 44.75079]], [[5.09059, 44.75097], [5.0906, 44.7512], [5.09027, 44.75098], [5.09059, 44.75097]], [[5.09026, 44.75053], [5.09026, 44.75075], [5.08994, 44.75053], [5.09026, 44.75053]], [[5.08836, 44.75056], [5.08773, 44.75058], [5.08802, 44.74989], [5.08834, 44.74989], [5.08836, 44.75056]], [[5.08832, 44.74944], [5.08864, 44.74943], [5.08865, 44.74988], [5.08834, 44.74989], [5.08832, 44.74944]], [[5.08738, 44.74968], [5.08739, 44.74991], [5.08706, 44.74969], [5.08738, 44.74968]], [[5.08548, 44.74949], [5.08549, 44.74972], [5.08516, 44.7495], [5.08548, 44.74949]], [[5.08611, 44.74948], [5.08612, 44.74971], [5.08579, 44.74949], [5.08611, 44.74948]], [[5.08605, 44.74791], [5.08668, 44.74789], [5.08765, 44.74855], [5.08705, 44.74924], [5.08579, 44.74926], [5.08545, 44.74882], [5.08608, 44.74858], [5.08605, 44.74791]], [[5.08573, 44.74769], [5.08604, 44.74768], [5.08605, 44.74791], [5.08573, 44.74769]], [[5.08541, 44.74769], [5.08539, 44.74724], [5.08571, 44.74724], [5.08573, 44.74769], [5.08541, 44.74769]], [[5.08667, 44.74744], [5.08698, 44.74744], [5.087, 44.74789], [5.08668, 44.74789], [5.08667, 44.74744]], [[5.08767, 44.749], [5.08768, 44.74923], [5.08736, 44.74901], [5.08767, 44.749]], [[5.08925, 44.74897], [5.08926, 44.7492], [5.08893, 44.74898], [5.08925, 44.74897]], [[5.08479, 44.74793], [5.0851, 44.74792], [5.08544, 44.74859], [5.08482, 44.74883], [5.08479, 44.74793]], [[5.08796, 44.74832], [5.08797, 44.74854], [5.08765, 44.74833], [5.08796, 44.74832]], [[5.08762, 44.74765], [5.08921, 44.74785], [5.08922, 44.74807], [5.08795, 44.74809], [5.08762, 44.74765]], [[5.08952, 44.74761], [5.09015, 44.7476], [5.09016, 44.74783], [5.08952, 44.74784], [5.08952, 44.74761]], [[5.09109, 44.74759], [5.0911, 44.74781], [5.09078, 44.74759], [5.09109, 44.74759]], [[5.09173, 44.74757], [5.09173, 44.7478], [5.09141, 44.74758], [5.09173, 44.74757]], [[5.09203, 44.74734], [5.09204, 44.74757], [5.09172, 44.74735], [5.09203, 44.74734]], [[5.08791, 44.74697], [5.08854, 44.74696], [5.08824, 44.74741], [5.08793, 44.74742], [5.08791, 44.74697]], [[5.09234, 44.74711], [5.09235, 44.74734], [5.09202, 44.74712], [5.09234, 44.74711]], [[5.09265, 44.74688], [5.09266, 44.74711], [5.09233, 44.74689], [5.09265, 44.74688]], [[5.08443, 44.74681], [5.08444, 44.74704], [5.08411, 44.74682], [5.08443, 44.74681]], [[5.08569, 44.74679], [5.08727, 44.74676], [5.08728, 44.74698], [5.0857, 44.74701], [5.08569, 44.74679]], [[5.08537, 44.74657], [5.08538, 44.74679], [5.08505, 44.74657], [5.08537, 44.74657]], [[5.08881, 44.7456], [5.08912, 44.7456], [5.08947, 44.74649], [5.08884, 44.7465], [5.08881, 44.7456]], [[5.08408, 44.74592], [5.08471, 44.7459], [5.08441, 44.74636], [5.0841, 44.74637], [5.08408, 44.74592]], [[5.08503, 44.7459], [5.08534, 44.74589], [5.08536, 44.74634], [5.08505, 44.74635], [5.08503, 44.7459]], [[5.08566, 44.74589], [5.08598, 44.74588], [5.08599, 44.74633], [5.08568, 44.74634], [5.08566, 44.74589]], [[5.09133, 44.74533], [5.09195, 44.74509], [5.09227, 44.74531], [5.09226, 44.74486], [5.09319, 44.74439], [5.09293, 44.74597], [5.09229, 44.74576], [5.09198, 44.74599], [5.09197, 44.74577], [5.09134, 44.74578], [5.09133, 44.74533]], [[5.08595, 44.74521], [5.08627, 44.7452], [5.08628, 44.74565], [5.08597, 44.74566], [5.08595, 44.74521]], [[5.085, 44.74522], [5.08501, 44.74545], [5.08469, 44.74523], [5.085, 44.74522]], [[5.09353, 44.74506], [5.09354, 44.74529], [5.09321, 44.74507], [5.09353, 44.74506]], [[5.08847, 44.74493], [5.08848, 44.74516], [5.08815, 44.74494], [5.08847, 44.74493]], [[5.09384, 44.74483], [5.09384, 44.74506], [5.09352, 44.74484], [5.09384, 44.74483]], [[5.08878, 44.7447], [5.08878, 44.74493], [5.08846, 44.74471], [5.08878, 44.7447]], [[5.08498, 44.74455], [5.08499, 44.74477], [5.08466, 44.74455], [5.08498, 44.74455]], [[5.09097, 44.74421], [5.0916, 44.7442], [5.0913, 44.74465], [5.09067, 44.74467], [5.09097, 44.74421]], [[5.09252, 44.74351], [5.09284, 44.7435], [5.09286, 44.74417], [5.09255, 44.74418], [5.09252, 44.74351]], [[5.08653, 44.74384], [5.08654, 44.74407], [5.08622, 44.74385], [5.08653, 44.74384]], [[5.0919, 44.74374], [5.09191, 44.74397], [5.09158, 44.74375], [5.0919, 44.74374]], [[5.08936, 44.74334], [5.08874, 44.7438], [5.08841, 44.74336], [5.08778, 44.74337], [5.08808, 44.74291], [5.08871, 44.7429], [5.08873, 44.74335], [5.08936, 44.74334]], [[5.09062, 44.74332], [5.09126, 44.74353], [5.09127, 44.74375], [5.09064, 44.74377], [5.09062, 44.74332]], [[5.09123, 44.74263], [5.09187, 44.74284], [5.09187, 44.74307], [5.09093, 44.74309], [5.09123, 44.74263]], [[5.09218, 44.74284], [5.09281, 44.74282], [5.09282, 44.74305], [5.09219, 44.74306], [5.09218, 44.74284]], [[5.08934, 44.74289], [5.08902, 44.74267], [5.08933, 44.74266], [5.08934, 44.74289]], [[5.08932, 44.74244], [5.08995, 44.74243], [5.08996, 44.74265], [5.08933, 44.74266], [5.08932, 44.74244]], [[5.09028, 44.74265], [5.09029, 44.74287], [5.08996, 44.74265], [5.09028, 44.74265]], [[5.0868, 44.74249], [5.08681, 44.74271], [5.08648, 44.74249], [5.0868, 44.74249]], [[5.09185, 44.74239], [5.09089, 44.74219], [5.09119, 44.74173], [5.09248, 44.74238], [5.09249, 44.74261], [5.09186, 44.74262], [5.09185, 44.74239]], [[5.09182, 44.74149], [5.09246, 44.74171], [5.09246, 44.74193], [5.09183, 44.74194], [5.09182, 44.74149]], [[5.08706, 44.74113], [5.0877, 44.74134], [5.08772, 44.74179], [5.08677, 44.74181], [5.08706, 44.74113]], [[5.09369, 44.74101], [5.09401, 44.741], [5.09403, 44.74145], [5.09371, 44.74146], [5.09369, 44.74101]], [[5.08922, 44.73974], [5.08924, 44.74019], [5.08859, 44.73975], [5.08922, 44.73974]], [[5.08885, 44.73817], [5.08948, 44.73816], [5.0895, 44.73861], [5.08887, 44.73862], [5.08885, 44.73817]], [[5.08977, 44.73748], [5.08979, 44.73793], [5.08946, 44.73771], [5.08883, 44.73772], [5.08882, 44.73727], [5.08977, 44.73748]], [[5.08944, 44.73703], [5.08945, 44.73726], [5.08912, 44.73704], [5.08944, 44.73703]], [[5.09006, 44.7368], [5.09007, 44.73702], [5.08975, 44.7368], [5.09006, 44.7368]], [[5.08803, 44.73301], [5.08867, 44.73345], [5.08868, 44.73367], [5.08773, 44.73369], [5.0877, 44.73279], [5.08705, 44.73235], [5.08703, 44.73168], [5.08798, 44.73166], [5.08803, 44.73301]], [[5.09019, 44.73184], [5.08987, 44.73162], [5.09018, 44.73162], [5.09019, 44.73184]], [[5.09016, 44.73094], [5.09109, 44.73047], [5.09112, 44.73115], [5.09018, 44.73162], [5.09016, 44.73094]], [[5.08946, 44.72915], [5.08947, 44.72938], [5.08915, 44.72916], [5.08946, 44.72915]], [[5.08652, 44.72651], [5.08715, 44.72649], [5.08717, 44.72694], [5.08654, 44.72696], [5.08652, 44.72651]], [[5.08873, 44.72647], [5.08874, 44.72669], [5.08841, 44.72647], [5.08873, 44.72647]], [[5.0865, 44.72606], [5.08651, 44.72628], [5.08619, 44.72606], [5.0865, 44.72606]], [[5.08871, 44.72602], [5.08872, 44.72624], [5.0884, 44.72602], [5.08871, 44.72602]]]}}, {"type": "Feature", "properties": {"type": "pente", "ha": 4.4}, "geometry": {"type": "Polygon", "coordinates": [[[5.15313, 44.88262], [5.15534, 44.88235], [5.15535, 44.88258], [5.15662, 44.88278], [5.15693, 44.88255], [5.15694, 44.88277], [5.15821, 44.88275], [5.15822, 44.8832], [5.15854, 44.88319], [5.15856, 44.88364], [5.15792, 44.88365], [5.15732, 44.88434], [5.1592, 44.88385], [5.15885, 44.88296], [5.15916, 44.88295], [5.15915, 44.8825], [5.15882, 44.88229], [5.15692, 44.88232], [5.1566, 44.8821], [5.15629, 44.88233], [5.15628, 44.88211], [5.15533, 44.88213], [5.15532, 44.8819], [5.15312, 44.88217], [5.15247, 44.88173], [5.15276, 44.88105], [5.15243, 44.88083], [5.15212, 44.88084], [5.15215, 44.88174], [5.15178, 44.88175], [5.15185, 44.8822], [5.15248, 44.88218], [5.15313, 44.88262]]]}}, {"type": "Feature", "properties": {"type": "pente", "ha": 1.6}, "geometry": {"type": "Polygon", "coordinates": [[[5.1527, 44.8797], [5.15207, 44.87971], [5.15206, 44.87949], [5.15428, 44.87945], [5.15426, 44.879], [5.15363, 44.87901], [5.15329, 44.87856], [5.15298, 44.87857], [5.153, 44.87902], [5.15211, 44.87904], [5.15175, 44.8795], [5.15145, 44.8795], [5.15154, 44.88006], [5.15272, 44.88015], [5.1527, 44.8797]]]}}, {"type": "Feature", "properties": {"type": "pente", "ha": 15.2}, "geometry": {"type": "Polygon", "coordinates": [[[5.15382, 44.87585], [5.15414, 44.87585], [5.15424, 44.87855], [5.15456, 44.87854], [5.15459, 44.87922], [5.1549, 44.87921], [5.15494, 44.88011], [5.1543, 44.88012], [5.15401, 44.88058], [5.15305, 44.88037], [5.15306, 44.8806], [5.15371, 44.88103], [5.15434, 44.88102], [5.15467, 44.88147], [5.15531, 44.88145], [5.15531, 44.88168], [5.1575, 44.88096], [5.15775, 44.87915], [5.15712, 44.87917], [5.15741, 44.87849], [5.15709, 44.87849], [5.15674, 44.8776], [5.15705, 44.87737], [5.1564, 44.87693], [5.15603, 44.87558], [5.1554, 44.8756], [5.15599, 44.87446], [5.15504, 44.87448], [5.15439, 44.87404], [5.15312, 44.87406], [5.15378, 44.87473], [5.15314, 44.87474], [5.15317, 44.87519], [5.15411, 44.87517], [5.15382, 44.87585]], [[5.15525, 44.8801], [5.15527, 44.88055], [5.15495, 44.88056], [5.15494, 44.88011], [5.15525, 44.8801]], [[5.15586, 44.87942], [5.15554, 44.87942], [5.15549, 44.87807], [5.15581, 44.87807], [5.15583, 44.87874], [5.15615, 44.87873], [5.15618, 44.87941], [5.15649, 44.8794], [5.15652, 44.88008], [5.15684, 44.88007], [5.15685, 44.88052], [5.15623, 44.88076], [5.15586, 44.87942]], [[5.15463, 44.88034], [5.15464, 44.88057], [5.15431, 44.88035], [5.15463, 44.88034]]]}}, {"type": "Feature", "properties": {"type": "pente", "ha": 0.1}, "geometry": {"type": "Polygon", "coordinates": [[[5.23044, 44.89933], [5.23076, 44.89933], [5.23011, 44.89889], [5.22989, 44.8989], [5.23044, 44.89933]]]}}, {"type": "Feature", "properties": {"type": "pente", "ha": 1.0}, "geometry": {"type": "Polygon", "coordinates": [[[5.16638, 44.83193], [5.1667, 44.83192], [5.16668, 44.83147], [5.16605, 44.83148], [5.16601, 44.83058], [5.16569, 44.83059], [5.16573, 44.83149], [5.16541, 44.83149], [5.16576, 44.83239], [5.1664, 44.83238], [5.16638, 44.83193]]]}}, {"type": "Feature", "properties": {"type": "pente", "ha": 0.6}, "geometry": {"type": "Polygon", "coordinates": [[[5.16192, 44.85588], [5.16194, 44.85633], [5.16131, 44.85634], [5.16132, 44.85679], [5.16226, 44.85655], [5.16225, 44.8561], [5.16288, 44.85609], [5.16286, 44.85564], [5.16192, 44.85588]]]}}, {"type": "Feature", "properties": {"type": "pente", "ha": 0.7}, "geometry": {"type": "Polygon", "coordinates": [[[5.1741, 44.8597], [5.17406, 44.85857], [5.17374, 44.85858], [5.17377, 44.85948], [5.17315, 44.85971], [5.17318, 44.86039], [5.1741, 44.8597]]]}}, {"type": "Feature", "properties": {"type": "pente", "ha": 0.7}, "geometry": {"type": "Polygon", "coordinates": [[[5.22872, 44.86402], [5.22871, 44.86357], [5.2268, 44.86338], [5.22713, 44.86382], [5.22777, 44.86381], [5.22778, 44.86404], [5.22872, 44.86402]]]}}, {"type": "Feature", "properties": {"type": "pente", "ha": 3.1}, "geometry": {"type": "Polygon", "coordinates": [[[5.1605, 44.86829], [5.16143, 44.86782], [5.16172, 44.86714], [5.16298, 44.86689], [5.16357, 44.86576], [5.162, 44.86624], [5.16077, 44.86716], [5.16048, 44.86784], [5.15985, 44.86785], [5.15959, 44.86944], [5.16022, 44.8692], [5.1605, 44.86829]]]}}, {"type": "Feature", "properties": {"type": "pente", "ha": 6.7}, "geometry": {"type": "Polygon", "coordinates": [[[5.18676, 44.87588], [5.18612, 44.87567], [5.18642, 44.87522], [5.1861, 44.87522], [5.18607, 44.87455], [5.18515, 44.87524], [5.18519, 44.87614], [5.18455, 44.87615], [5.18453, 44.87548], [5.18421, 44.87548], [5.18424, 44.87616], [5.18328, 44.87595], [5.18397, 44.87752], [5.18493, 44.87772], [5.18465, 44.87863], [5.18528, 44.87862], [5.18556, 44.87771], [5.18621, 44.87815], [5.18685, 44.87813], [5.18718, 44.87858], [5.18781, 44.87834], [5.18778, 44.87767], [5.18649, 44.87702], [5.18647, 44.87657], [5.18584, 44.87658], [5.18583, 44.87635], [5.18678, 44.87633], [5.18676, 44.87588]], [[5.18522, 44.87704], [5.18617, 44.87702], [5.18618, 44.87725], [5.18523, 44.87727], [5.18522, 44.87704]], [[5.18488, 44.87637], [5.1852, 44.87637], [5.18553, 44.87681], [5.18491, 44.87705], [5.18488, 44.87637]]]}}, {"type": "Feature", "properties": {"type": "pente", "ha": 1.1}, "geometry": {"type": "Polygon", "coordinates": [[[5.18239, 44.87755], [5.18242, 44.87822], [5.18305, 44.87821], [5.18306, 44.87843], [5.18432, 44.87841], [5.18431, 44.87796], [5.18304, 44.87798], [5.18365, 44.8773], [5.18239, 44.87755]]]}}, {"type": "Feature", "properties": {"type": "pente", "ha": 0.5}, "geometry": {"type": "Polygon", "coordinates": [[[5.17307, 44.88223], [5.17465, 44.88198], [5.17463, 44.88153], [5.17337, 44.88178], [5.17307, 44.88223]]]}}, {"type": "Feature", "properties": {"type": "artificialise", "ha": 5.3}, "geometry": {"type": "Polygon", "coordinates": [[[5.15864, 44.88683], [5.15879, 44.88677], [5.15895, 44.88703], [5.15926, 44.88697], [5.15934, 44.88681], [5.15911, 44.88667], [5.16069, 44.88585], [5.16224, 44.88645], [5.16456, 44.88628], [5.16518, 44.88606], [5.16646, 44.88527], [5.16583, 44.88527], [5.16414, 44.88491], [5.16375, 44.88448], [5.16476, 44.88358], [5.16578, 44.87991], [5.165, 44.87906], [5.16366, 44.87859], [5.15964, 44.87522], [5.15667, 44.87453], [5.15536, 44.87437], [5.15396, 44.87388], [5.15149, 44.87207], [5.15068, 44.87097], [5.1501, 44.87068], [5.15008, 44.87084], [5.15052, 44.87105], [5.15116, 44.87202], [5.15284, 44.87339], [5.15361, 44.87386], [5.15529, 44.8745], [5.15661, 44.87467], [5.15936, 44.87526], [5.16351, 44.87869], [5.16486, 44.87917], [5.16558, 44.87996], [5.16457, 44.88353], [5.16368, 44.88424], [5.16355, 44.8845], [5.16392, 44.88499], [5.16562, 44.88537], [5.16574, 44.8855], [5.16466, 44.88612], [5.16339, 44.88615], [5.16243, 44.88631], [5.16205, 44.88627], [5.16096, 44.88575], [5.16063, 44.88571], [5.15935, 44.88643], [5.15841, 44.88676], [5.15886, 44.8871], [5.15864, 44.88683]]]}}, {"type": "Feature", "properties": {"type": "artificialise", "ha": 392.1}, "geometry": {"type": "Polygon", "coordinates": [[[5.17917, 44.88591], [5.17987, 44.88484], [5.18041, 44.88334], [5.18046, 44.88454], [5.18072, 44.8855], [5.18046, 44.88558], [5.18049, 44.88582], [5.18065, 44.88591], [5.18093, 44.88585], [5.18145, 44.8864], [5.18193, 44.88666], [5.18186, 44.88671], [5.18129, 44.88637], [5.18069, 44.88658], [5.18034, 44.88702], [5.18055, 44.88726], [5.1814, 44.88725], [5.182, 44.88681], [5.18206, 44.88702], [5.18243, 44.88723], [5.1828, 44.88722], [5.18309, 44.88744], [5.18373, 44.88743], [5.1839, 44.88725], [5.18349, 44.8873], [5.18293, 44.88651], [5.18307, 44.88622], [5.18294, 44.88607], [5.18272, 44.88607], [5.18273, 44.88583], [5.18314, 44.88615], [5.18402, 44.88612], [5.18465, 44.88704], [5.18413, 44.8872], [5.18467, 44.88718], [5.18488, 44.88703], [5.18422, 44.88611], [5.18405, 44.88508], [5.18422, 44.88443], [5.18549, 44.88379], [5.18551, 44.8836], [5.18523, 44.88343], [5.18476, 44.88356], [5.18483, 44.88388], [5.18404, 44.88436], [5.18383, 44.88522], [5.18392, 44.88572], [5.18347, 44.8855], [5.18296, 44.88578], [5.18275, 44.88568], [5.18231, 44.88519], [5.18259, 44.8851], [5.18265, 44.88484], [5.18242, 44.88478], [5.18208, 44.88495], [5.18145, 44.884], [5.18251, 44.88276], [5.18325, 44.88261], [5.18422, 44.88162], [5.18493, 44.88112], [5.18597, 44.88075], [5.18623, 44.88043], [5.18622, 44.88019], [5.18641, 44.88049], [5.18667, 44.88045], [5.18666, 44.8796], [5.18633, 44.8791], [5.18623, 44.87818], [5.1862, 44.87768], [5.18649, 44.87742], [5.18621, 44.87712], [5.1859, 44.87717], [5.18611, 44.87665], [5.18596, 44.87658], [5.18569, 44.87718], [5.18601, 44.87774], [5.18603, 44.87831], [5.18584, 44.87812], [5.18547, 44.87827], [5.18561, 44.87862], [5.18606, 44.87854], [5.1861, 44.879], [5.18585, 44.87891], [5.18549, 44.87913], [5.18599, 44.87965], [5.18582, 44.87979], [5.18598, 44.88048], [5.18584, 44.88064], [5.18481, 44.88101], [5.18408, 44.88152], [5.18322, 44.88244], [5.18237, 44.88265], [5.18127, 44.88391], [5.18137, 44.88438], [5.18257, 44.88574], [5.18251, 44.88611], [5.18219, 44.88616], [5.18189, 44.88647], [5.1811, 44.88577], [5.18075, 44.88497], [5.18061, 44.88324], [5.18024, 44.88211], [5.18027, 44.88085], [5.18014, 44.88055], [5.17981, 44.88048], [5.17933, 44.88085], [5.17864, 44.8811], [5.17817, 44.88103], [5.17767, 44.88114], [5.17767, 44.88139], [5.17824, 44.88154], [5.17851, 44.88126], [5.17948, 44.88095], [5.17927, 44.88124], [5.17871, 44.88156], [5.17788, 44.8816], [5.17744, 44.88151], [5.17661, 44.88033], [5.17574, 44.87982], [5.17546, 44.8795], [5.17495, 44.87773], [5.1744, 44.8769], [5.17416, 44.87499], [5.17423, 44.87181], [5.17485, 44.87084], [5.17521, 44.86975], [5.1756, 44.86975], [5.17572, 44.86962], [5.17551, 44.86904], [5.17512, 44.86904], [5.17473, 44.8706], [5.17428, 44.87138], [5.17427, 44.86915], [5.17368, 44.86771], [5.17377, 44.86599], [5.17327, 44.8624], [5.17328, 44.86124], [5.17354, 44.86022], [5.17394, 44.85952], [5.17418, 44.8584], [5.17451, 44.85792], [5.17481, 44.85788], [5.1746, 44.85806], [5.17479, 44.85826], [5.17511, 44.85817], [5.17517, 44.85802], [5.1758, 44.85829], [5.17618, 44.85822], [5.1764, 44.85796], [5.17581, 44.85658], [5.17558, 44.8555], [5.1756, 44.85401], [5.17577, 44.85319], [5.17518, 44.85221], [5.17405, 44.85147], [5.17355, 44.85134], [5.17368, 44.85122], [5.17357, 44.85104], [5.1732, 44.85111], [5.17338, 44.85136], [5.17228, 44.85184], [5.17216, 44.85179], [5.17293, 44.85064], [5.17299, 44.85026], [5.1734, 44.85047], [5.17376, 44.85023], [5.17341, 44.85002], [5.17299, 44.85008], [5.17282, 44.84822], [5.17268, 44.84802], [5.17085, 44.84788], [5.17048, 44.84765], [5.17051, 44.8468], [5.17123, 44.84529], [5.17125, 44.84491], [5.17089, 44.84394], [5.16954, 44.84164], [5.16923, 44.84065], [5.16875, 44.83983], [5.16776, 44.83515], [5.16689, 44.83372], [5.16609, 44.83116], [5.166, 44.83029], [5.16622, 44.82876], [5.16606, 44.82795], [5.16625, 44.82735], [5.16689, 44.82625], [5.16778, 44.82381], [5.16805, 44.82168], [5.16812, 44.81924], [5.16825, 44.81883], [5.16862, 44.81862], [5.16886, 44.81865], [5.16864, 44.81836], [5.16844, 44.81836], [5.16843, 44.81858], [5.16809, 44.81875], [5.16792, 44.81922], [5.16785, 44.82167], [5.16758, 44.82378], [5.1667, 44.82621], [5.16595, 44.82763], [5.16559, 44.82658], [5.16552, 44.82524], [5.16489, 44.82452], [5.16474, 44.82384], [5.16373, 44.82262], [5.16373, 44.82228], [5.164, 44.82239], [5.16429, 44.82232], [5.16424, 44.82193], [5.16519, 44.8208], [5.16518, 44.82034], [5.16547, 44.82034], [5.16559, 44.82023], [5.16552, 44.8199], [5.16494, 44.81986], [5.16499, 44.82075], [5.16416, 44.82169], [5.16384, 44.82162], [5.1637, 44.82149], [5.1634, 44.81986], [5.16359, 44.8198], [5.16362, 44.81965], [5.16333, 44.81954], [5.16343, 44.81865], [5.16321, 44.81807], [5.16359, 44.81659], [5.16356, 44.81592], [5.16423, 44.81487], [5.16507, 44.81419], [5.16531, 44.81422], [5.16554, 44.81401], [5.16551, 44.81385], [5.16523, 44.81379], [5.16536, 44.81342], [5.16567, 44.81333], [5.16586, 44.81346], [5.16558, 44.81372], [5.16584, 44.81395], [5.16553, 44.81408], [5.16555, 44.81433], [5.16527, 44.81481], [5.16486, 44.81487], [5.16509, 44.81536], [5.16537, 44.81505], [5.16557, 44.81516], [5.16583, 44.81505], [5.16573, 44.81483], [5.16548, 44.81483], [5.16565, 44.8145], [5.16592, 44.81466], [5.16611, 44.81464], [5.1663, 44.81446], [5.16612, 44.81425], [5.16647, 44.81424], [5.16689, 44.81383], [5.16661, 44.81355], [5.16615, 44.81387], [5.16636, 44.81348], [5.16624, 44.81325], [5.16645, 44.8133], [5.16665, 44.81317], [5.16732, 44.81342], [5.16947, 44.81376], [5.16979, 44.81403], [5.17069, 44.81415], [5.17122, 44.8153], [5.17198, 44.81588], [5.17203, 44.8162], [5.1729, 44.81729], [5.17318, 44.81754], [5.17379, 44.81772], [5.1733, 44.81791], [5.1733, 44.81815], [5.17356, 44.81824], [5.17418, 44.81788], [5.17475, 44.81801], [5.17529, 44.81803], [5.17544, 44.81794], [5.17474, 44.81736], [5.17473, 44.81719], [5.17439, 44.81714], [5.17374, 44.81667], [5.17353, 44.81567], [5.17376, 44.81531], [5.17336, 44.81493], [5.17312, 44.81492], [5.17303, 44.81463], [5.17224, 44.81393], [5.173, 44.81426], [5.17386, 44.81433], [5.1743, 44.81469], [5.17409, 44.81589], [5.17433, 44.81628], [5.17563, 44.81669], [5.17602, 44.81721], [5.17661, 44.81749], [5.17769, 44.8176], [5.17851, 44.81809], [5.17936, 44.81791], [5.17979, 44.81797], [5.18103, 44.81874], [5.18229, 44.81913], [5.18262, 44.8194], [5.18295, 44.82001], [5.1836, 44.82057], [5.1848, 44.82122], [5.18523, 44.82308], [5.18557, 44.82334], [5.18577, 44.8241], [5.18628, 44.82486], [5.18621, 44.8262], [5.18554, 44.8265], [5.18538, 44.8267], [5.18641, 44.82788], [5.18625, 44.82826], [5.18648, 44.8305], [5.18714, 44.83145], [5.18752, 44.83252], [5.1878, 44.83247], [5.18793, 44.83193], [5.18905, 44.8322], [5.18882, 44.8324], [5.18819, 44.83254], [5.18823, 44.83274], [5.1888, 44.8332], [5.18911, 44.83321], [5.18828, 44.83367], [5.18776, 44.83431], [5.18733, 44.83457], [5.18735, 44.83493], [5.18702, 44.83541], [5.18695, 44.83666], [5.18646, 44.83746], [5.18644, 44.83782], [5.18672, 44.83807], [5.18818, 44.8384], [5.18874, 44.83866], [5.18871, 44.83941], [5.18933, 44.84028], [5.1888, 44.84148], [5.18898, 44.84205], [5.18961, 44.84234], [5.19096, 44.84241], [5.19201, 44.84328], [5.19274, 44.84347], [5.19319, 44.8441], [5.19293, 44.84433], [5.1929, 44.84455], [5.19309, 44.84486], [5.193, 44.84499], [5.19328, 44.84516], [5.19264, 44.84526], [5.19259, 44.84552], [5.19276, 44.8457], [5.19323, 44.84571], [5.1928, 44.8461], [5.19248, 44.84698], [5.19264, 44.84696], [5.1929, 44.84633], [5.19309, 44.84641], [5.19337, 44.84631], [5.19332, 44.8461], [5.19307, 44.84606], [5.19341, 44.84577], [5.1934, 44.84563], [5.19279, 44.8455], [5.19279, 44.84537], [5.19322, 44.84531], [5.19345, 44.84531], [5.19391, 44.84568], [5.19402, 44.84559], [5.19389, 44.84533], [5.19452, 44.84586], [5.1952, 44.84605], [5.19804, 44.84614], [5.19919, 44.84657], [5.20159, 44.84702], [5.20317, 44.84751], [5.20368, 44.84784], [5.20501, 44.84827], [5.20606, 44.8483], [5.20676, 44.84926], [5.20751, 44.8495], [5.20773, 44.85], [5.2082, 44.85026], [5.20949, 44.85022], [5.21036, 44.85062], [5.21077, 44.85069], [5.2115, 44.85062], [5.21296, 44.85006], [5.21351, 44.8501], [5.21413, 44.85044], [5.2146, 44.85113], [5.21544, 44.85181], [5.21656, 44.85228], [5.21768, 44.85301], [5.21863, 44.85491], [5.2186, 44.85578], [5.21911, 44.85719], [5.21922, 44.85964], [5.21982, 44.86193], [5.21972, 44.86253], [5.21956, 44.86252], [5.21967, 44.86238], [5.21952, 44.8622], [5.21918, 44.86221], [5.21917, 44.8625], [5.21951, 44.86253], [5.21935, 44.86263], [5.21936, 44.86283], [5.21882, 44.86284], [5.21869, 44.86316], [5.21884, 44.86364], [5.21918, 44.86369], [5.2196, 44.86352], [5.21962, 44.86424], [5.2193, 44.86508], [5.21896, 44.86521], [5.21912, 44.86551], [5.21944, 44.86552], [5.21946, 44.86563], [5.21895, 44.86614], [5.21904, 44.86657], [5.21878, 44.86758], [5.21817, 44.86799], [5.21902, 44.86866], [5.21966, 44.87077], [5.2194, 44.87082], [5.21934, 44.87095], [5.21965, 44.87127], [5.21984, 44.8713], [5.22045, 44.87103], [5.22052, 44.87068], [5.22011, 44.87036], [5.21986, 44.87038], [5.21949, 44.86969], [5.21921, 44.86861], [5.21837, 44.86796], [5.21895, 44.86769], [5.21924, 44.86658], [5.21915, 44.86617], [5.21957, 44.86581], [5.21978, 44.86632], [5.22129, 44.86792], [5.22116, 44.86822], [5.22139, 44.86834], [5.22147, 44.86943], [5.22122, 44.8697], [5.22125, 44.87008], [5.22173, 44.87027], [5.22174, 44.87041], [5.22147, 44.87058], [5.22158, 44.8707], [5.22179, 44.8707], [5.22151, 44.87122], [5.22151, 44.87223], [5.2211, 44.87267], [5.22112, 44.87297], [5.22067, 44.87347], [5.22067, 44.87409], [5.2204, 44.87459], [5.22047, 44.87484], [5.2209, 44.87516], [5.2214, 44.87618], [5.22161, 44.87622], [5.22189, 44.87747], [5.22255, 44.87843], [5.22246, 44.87888], [5.22225, 44.87893], [5.22216, 44.87918], [5.22241, 44.87934], [5.22238, 44.87952], [5.22179, 44.88011], [5.2219, 44.88042], [5.22175, 44.88061], [5.2218, 44.88089], [5.22222, 44.88162], [5.22223, 44.88232], [5.22263, 44.88318], [5.22315, 44.88374], [5.22415, 44.88411], [5.22444, 44.88435], [5.22477, 44.88543], [5.22454, 44.8854], [5.22437, 44.88558], [5.22458, 44.88578], [5.22448, 44.88601], [5.22484, 44.8862], [5.22511, 44.88597], [5.22463, 44.88429], [5.22426, 44.884], [5.22325, 44.8836], [5.22279, 44.88308], [5.22243, 44.88229], [5.22242, 44.8816], [5.22195, 44.88064], [5.2221, 44.88044], [5.22199, 44.88013], [5.22257, 44.87957], [5.22275, 44.8784], [5.22209, 44.87743], [5.22179, 44.87615], [5.22156, 44.87608], [5.22108, 44.8751], [5.22061, 44.87469], [5.22087, 44.87411], [5.22086, 44.87352], [5.2213, 44.87303], [5.22129, 44.87273], [5.2217, 44.87225], [5.22172, 44.87124], [5.22203, 44.87059], [5.22194, 44.87039], [5.22218, 44.87051], [5.22219, 44.86999], [5.22251, 44.86988], [5.22244, 44.86968], [5.22207, 44.86971], [5.22199, 44.86962], [5.22275, 44.86943], [5.2226, 44.86917], [5.22222, 44.86925], [5.22215, 44.86944], [5.22167, 44.86932], [5.22164, 44.86879], [5.22184, 44.86857], [5.2219, 44.86799], [5.2222, 44.86766], [5.22211, 44.86711], [5.22242, 44.86694], [5.22249, 44.86648], [5.2221, 44.8663], [5.22171, 44.86678], [5.22201, 44.86747], [5.22171, 44.86795], [5.22162, 44.86859], [5.22162, 44.86808], [5.2213, 44.86756], [5.22033, 44.8667], [5.21976, 44.86593], [5.21967, 44.86504], [5.2198, 44.86338], [5.21986, 44.86293], [5.22013, 44.86257], [5.21992, 44.86256], [5.22001, 44.86186], [5.21943, 44.85962], [5.21931, 44.85718], [5.21912, 44.85662], [5.2195, 44.8566], [5.21961, 44.85645], [5.21935, 44.85585], [5.21886, 44.85594], [5.21882, 44.85488], [5.21791, 44.85303], [5.21813, 44.85289], [5.21832, 44.85299], [5.21875, 44.8529], [5.21909, 44.85231], [5.22013, 44.85248], [5.22073, 44.853], [5.22002, 44.8527], [5.21958, 44.85283], [5.21949, 44.85301], [5.22066, 44.8544], [5.2208, 44.85485], [5.22072, 44.85504], [5.22091, 44.85527], [5.22111, 44.8553], [5.22152, 44.85618], [5.22186, 44.85639], [5.22167, 44.85651], [5.22171, 44.85675], [5.2222, 44.85676], [5.22245, 44.85653], [5.2217, 44.85612], [5.22139, 44.8554], [5.22179, 44.85499], [5.22076, 44.85422], [5.21969, 44.85297], [5.22009, 44.85285], [5.22054, 44.8531], [5.22091, 44.85314], [5.22098, 44.85298], [5.22031, 44.8524], [5.22091, 44.85241], [5.22108, 44.85255], [5.22151, 44.85251], [5.22165, 44.8523], [5.22201, 44.85232], [5.22208, 44.85214], [5.22177, 44.85202], [5.2216, 44.85223], [5.22097, 44.85197], [5.22072, 44.85203], [5.22055, 44.85225], [5.22023, 44.85225], [5.2201, 44.85179], [5.21969, 44.85181], [5.2192, 44.85153], [5.21885, 44.85156], [5.21848, 44.851], [5.2175, 44.85078], [5.21668, 44.85002], [5.21733, 44.8496], [5.21719, 44.84938], [5.21605, 44.84938], [5.21554, 44.84973], [5.2158, 44.84993], [5.21647, 44.85008], [5.21738, 44.8509], [5.21834, 44.8511], [5.21865, 44.85149], [5.21853, 44.85209], [5.2184, 44.85191], [5.21812, 44.85186], [5.21769, 44.85215], [5.21776, 44.85228], [5.21824, 44.85236], [5.21804, 44.85244], [5.21797, 44.8528], [5.21781, 44.85289], [5.21669, 44.85217], [5.21681, 44.85199], [5.21663, 44.85163], [5.21628, 44.85168], [5.21627, 44.852], [5.21592, 44.85191], [5.21484, 44.85112], [5.21425, 44.85032], [5.21346, 44.84992], [5.21269, 44.84999], [5.2126, 44.84981], [5.2124, 44.84976], [5.21214, 44.84992], [5.21234, 44.85013], [5.2122, 44.85018], [5.21206, 44.84998], [5.21186, 44.84995], [5.21166, 44.8501], [5.21166, 44.85038], [5.21076, 44.85055], [5.20954, 44.85008], [5.20819, 44.8501], [5.20791, 44.84993], [5.20765, 44.8494], [5.20692, 44.84917], [5.2064, 44.84834], [5.2061, 44.84815], [5.20508, 44.84813], [5.20378, 44.84771], [5.20327, 44.84738], [5.20168, 44.84689], [5.19925, 44.84644], [5.19805, 44.84599], [5.19544, 44.84593], [5.19464, 44.84574], [5.19412, 44.84535], [5.19289, 44.84337], [5.19214, 44.84317], [5.19105, 44.84228], [5.18966, 44.8422], [5.18914, 44.84196], [5.189, 44.84149], [5.18953, 44.84027], [5.18891, 44.83938], [5.18897, 44.83866], [5.18851, 44.83835], [5.18672, 44.83789], [5.18662, 44.8376], [5.18695, 44.83709], [5.1869, 44.83739], [5.18708, 44.83762], [5.18743, 44.83768], [5.18817, 44.83614], [5.18942, 44.83526], [5.18839, 44.8365], [5.18821, 44.83726], [5.18837, 44.83782], [5.18966, 44.83845], [5.18978, 44.83883], [5.19038, 44.8396], [5.19134, 44.83956], [5.19231, 44.83911], [5.19194, 44.83989], [5.19206, 44.8402], [5.19184, 44.84048], [5.19187, 44.84067], [5.19211, 44.84074], [5.19267, 44.84023], [5.19283, 44.84044], [5.19355, 44.8408], [5.19356, 44.84069], [5.19288, 44.84026], [5.19278, 44.84001], [5.19204, 44.84057], [5.19226, 44.84022], [5.19214, 44.83992], [5.19254, 44.83919], [5.19245, 44.839], [5.19214, 44.83898], [5.19127, 44.83943], [5.19048, 44.83948], [5.18981, 44.83836], [5.18857, 44.83778], [5.18841, 44.83726], [5.18876, 44.83628], [5.19012, 44.83469], [5.19067, 44.8343], [5.1916, 44.83391], [5.19238, 44.83285], [5.194, 44.83176], [5.19417, 44.83145], [5.19409, 44.83071], [5.1944, 44.83013], [5.19573, 44.82983], [5.1953, 44.83004], [5.19553, 44.8303], [5.19534, 44.83055], [5.19581, 44.83073], [5.1962, 44.83038], [5.19649, 44.83043], [5.19706, 44.82998], [5.19681, 44.8297], [5.19648, 44.82981], [5.19644, 44.82971], [5.19694, 44.82958], [5.19739, 44.82981], [5.1978, 44.82941], [5.19817, 44.82969], [5.19838, 44.82969], [5.19865, 44.8294], [5.19843, 44.8292], [5.19811, 44.82917], [5.19861, 44.82879], [5.19895, 44.82879], [5.19972, 44.82824], [5.20051, 44.82802], [5.20275, 44.82781], [5.20279, 44.8276], [5.20251, 44.82704], [5.20356, 44.82786], [5.20314, 44.82811], [5.20289, 44.82845], [5.2019, 44.82888], [5.2011, 44.82961], [5.20077, 44.82968], [5.20076, 44.83], [5.20108, 44.83015], [5.20126, 44.83003], [5.2012, 44.82986], [5.20152, 44.82942], [5.20204, 44.82899], [5.20303, 44.82856], [5.20329, 44.82821], [5.20375, 44.82793], [5.20374, 44.82779], [5.20291, 44.82707], [5.20233, 44.82682], [5.20223, 44.82694], [5.20261, 44.82769], [5.20046, 44.82788], [5.19933, 44.82828], [5.19882, 44.82815], [5.19817, 44.82823], [5.19799, 44.82847], [5.1984, 44.82873], [5.19795, 44.82909], [5.19763, 44.82907], [5.19752, 44.82921], [5.19761, 44.82934], [5.19693, 44.82943], [5.19649, 44.82932], [5.19628, 44.82939], [5.19625, 44.82953], [5.19587, 44.82946], [5.19583, 44.82966], [5.19434, 44.82998], [5.19529, 44.82934], [5.19538, 44.82911], [5.19522, 44.82869], [5.19582, 44.82836], [5.19605, 44.828], [5.19623, 44.82788], [5.19651, 44.82799], [5.19684, 44.8279], [5.19686, 44.82752], [5.19659, 44.82742], [5.19627, 44.82752], [5.19566, 44.82827], [5.19503, 44.82864], [5.19512, 44.82926], [5.19402, 44.83005], [5.19388, 44.8307], [5.19396, 44.83152], [5.19365, 44.83187], [5.19333, 44.83205], [5.19303, 44.83187], [5.19264, 44.83208], [5.19254, 44.8323], [5.19278, 44.83243], [5.19216, 44.83261], [5.19192, 44.83326], [5.19145, 44.83381], [5.19044, 44.83424], [5.18883, 44.83552], [5.18813, 44.83593], [5.18751, 44.8369], [5.18712, 44.83678], [5.18722, 44.83543], [5.18755, 44.83496], [5.18752, 44.83462], [5.18792, 44.83439], [5.18844, 44.83376], [5.18901, 44.83352], [5.18968, 44.83302], [5.18941, 44.83286], [5.18894, 44.8331], [5.18838, 44.83263], [5.18917, 44.8324], [5.18926, 44.83218], [5.18914, 44.83205], [5.18788, 44.83178], [5.18764, 44.83217], [5.18733, 44.8314], [5.18668, 44.83047], [5.18645, 44.82826], [5.18661, 44.82786], [5.18558, 44.82668], [5.1863, 44.82637], [5.18644, 44.82608], [5.18648, 44.82484], [5.18583, 44.8237], [5.18596, 44.82323], [5.18645, 44.8226], [5.18643, 44.82231], [5.18612, 44.82209], [5.18575, 44.82217], [5.18593, 44.82254], [5.18573, 44.82262], [5.18572, 44.82282], [5.18593, 44.82293], [5.18574, 44.82326], [5.18543, 44.82303], [5.18498, 44.82115], [5.1846, 44.82086], [5.1839, 44.82058], [5.18322, 44.82003], [5.18257, 44.81909], [5.18114, 44.81862], [5.17986, 44.81784], [5.17932, 44.81777], [5.17855, 44.81795], [5.17778, 44.81747], [5.1767, 44.81736], [5.17618, 44.81712], [5.17574, 44.81657], [5.17447, 44.81618], [5.17429, 44.81588], [5.1745, 44.81502], [5.17521, 44.81509], [5.17537, 44.81485], [5.17584, 44.81509], [5.17607, 44.81482], [5.17549, 44.81445], [5.17464, 44.81437], [5.17447, 44.8146], [5.17395, 44.8142], [5.17307, 44.81413], [5.17231, 44.81377], [5.17218, 44.81346], [5.17247, 44.81279], [5.17242, 44.81241], [5.17176, 44.81224], [5.17148, 44.81193], [5.1711, 44.81194], [5.17095, 44.81221], [5.17011, 44.81205], [5.16786, 44.81017], [5.16793, 44.80985], [5.16849, 44.80993], [5.16853, 44.80965], [5.16795, 44.80944], [5.16785, 44.80945], [5.16776, 44.80952], [5.16758, 44.8096], [5.16757, 44.8096], [5.16774, 44.80937], [5.16748, 44.80916], [5.16708, 44.80928], [5.16704, 44.80949], [5.16638, 44.80899], [5.1653, 44.80881], [5.16329, 44.80895], [5.1631, 44.80852], [5.16268, 44.80829], [5.16039, 44.80828], [5.15963, 44.80792], [5.15907, 44.80742], [5.157, 44.80486], [5.15636, 44.80358], [5.15599, 44.80209], [5.15519, 44.80007], [5.15391, 44.79858], [5.15411, 44.79799], [5.15447, 44.79755], [5.15478, 44.79749], [5.15467, 44.79727], [5.15485, 44.79695], [5.15544, 44.79649], [5.15655, 44.79632], [5.1572, 44.79665], [5.15732, 44.79647], [5.15658, 44.79602], [5.15479, 44.79595], [5.15185, 44.79753], [5.1523, 44.79648], [5.15377, 44.79519], [5.15398, 44.79425], [5.15449, 44.79326], [5.15437, 44.79313], [5.15414, 44.79312], [5.15251, 44.79378], [5.15212, 44.79405], [5.15161, 44.79399], [5.15209, 44.79384], [5.15224, 44.79215], [5.15261, 44.79157], [5.15316, 44.7912], [5.1525, 44.79079], [5.15206, 44.79016], [5.15206, 44.78965], [5.15174, 44.78908], [5.15108, 44.78859], [5.15041, 44.78866], [5.14919, 44.7896], [5.149, 44.78947], [5.1488, 44.78951], [5.14892, 44.78908], [5.1502, 44.78758], [5.15013, 44.78739], [5.14984, 44.78742], [5.14899, 44.78809], [5.14797, 44.78852], [5.14821, 44.78746], [5.14768, 44.78729], [5.14725, 44.78759], [5.14737, 44.78771], [5.14798, 44.78784], [5.14772, 44.78865], [5.14691, 44.78909], [5.14651, 44.78963], [5.14554, 44.78998], [5.14502, 44.78985], [5.14493, 44.78921], [5.14388, 44.78733], [5.14417, 44.78656], [5.14498, 44.78564], [5.14511, 44.78531], [5.14446, 44.78275], [5.14514, 44.78255], [5.14549, 44.78289], [5.14563, 44.78329], [5.14582, 44.78335], [5.14615, 44.7832], [5.14608, 44.78253], [5.14587, 44.78231], [5.14502, 44.78241], [5.14481, 44.78229], [5.14433, 44.78264], [5.14392, 44.78239], [5.14376, 44.78119], [5.14418, 44.78103], [5.14424, 44.7809], [5.14393, 44.78063], [5.1435, 44.78087], [5.14305, 44.78035], [5.14338, 44.7802], [5.14339, 44.78005], [5.14311, 44.77987], [5.14279, 44.78003], [5.14291, 44.77964], [5.14312, 44.77972], [5.14342, 44.77958], [5.1433, 44.77935], [5.14296, 44.77938], [5.143, 44.77921], [5.14337, 44.77921], [5.14372, 44.77898], [5.14461, 44.77971], [5.14506, 44.78044], [5.14531, 44.78048], [5.14594, 44.78018], [5.14629, 44.78016], [5.14735, 44.78106], [5.14792, 44.78278], [5.1477, 44.78348], [5.14779, 44.78405], [5.14751, 44.78463], [5.14769, 44.785], [5.14762, 44.78525], [5.14808, 44.78547], [5.14839, 44.78537], [5.14917, 44.78546], [5.14968, 44.78567], [5.14993, 44.78552], [5.14987, 44.78539], [5.14953, 44.78528], [5.14963, 44.78506], [5.14943, 44.78493], [5.14923, 44.78497], [5.14911, 44.78519], [5.14877, 44.7851], [5.14857, 44.78527], [5.14815, 44.78506], [5.14806, 44.78479], [5.14771, 44.78468], [5.14795, 44.78414], [5.14859, 44.78428], [5.1494, 44.78468], [5.15068, 44.785], [5.15292, 44.78676], [5.15339, 44.78753], [5.15514, 44.78924], [5.15548, 44.78973], [5.15542, 44.78996], [5.15566, 44.79001], [5.15596, 44.7904], [5.15762, 44.7911], [5.15896, 44.79139], [5.15969, 44.79188], [5.16108, 44.7934], [5.16123, 44.79398], [5.16116, 44.79466], [5.16086, 44.79477], [5.16081, 44.79493], [5.16113, 44.7951], [5.16139, 44.79554], [5.16156, 44.79553], [5.16151, 44.79541], [5.16194, 44.79568], [5.16315, 44.79578], [5.16378, 44.79602], [5.16487, 44.79698], [5.16613, 44.79769], [5.1672, 44.7985], [5.16815, 44.79857], [5.16936, 44.79885], [5.16998, 44.79958], [5.1713, 44.80175], [5.17195, 44.80213], [5.17339, 44.80253], [5.17485, 44.80339], [5.17576, 44.8034], [5.17709, 44.8031], [5.17924, 44.80288], [5.18094, 44.80296], [5.18311, 44.80372], [5.18415, 44.80375], [5.18572, 44.80536], [5.18752, 44.80587], [5.18967, 44.80618], [5.1918, 44.805], [5.19466, 44.80522], [5.1951, 44.80477], [5.19563, 44.80472], [5.19659, 44.80404], [5.19799, 44.80384], [5.1985, 44.80252], [5.19912, 44.80261], [5.20154, 44.80181], [5.20177, 44.80186], [5.20231, 44.8013], [5.20285, 44.80153], [5.20429, 44.80165], [5.20493, 44.80185], [5.20576, 44.80239], [5.20563, 44.80249], [5.20567, 44.80274], [5.20594, 44.80289], [5.2062, 44.80286], [5.20634, 44.80267], [5.20672, 44.80271], [5.2074, 44.80246], [5.20869, 44.80252], [5.20915, 44.80228], [5.20967, 44.80233], [5.21018, 44.80214], [5.21042, 44.80232], [5.2104, 44.80253], [5.20965, 44.80313], [5.20914, 44.80312], [5.20892, 44.80343], [5.20821, 44.8038], [5.208, 44.80357], [5.20743, 44.80357], [5.20736, 44.80384], [5.20762, 44.80392], [5.20704, 44.80407], [5.20695, 44.80419], [5.20969, 44.80493], [5.21046, 44.80482], [5.21115, 44.80547], [5.21277, 44.8061], [5.21305, 44.80716], [5.21202, 44.80669], [5.21147, 44.80684], [5.21177, 44.80699], [5.21182, 44.8072], [5.21152, 44.80707], [5.21125, 44.80723], [5.21201, 44.80836], [5.21262, 44.80894], [5.21271, 44.80884], [5.21219, 44.80829], [5.21193, 44.80778], [5.21234, 44.80787], [5.2125, 44.80774], [5.2119, 44.80687], [5.21209, 44.80685], [5.21262, 44.80722], [5.21318, 44.80738], [5.21335, 44.80733], [5.21304, 44.80643], [5.21309, 44.80627], [5.21327, 44.80665], [5.21342, 44.8067], [5.21379, 44.80632], [5.21353, 44.80471], [5.21335, 44.80476], [5.21359, 44.80627], [5.21342, 44.80654], [5.21326, 44.80618], [5.21127, 44.80535], [5.21055, 44.80469], [5.20974, 44.80479], [5.20739, 44.80413], [5.20818, 44.80399], [5.20892, 44.80358], [5.20936, 44.80359], [5.21059, 44.80258], [5.2107, 44.80283], [5.21113, 44.80279], [5.21117, 44.80257], [5.21092, 44.80251], [5.21096, 44.80224], [5.21059, 44.80223], [5.21045, 44.80211], [5.21111, 44.80216], [5.2128, 44.80275], [5.21401, 44.80278], [5.21623, 44.80262], [5.21601, 44.80277], [5.2162, 44.80297], [5.21654, 44.80288], [5.21646, 44.80263], [5.21674, 44.80264], [5.21692, 44.80293], [5.21727, 44.80289], [5.21744, 44.8026], [5.21988, 44.80272], [5.21932, 44.80288], [5.21934, 44.80305], [5.21977, 44.80332], [5.21965, 44.80361], [5.21983, 44.80373], [5.22002, 44.8037], [5.22026, 44.80349], [5.22014, 44.80327], [5.2203, 44.8032], [5.22085, 44.80361], [5.22096, 44.80385], [5.22137, 44.80401], [5.22158, 44.80427], [5.22182, 44.80426], [5.22193, 44.80506], [5.2225, 44.80602], [5.22217, 44.80686], [5.22177, 44.807], [5.2221, 44.80857], [5.22287, 44.80969], [5.22422, 44.8107], [5.22494, 44.81105], [5.22524, 44.81183], [5.22517, 44.81241], [5.22435, 44.81424], [5.22421, 44.81679], [5.22438, 44.8181], [5.2236, 44.81706], [5.22281, 44.81677], [5.22269, 44.81623], [5.22234, 44.81582], [5.22226, 44.81543], [5.22246, 44.81533], [5.22242, 44.81516], [5.22211, 44.81513], [5.22185, 44.81546], [5.22227, 44.81684], [5.22251, 44.81701], [5.2228, 44.81695], [5.22337, 44.8171], [5.22423, 44.81821], [5.22436, 44.81903], [5.22422, 44.81937], [5.22397, 44.81947], [5.22402, 44.81965], [5.22432, 44.81967], [5.22451, 44.81987], [5.22479, 44.81982], [5.22479, 44.81955], [5.22506, 44.81924], [5.22489, 44.81903], [5.22456, 44.81899], [5.22439, 44.8185], [5.2246, 44.81829], [5.22441, 44.81673], [5.22456, 44.81426], [5.22537, 44.81244], [5.22544, 44.81181], [5.22511, 44.81097], [5.22436, 44.81059], [5.22303, 44.80959], [5.22221, 44.80833], [5.22208, 44.80721], [5.22255, 44.80662], [5.22272, 44.80607], [5.22212, 44.80502], [5.22203, 44.80418], [5.22309, 44.80421], [5.2242, 44.8045], [5.22535, 44.80531], [5.22509, 44.80565], [5.22532, 44.80598], [5.22565, 44.8061], [5.22657, 44.80687], [5.22709, 44.80789], [5.22807, 44.80896], [5.22826, 44.81], [5.22887, 44.81084], [5.22926, 44.81308], [5.23033, 44.81494], [5.23102, 44.81557], [5.2307, 44.81563], [5.23076, 44.81584], [5.23097, 44.81588], [5.23114, 44.81573], [5.23226, 44.81681], [5.23379, 44.81745], [5.23454, 44.81814], [5.2368, 44.81943], [5.23718, 44.81936], [5.2373, 44.81912], [5.23607, 44.81732], [5.2371, 44.81767], [5.23823, 44.81864], [5.23857, 44.81869], [5.23868, 44.81853], [5.23826, 44.81835], [5.23784, 44.81756], [5.23852, 44.81805], [5.23963, 44.81833], [5.24012, 44.81868], [5.24024, 44.81933], [5.24072, 44.81955], [5.242, 44.82052], [5.24253, 44.8212], [5.24252, 44.8209], [5.24215, 44.82042], [5.24086, 44.81945], [5.24041, 44.81925], [5.24021, 44.81853], [5.23965, 44.81817], [5.23856, 44.8179], [5.23771, 44.81717], [5.23747, 44.81712], [5.23735, 44.81727], [5.23798, 44.81827], [5.23722, 44.81756], [5.23628, 44.81724], [5.23591, 44.81697], [5.23569, 44.81703], [5.2371, 44.81915], [5.23686, 44.8193], [5.23467, 44.81804], [5.23392, 44.81734], [5.2324, 44.8167], [5.23102, 44.81527], [5.23059, 44.81498], [5.22945, 44.81304], [5.22907, 44.81082], [5.22846, 44.80996], [5.22827, 44.80892], [5.22709, 44.80748], [5.22756, 44.80777], [5.22794, 44.80828], [5.2283, 44.80824], [5.22826, 44.80733], [5.22845, 44.80651], [5.22833, 44.8062], [5.22878, 44.80633], [5.22916, 44.80611], [5.2291, 44.80592], [5.22975, 44.80587], [5.22967, 44.80567], [5.22915, 44.80543], [5.22987, 44.80532], [5.23015, 44.80487], [5.23012, 44.80469], [5.22964, 44.80433], [5.23036, 44.80439], [5.23048, 44.80416], [5.23087, 44.80415], [5.23088, 44.80383], [5.23035, 44.80356], [5.23026, 44.80426], [5.22944, 44.80423], [5.22945, 44.80439], [5.22996, 44.80483], [5.22976, 44.80519], [5.22922, 44.80525], [5.22889, 44.80542], [5.22949, 44.80575], [5.22864, 44.80575], [5.2282, 44.80597], [5.22806, 44.80816], [5.22764, 44.8076], [5.22718, 44.80734], [5.22673, 44.80678], [5.22589, 44.80611], [5.22586, 44.8055], [5.22556, 44.80525], [5.22415, 44.8043], [5.22312, 44.80407], [5.22208, 44.80404], [5.22062, 44.80291], [5.221, 44.80279], [5.22177, 44.80206], [5.2229, 44.80171], [5.22338, 44.80113], [5.2239, 44.80096], [5.22389, 44.80082], [5.22324, 44.80102], [5.22289, 44.80151], [5.223, 44.80081], [5.22288, 44.80056], [5.22199, 44.80026], [5.22032, 44.80008], [5.22031, 44.80056], [5.22054, 44.80073], [5.2208, 44.80071], [5.22095, 44.80054], [5.22049, 44.80017], [5.22209, 44.80044], [5.22269, 44.80065], [5.22279, 44.80081], [5.22266, 44.80153], [5.2215, 44.80203], [5.22169, 44.80169], [5.22145, 44.80148], [5.22111, 44.80148], [5.22106, 44.80165], [5.22123, 44.80176], [5.22109, 44.80198], [5.2214, 44.8021], [5.22113, 44.80232], [5.22086, 44.80215], [5.22065, 44.80218], [5.2204, 44.80251], [5.22056, 44.80268], [5.22047, 44.80281], [5.2198, 44.80256], [5.21882, 44.80259], [5.2178, 44.80245], [5.21283, 44.8026], [5.21194, 44.80224], [5.2106, 44.80196], [5.20963, 44.80219], [5.20908, 44.80215], [5.20867, 44.80238], [5.20736, 44.80231], [5.20662, 44.80258], [5.20614, 44.80243], [5.20466, 44.80158], [5.20526, 44.80165], [5.20608, 44.80199], [5.20668, 44.80145], [5.20651, 44.80124], [5.20604, 44.80131], [5.20604, 44.80158], [5.20584, 44.80172], [5.20517, 44.80148], [5.2029, 44.80139], [5.20236, 44.80115], [5.20183, 44.80154], [5.20175, 44.8013], [5.20156, 44.80124], [5.20115, 44.80152], [5.20113, 44.80167], [5.20131, 44.80174], [5.20085, 44.80194], [5.19898, 44.80248], [5.19835, 44.80242], [5.19785, 44.80374], [5.1969, 44.80379], [5.19649, 44.80392], [5.19553, 44.80459], [5.19498, 44.80465], [5.19457, 44.80509], [5.19282, 44.80487], [5.19174, 44.80486], [5.18992, 44.80594], [5.18929, 44.80604], [5.18817, 44.80576], [5.18758, 44.80573], [5.18581, 44.80523], [5.18428, 44.80364], [5.18317, 44.80358], [5.181, 44.80283], [5.17922, 44.80274], [5.17705, 44.80295], [5.17573, 44.80325], [5.17495, 44.80326], [5.1735, 44.80241], [5.17205, 44.80201], [5.17146, 44.80165], [5.17017, 44.79953], [5.16949, 44.79874], [5.16819, 44.79842], [5.1673, 44.79838], [5.16627, 44.79759], [5.16501, 44.79687], [5.1639, 44.7959], [5.16322, 44.79564], [5.16201, 44.79554], [5.16175, 44.79538], [5.16178, 44.79519], [5.16146, 44.79513], [5.16138, 44.795], [5.16143, 44.79398], [5.16127, 44.79335], [5.15977, 44.79172], [5.15906, 44.79126], [5.1577, 44.79097], [5.15612, 44.7903], [5.15531, 44.78916], [5.15356, 44.78745], [5.15308, 44.78667], [5.15081, 44.78489], [5.14949, 44.78455], [5.1489, 44.78425], [5.14914, 44.78411], [5.1492, 44.78385], [5.14939, 44.78407], [5.15024, 44.78452], [5.15067, 44.78456], [5.15378, 44.78363], [5.15262, 44.78475], [5.15255, 44.7854], [5.15438, 44.78656], [5.15545, 44.78684], [5.15608, 44.78682], [5.15583, 44.78734], [5.15698, 44.78924], [5.15891, 44.79041], [5.15927, 44.79052], [5.15969, 44.79049], [5.16208, 44.78956], [5.16288, 44.78944], [5.16422, 44.78961], [5.16648, 44.79026], [5.16786, 44.7901], [5.16845, 44.78958], [5.16859, 44.78912], [5.16927, 44.78811], [5.17065, 44.78721], [5.17159, 44.78696], [5.17239, 44.78696], [5.17441, 44.78764], [5.17745, 44.78909], [5.18219, 44.78973], [5.18571, 44.78932], [5.18629, 44.78915], [5.18694, 44.78927], [5.1879, 44.78921], [5.18981, 44.7885], [5.19051, 44.78809], [5.19173, 44.7878], [5.1959, 44.78757], [5.19617, 44.78759], [5.19619, 44.78781], [5.19651, 44.78787], [5.19671, 44.78765], [5.19698, 44.78762], [5.19677, 44.78785], [5.19619, 44.78805], [5.19582, 44.78833], [5.19553, 44.78825], [5.19522, 44.78841], [5.19524, 44.78858], [5.19488, 44.78871], [5.19489, 44.78889], [5.19527, 44.789], [5.19526, 44.78919], [5.19501, 44.78918], [5.19467, 44.78942], [5.19402, 44.78927], [5.19372, 44.78938], [5.1946, 44.78957], [5.19468, 44.78992], [5.19499, 44.79029], [5.19531, 44.79027], [5.19539, 44.79005], [5.19598, 44.78983], [5.19617, 44.79013], [5.19587, 44.79023], [5.19588, 44.79042], [5.19605, 44.7905], [5.19634, 44.79043], [5.19664, 44.79087], [5.19634, 44.79094], [5.19635, 44.7912], [5.1966, 44.79137], [5.19694, 44.79134], [5.19714, 44.79117], [5.19737, 44.79124], [5.19813, 44.79185], [5.19887, 44.79305], [5.19932, 44.79298], [5.19936, 44.79251], [5.19919, 44.79249], [5.19913, 44.79286], [5.1989, 44.7929], [5.1983, 44.79177], [5.19672, 44.79069], [5.19619, 44.78979], [5.19629, 44.78962], [5.19567, 44.78921], [5.19584, 44.78901], [5.19556, 44.78882], [5.19631, 44.78817], [5.19678, 44.78813], [5.1972, 44.78775], [5.1973, 44.78741], [5.19704, 44.78734], [5.19681, 44.7875], [5.19571, 44.78743], [5.19676, 44.78713], [5.19965, 44.78561], [5.2015, 44.78586], [5.20196, 44.78577], [5.20318, 44.78637], [5.20402, 44.78651], [5.20439, 44.78649], [5.20517, 44.78607], [5.20526, 44.7862], [5.20513, 44.78642], [5.20422, 44.7871], [5.20396, 44.78759], [5.20423, 44.78762], [5.20463, 44.78724], [5.20566, 44.78679], [5.20639, 44.78741], [5.20664, 44.78747], [5.20688, 44.78734], [5.20769, 44.78616], [5.20895, 44.78532], [5.21135, 44.78515], [5.21175, 44.78466], [5.21216, 44.7844], [5.21538, 44.78477], [5.21674, 44.7839], [5.21649, 44.78387], [5.21533, 44.78463], [5.21214, 44.78426], [5.21159, 44.78457], [5.21128, 44.78501], [5.20886, 44.78519], [5.20753, 44.78607], [5.2066, 44.78732], [5.20566, 44.78664], [5.20434, 44.78724], [5.2052, 44.78661], [5.20546, 44.78616], [5.2059, 44.78615], [5.20596, 44.7859], [5.20583, 44.78575], [5.2054, 44.78581], [5.20539, 44.78604], [5.20523, 44.78593], [5.20493, 44.78597], [5.20439, 44.78633], [5.20403, 44.78637], [5.20326, 44.78624], [5.202, 44.78563], [5.20152, 44.78572], [5.19959, 44.78547], [5.19665, 44.78701], [5.19466, 44.78753], [5.19168, 44.78766], [5.19041, 44.78796], [5.1897, 44.78838], [5.18783, 44.78907], [5.18696, 44.78913], [5.18625, 44.78901], [5.18568, 44.78918], [5.18219, 44.78959], [5.17978, 44.78926], [5.17975, 44.78912], [5.17954, 44.78905], [5.17931, 44.78917], [5.17752, 44.78895], [5.17514, 44.78775], [5.17298, 44.78696], [5.17221, 44.78679], [5.17156, 44.78682], [5.17055, 44.78709], [5.16946, 44.78774], [5.16894, 44.78822], [5.16827, 44.78951], [5.16777, 44.78997], [5.1668, 44.79013], [5.16623, 44.79008], [5.16449, 44.78953], [5.16287, 44.78929], [5.16199, 44.78943], [5.1596, 44.79036], [5.15902, 44.7903], [5.15728, 44.78926], [5.15699, 44.78896], [5.15603, 44.78731], [5.15624, 44.78673], [5.15549, 44.7867], [5.15448, 44.78644], [5.15273, 44.78533], [5.15281, 44.78481], [5.15394, 44.78373], [5.15396, 44.78351], [5.1537, 44.7835], [5.15065, 44.78442], [5.15035, 44.7844], [5.14953, 44.78396], [5.14924, 44.78344], [5.14902, 44.78357], [5.14892, 44.78408], [5.14865, 44.78414], [5.14798, 44.78399], [5.14791, 44.7834], [5.14812, 44.78278], [5.14759, 44.78108], [5.14777, 44.781], [5.14777, 44.78085], [5.1476, 44.78078], [5.1474, 44.78086], [5.14635, 44.78003], [5.146, 44.78001], [5.14522, 44.78034], [5.14486, 44.77972], [5.14444, 44.77934], [5.14438, 44.77922], [5.14476, 44.7793], [5.14495, 44.77912], [5.14478, 44.77897], [5.14418, 44.77887], [5.14389, 44.77833], [5.14415, 44.77815], [5.14401, 44.778], [5.1438, 44.778], [5.14392, 44.77741], [5.14457, 44.77679], [5.14472, 44.77675], [5.14484, 44.77698], [5.14505, 44.77696], [5.14515, 44.7768], [5.145, 44.77668], [5.14586, 44.77642], [5.146, 44.77608], [5.14645, 44.77581], [5.14627, 44.77554], [5.14653, 44.77441], [5.14629, 44.77379], [5.14546, 44.77273], [5.14541, 44.77191], [5.14593, 44.77189], [5.14591, 44.77152], [5.14541, 44.77147], [5.14519, 44.77206], [5.14529, 44.77289], [5.14611, 44.77385], [5.14633, 44.77444], [5.1462, 44.77521], [5.14589, 44.77514], [5.14577, 44.77535], [5.14607, 44.77548], [5.14624, 44.77578], [5.14583, 44.77601], [5.14572, 44.77632], [5.14427, 44.77675], [5.14366, 44.77749], [5.14359, 44.77728], [5.14334, 44.77743], [5.14355, 44.77704], [5.14343, 44.7768], [5.14384, 44.77665], [5.144, 44.77674], [5.14428, 44.77669], [5.14422, 44.77604], [5.1438, 44.77586], [5.14336, 44.77532], [5.14316, 44.77526], [5.14325, 44.77503], [5.14294, 44.77496], [5.14279, 44.77515], [5.14308, 44.77527], [5.14292, 44.77558], [5.14258, 44.77569], [5.14263, 44.77649], [5.14238, 44.77641], [5.14198, 44.77538], [5.14081, 44.77434], [5.1405, 44.77386], [5.14066, 44.77379], [5.14105, 44.77417], [5.1413, 44.7741], [5.14133, 44.77395], [5.14092, 44.77348], [5.14032, 44.77356], [5.13992, 44.77293], [5.13896, 44.77075], [5.13911, 44.77047], [5.13888, 44.77037], [5.13851, 44.7705], [5.13773, 44.7705], [5.13722, 44.77026], [5.13673, 44.76916], [5.13673, 44.76801], [5.13813, 44.76482], [5.13826, 44.76417], [5.13808, 44.76157], [5.13718, 44.76035], [5.1376, 44.76012], [5.13741, 44.75981], [5.13786, 44.75988], [5.13806, 44.75969], [5.1377, 44.75934], [5.13706, 44.75944], [5.13687, 44.75968], [5.13705, 44.75984], [5.1369, 44.76008], [5.13464, 44.75936], [5.13435, 44.75917], [5.13381, 44.75748], [5.13444, 44.75741], [5.13522, 44.75779], [5.13547, 44.7577], [5.13555, 44.75752], [5.13476, 44.75561], [5.1348, 44.75538], [5.13646, 44.75524], [5.13872, 44.75482], [5.13959, 44.75498], [5.14037, 44.75532], [5.14192, 44.75535], [5.14399, 44.75614], [5.14806, 44.75917], [5.14795, 44.75938], [5.14838, 44.75963], [5.1484, 44.75975], [5.14782, 44.75952], [5.14759, 44.75969], [5.14763, 44.75984], [5.14868, 44.76035], [5.14894, 44.76024], [5.14926, 44.76033], [5.14955, 44.7602], [5.14969, 44.76044], [5.14993, 44.76047], [5.15007, 44.76034], [5.15034, 44.76061], [5.15, 44.76069], [5.14995, 44.76086], [5.15027, 44.76113], [5.15057, 44.76111], [5.15064, 44.76143], [5.15089, 44.76146], [5.15102, 44.7613], [5.1515, 44.76154], [5.1518, 44.76138], [5.15208, 44.76185], [5.15286, 44.7621], [5.1531, 44.76193], [5.15299, 44.76175], [5.1541, 44.76193], [5.15428, 44.76173], [5.15732, 44.76217], [5.15975, 44.76296], [5.1607, 44.76338], [5.16184, 44.76424], [5.16314, 44.76617], [5.16368, 44.76669], [5.165, 44.76743], [5.16615, 44.76776], [5.16731, 44.7679], [5.16713, 44.76803], [5.16768, 44.76833], [5.16779, 44.76851], [5.16808, 44.76851], [5.16843, 44.76825], [5.16766, 44.76818], [5.16742, 44.76805], [5.16874, 44.76824], [5.16874, 44.76842], [5.16928, 44.76869], [5.16968, 44.7685], [5.16966, 44.76833], [5.16845, 44.76803], [5.16938, 44.76817], [5.17012, 44.76841], [5.17063, 44.76831], [5.17093, 44.76872], [5.1712, 44.76847], [5.17333, 44.76818], [5.17423, 44.76852], [5.1746, 44.76813], [5.17514, 44.76794], [5.17584, 44.768], [5.17642, 44.76782], [5.17697, 44.76794], [5.17749, 44.76762], [5.17865, 44.76743], [5.1791, 44.76724], [5.17919, 44.7675], [5.17902, 44.76813], [5.17921, 44.76907], [5.18006, 44.76964], [5.18003, 44.77019], [5.18019, 44.77036], [5.18105, 44.77063], [5.18295, 44.77092], [5.18427, 44.77091], [5.18505, 44.77077], [5.18387, 44.7714], [5.18293, 44.77163], [5.18284, 44.77182], [5.18428, 44.77272], [5.18467, 44.7732], [5.18476, 44.77359], [5.18584, 44.77456], [5.18689, 44.77597], [5.18749, 44.77653], [5.1875, 44.77757], [5.18809, 44.7784], [5.18819, 44.7783], [5.18768, 44.77745], [5.18767, 44.77647], [5.18706, 44.7759], [5.18601, 44.77449], [5.18494, 44.77352], [5.18485, 44.77314], [5.18444, 44.77263], [5.18303, 44.77177], [5.1833, 44.77168], [5.18334, 44.77186], [5.18361, 44.7719], [5.18379, 44.77177], [5.18417, 44.77174], [5.18415, 44.77143], [5.1854, 44.77078], [5.18543, 44.77065], [5.18297, 44.77077], [5.1811, 44.77049], [5.18031, 44.77025], [5.18025, 44.76958], [5.1794, 44.76902], [5.17923, 44.76812], [5.17939, 44.76749], [5.17935, 44.76725], [5.17913, 44.76709], [5.17859, 44.76729], [5.17741, 44.76748], [5.17692, 44.7678], [5.17644, 44.76767], [5.17581, 44.76786], [5.17508, 44.7678], [5.17446, 44.76802], [5.17421, 44.76837], [5.17379, 44.76811], [5.17332, 44.76804], [5.17115, 44.76833], [5.17093, 44.76845], [5.17086, 44.76826], [5.17063, 44.76815], [5.17015, 44.76827], [5.16897, 44.76794], [5.16783, 44.76787], [5.16584, 44.76754], [5.16485, 44.76721], [5.1637, 44.76649], [5.16218, 44.76432], [5.16083, 44.76327], [5.15802, 44.76219], [5.15636, 44.76188], [5.15629, 44.76161], [5.15602, 44.76162], [5.15592, 44.76181], [5.15497, 44.76155], [5.15427, 44.76158], [5.15385, 44.76134], [5.15389, 44.76112], [5.15355, 44.76093], [5.15359, 44.76068], [5.15402, 44.7609], [5.15394, 44.76117], [5.15429, 44.76128], [5.15452, 44.76109], [5.15486, 44.76103], [5.15516, 44.76072], [5.15571, 44.76075], [5.15576, 44.76063], [5.15507, 44.76059], [5.15466, 44.76094], [5.15361, 44.76054], [5.15342, 44.7606], [5.15336, 44.76087], [5.15301, 44.76096], [5.15245, 44.76056], [5.15225, 44.76064], [5.15162, 44.7605], [5.15146, 44.76069], [5.15107, 44.76068], [5.1509, 44.76078], [5.15072, 44.76066], [5.15101, 44.76052], [5.15103, 44.76024], [5.1507, 44.76017], [5.15034, 44.76037], [5.15001, 44.76003], [5.14791, 44.75889], [5.14423, 44.75608], [5.14212, 44.75525], [5.1416, 44.75515], [5.14038, 44.75517], [5.13907, 44.75472], [5.13905, 44.75443], [5.13867, 44.75441], [5.13819, 44.75448], [5.13815, 44.75473], [5.13681, 44.75503], [5.1348, 44.75521], [5.13455, 44.75547], [5.13466, 44.75478], [5.13314, 44.75397], [5.13234, 44.7533], [5.13211, 44.7521], [5.13225, 44.75181], [5.1344, 44.75134], [5.13585, 44.7504], [5.13807, 44.75075], [5.13807, 44.75111], [5.13745, 44.75109], [5.13718, 44.75147], [5.13675, 44.75132], [5.13653, 44.75143], [5.13675, 44.75182], [5.13729, 44.75198], [5.1374, 44.75181], [5.13726, 44.75168], [5.13783, 44.75167], [5.13816, 44.75148], [5.13834, 44.7509], [5.13823, 44.75066], [5.13603, 44.75028], [5.13818, 44.74894], [5.14075, 44.74833], [5.14088, 44.74783], [5.14139, 44.74815], [5.14183, 44.74806], [5.14176, 44.74847], [5.14203, 44.74859], [5.14223, 44.74852], [5.14273, 44.74906], [5.14294, 44.74909], [5.14326, 44.74833], [5.1437, 44.74796], [5.14406, 44.74794], [5.14423, 44.74777], [5.14405, 44.74759], [5.1436, 44.74764], [5.14356, 44.74785], [5.14291, 44.74849], [5.14286, 44.74893], [5.14236, 44.74832], [5.14253, 44.748], [5.14285, 44.74792], [5.14295, 44.74767], [5.14341, 44.74766], [5.14365, 44.7474], [5.14398, 44.74745], [5.1445, 44.74721], [5.1453, 44.74722], [5.14533, 44.74697], [5.1456, 44.7468], [5.1455, 44.74664], [5.14585, 44.7463], [5.14712, 44.74586], [5.14856, 44.74506], [5.14931, 44.74507], [5.15063, 44.74472], [5.15121, 44.74435], [5.15198, 44.7443], [5.15218, 44.7444], [5.1525, 44.74431], [5.15259, 44.74408], [5.15235, 44.74388], [5.1521, 44.74395], [5.15199, 44.74416], [5.15106, 44.74423], [5.15054, 44.74459], [5.14945, 44.74485], [5.14938, 44.7446], [5.14912, 44.74456], [5.1489, 44.74476], [5.14892, 44.7449], [5.14846, 44.74493], [5.14648, 44.74592], [5.14601, 44.7451], [5.14621, 44.74503], [5.14623, 44.74486], [5.14586, 44.74465], [5.14523, 44.74466], [5.14448, 44.74523], [5.14412, 44.7445], [5.1442, 44.74375], [5.1439, 44.74439], [5.14431, 44.74539], [5.1441, 44.74569], [5.14278, 44.74588], [5.14182, 44.7462], [5.14024, 44.74535], [5.14009, 44.74514], [5.13983, 44.7453], [5.13746, 44.74536], [5.13765, 44.74487], [5.13879, 44.74382], [5.13948, 44.74386], [5.13969, 44.74374], [5.13976, 44.74351], [5.13945, 44.74314], [5.14017, 44.74198], [5.14025, 44.74117], [5.14041, 44.74104], [5.14047, 44.74119], [5.14072, 44.74122], [5.14082, 44.74097], [5.14111, 44.74129], [5.14165, 44.74127], [5.1418, 44.74096], [5.14146, 44.74044], [5.14198, 44.73985], [5.14285, 44.73983], [5.1445, 44.74058], [5.14495, 44.74064], [5.14505, 44.74081], [5.1459, 44.74062], [5.14612, 44.74081], [5.14639, 44.74075], [5.14642, 44.74044], [5.14621, 44.74027], [5.14595, 44.74027], [5.14578, 44.7405], [5.14516, 44.74064], [5.14607, 44.74017], [5.14621, 44.73973], [5.14606, 44.73944], [5.14544, 44.73941], [5.14518, 44.73927], [5.14476, 44.73836], [5.14545, 44.738], [5.14577, 44.73764], [5.14731, 44.73686], [5.14772, 44.7359], [5.14754, 44.73582], [5.14716, 44.73677], [5.14587, 44.73741], [5.14551, 44.7373], [5.14509, 44.73782], [5.14472, 44.73795], [5.14473, 44.73816], [5.14419, 44.73836], [5.14428, 44.73855], [5.14459, 44.73856], [5.14503, 44.73937], [5.14537, 44.73954], [5.14597, 44.73958], [5.14592, 44.74008], [5.14481, 44.7405], [5.14282, 44.73967], [5.14184, 44.73974], [5.14126, 44.74041], [5.14145, 44.74082], [5.14053, 44.7408], [5.14007, 44.74111], [5.13997, 44.74194], [5.13925, 44.74311], [5.13952, 44.74367], [5.13866, 44.74371], [5.13737, 44.74496], [5.13639, 44.74304], [5.13671, 44.74252], [5.13699, 44.74269], [5.13721, 44.74263], [5.13727, 44.74242], [5.13699, 44.74231], [5.13729, 44.7421], [5.13777, 44.7412], [5.13848, 44.74058], [5.13864, 44.74021], [5.13831, 44.73931], [5.13745, 44.73906], [5.1363, 44.7385], [5.1373, 44.73775], [5.13749, 44.73747], [5.13747, 44.73665], [5.1373, 44.73661], [5.13722, 44.73754], [5.13609, 44.73848], [5.13621, 44.73864], [5.13722, 44.73913], [5.13815, 44.7394], [5.13844, 44.74021], [5.13814, 44.74069], [5.13759, 44.74113], [5.13711, 44.74203], [5.13658, 44.74239], [5.13619, 44.74301], [5.13643, 44.74373], [5.13681, 44.74411], [5.13721, 44.74522], [5.13609, 44.74485], [5.13551, 44.74506], [5.13532, 44.74486], [5.13513, 44.74484], [5.13477, 44.74506], [5.13497, 44.74532], [5.13417, 44.74574], [5.13363, 44.7464], [5.13251, 44.74676], [5.13198, 44.74677], [5.13094, 44.74554], [5.13082, 44.74512], [5.13118, 44.74506], [5.13115, 44.74479], [5.13093, 44.74459], [5.13072, 44.74458], [5.1306, 44.74471], [5.1307, 44.74491], [5.12959, 44.74405], [5.12779, 44.74225], [5.12731, 44.74132], [5.12746, 44.7413], [5.12751, 44.74111], [5.12724, 44.74006], [5.12707, 44.74011], [5.1273, 44.74114], [5.12681, 44.74038], [5.127, 44.74027], [5.12698, 44.73997], [5.12793, 44.74016], [5.12813, 44.73994], [5.12758, 44.73956], [5.12696, 44.73963], [5.12681, 44.73872], [5.12602, 44.73741], [5.12566, 44.73629], [5.1237, 44.73382], [5.12314, 44.73354], [5.12264, 44.733], [5.12249, 44.733], [5.12281, 44.7335], [5.12361, 44.73397], [5.12543, 44.73628], [5.12582, 44.73746], [5.12662, 44.73876], [5.12676, 44.73925], [5.12655, 44.739], [5.12628, 44.73899], [5.12581, 44.7393], [5.1261, 44.73963], [5.12562, 44.73969], [5.12307, 44.74086], [5.1219, 44.74], [5.12099, 44.73885], [5.11925, 44.73601], [5.11937, 44.73552], [5.12005, 44.73484], [5.12057, 44.73494], [5.12097, 44.73527], [5.12091, 44.73542], [5.12121, 44.73575], [5.12195, 44.73567], [5.12189, 44.73528], [5.12136, 44.73529], [5.12066, 44.73481], [5.12004, 44.73468], [5.1192, 44.73545], [5.11916, 44.73587], [5.11848, 44.73445], [5.11754, 44.73309], [5.11479, 44.731], [5.10816, 44.72794], [5.10824, 44.72789], [5.1086, 44.72807], [5.10881, 44.72787], [5.10822, 44.72756], [5.10842, 44.72744], [5.10841, 44.72721], [5.10829, 44.72697], [5.10786, 44.72671], [5.10808, 44.72656], [5.10779, 44.72636], [5.10808, 44.72616], [5.10803, 44.72598], [5.10744, 44.72593], [5.10725, 44.72611], [5.10747, 44.72628], [5.10653, 44.72613], [5.10639, 44.72638], [5.10627, 44.72638], [5.10646, 44.72601], [5.10683, 44.72596], [5.10685, 44.72579], [5.10664, 44.72567], [5.10677, 44.72542], [5.10734, 44.7257], [5.10762, 44.72556], [5.10726, 44.72521], [5.10691, 44.72514], [5.10753, 44.72392], [5.10916, 44.72483], [5.10986, 44.72543], [5.11035, 44.72609], [5.11148, 44.72663], [5.11152, 44.72703], [5.11178, 44.72707], [5.11208, 44.7268], [5.11199, 44.72637], [5.11136, 44.72621], [5.11115, 44.7263], [5.11034, 44.72585], [5.10996, 44.7253], [5.11035, 44.72523], [5.11035, 44.72498], [5.10966, 44.72482], [5.10946, 44.72489], [5.1072, 44.7235], [5.10676, 44.72222], [5.10654, 44.72201], [5.10677, 44.72194], [5.10679, 44.7217], [5.10645, 44.72163], [5.10629, 44.72182], [5.1059, 44.7211], [5.10627, 44.72037], [5.10623, 44.72004], [5.10595, 44.71978], [5.10621, 44.71963], [5.10608, 44.71939], [5.10654, 44.71925], [5.10663, 44.71911], [5.10616, 44.71774], [5.10607, 44.71655], [5.10696, 44.71627], [5.10897, 44.71529], [5.1092, 44.71556], [5.10957, 44.71547], [5.10966, 44.71511], [5.10999, 44.7149], [5.10984, 44.71471], [5.10956, 44.71474], [5.1099, 44.71442], [5.11052, 44.71412], [5.1104, 44.71398], [5.1096, 44.71444], [5.10895, 44.71512], [5.10686, 44.71614], [5.10513, 44.71663], [5.10499, 44.71638], [5.10481, 44.71634], [5.10454, 44.71647], [5.1046, 44.71666], [5.10437, 44.71665], [5.10383, 44.7164], [5.10346, 44.71569], [5.10241, 44.71531], [5.10225, 44.71512], [5.10244, 44.71489], [5.10294, 44.7147], [5.10418, 44.71515], [5.1044, 44.71514], [5.10408, 44.71462], [5.1043, 44.71396], [5.1042, 44.71348], [5.10447, 44.71344], [5.10361, 44.7132], [5.10235, 44.71326], [5.10202, 44.71301], [5.10189, 44.71312], [5.10227, 44.7134], [5.10402, 44.71342], [5.1041, 44.71395], [5.10388, 44.71462], [5.10402, 44.71493], [5.10307, 44.71458], [5.10316, 44.71443], [5.10292, 44.7142], [5.10248, 44.71424], [5.10239, 44.7144], [5.10259, 44.71465], [5.10212, 44.71492], [5.10206, 44.71521], [5.10229, 44.71543], [5.10331, 44.71579], [5.10347, 44.71622], [5.10279, 44.71621], [5.10172, 44.71684], [5.10107, 44.71702], [5.09847, 44.71577], [5.09769, 44.71559], [5.09778, 44.71546], [5.09817, 44.71541], [5.0982, 44.71524], [5.09791, 44.71508], [5.09766, 44.71529], [5.09746, 44.71529], [5.09691, 44.7148], [5.09555, 44.71413], [5.09594, 44.7138], [5.09581, 44.71362], [5.09562, 44.71362], [5.09541, 44.71384], [5.0951, 44.71393], [5.09419, 44.71348], [5.09315, 44.71316], [5.09294, 44.71287], [5.09273, 44.71288], [5.09223, 44.71328], [5.09206, 44.71307], [5.09266, 44.71288], [5.09138, 44.71291], [5.09125, 44.71301], [5.09182, 44.71363], [5.0921, 44.71361], [5.09229, 44.71343], [5.09263, 44.71346], [5.09242, 44.71382], [5.09251, 44.71395], [5.09287, 44.71396], [5.09314, 44.71412], [5.09366, 44.7139], [5.09376, 44.71368], [5.09302, 44.71331], [5.09357, 44.71343], [5.0939, 44.71356], [5.09385, 44.71373], [5.09404, 44.71387], [5.09438, 44.71378], [5.09477, 44.71396], [5.09487, 44.71419], [5.09521, 44.71419], [5.09513, 44.71434], [5.09536, 44.71453], [5.09573, 44.71443], [5.09589, 44.71451], [5.09574, 44.71467], [5.09588, 44.71507], [5.09622, 44.71499], [5.0966, 44.71525], [5.09695, 44.71509], [5.09747, 44.71558], [5.09546, 44.71671], [5.09493, 44.7164], [5.09462, 44.7165], [5.09457, 44.71674], [5.09473, 44.71696], [5.09513, 44.71706], [5.09552, 44.71686], [5.09561, 44.71696], [5.09488, 44.71732], [5.09497, 44.71754], [5.09526, 44.71747], [5.09553, 44.71761], [5.09647, 44.71733], [5.09635, 44.71701], [5.09612, 44.71696], [5.09626, 44.71682], [5.09648, 44.71692], [5.09672, 44.7168], [5.09659, 44.71629], [5.09713, 44.71601], [5.09716, 44.71622], [5.09748, 44.71647], [5.09782, 44.71641], [5.09775, 44.71604], [5.0975, 44.71582], [5.09765, 44.71573], [5.09838, 44.7159], [5.10142, 44.71747], [5.10162, 44.71767], [5.10124, 44.71781], [5.10137, 44.71809], [5.10162, 44.71813], [5.10183, 44.71793], [5.10275, 44.71873], [5.10256, 44.71887], [5.10273, 44.71915], [5.1032, 44.71913], [5.1057, 44.72157], [5.10655, 44.72222], [5.10621, 44.72227], [5.10614, 44.72242], [5.10628, 44.7226], [5.10671, 44.72262], [5.10691, 44.72338], [5.10715, 44.72368], [5.10689, 44.72383], [5.10667, 44.72372], [5.10646, 44.72384], [5.10605, 44.72362], [5.10581, 44.72394], [5.10546, 44.72403], [5.10545, 44.72418], [5.10605, 44.72463], [5.10636, 44.72452], [5.10616, 44.72422], [5.10644, 44.72414], [5.10652, 44.72399], [5.10677, 44.72403], [5.10671, 44.72418], [5.10685, 44.72432], [5.10716, 44.72428], [5.107, 44.72455], [5.10658, 44.72452], [5.10651, 44.72476], [5.10622, 44.72487], [5.10615, 44.72515], [5.10589, 44.72521], [5.10586, 44.72501], [5.10564, 44.72488], [5.10533, 44.72516], [5.10547, 44.72542], [5.10586, 44.72536], [5.10602, 44.72547], [5.10586, 44.72569], [5.10591, 44.72593], [5.10624, 44.72602], [5.10602, 44.72639], [5.10598, 44.7262], [5.10566, 44.72611], [5.10538, 44.72637], [5.10528, 44.7263], [5.10545, 44.72613], [5.10529, 44.72601], [5.10498, 44.72622], [5.10367, 44.72545], [5.10365, 44.72522], [5.10316, 44.72523], [5.10289, 44.72499], [5.10219, 44.72504], [5.10101, 44.72442], [5.10126, 44.72423], [5.10122, 44.72409], [5.10066, 44.72383], [5.10021, 44.72384], [5.09678, 44.72119], [5.09762, 44.72059], [5.09717, 44.72012], [5.09698, 44.72008], [5.09677, 44.7202], [5.09649, 44.72093], [5.09619, 44.7207], [5.09657, 44.72047], [5.09652, 44.72036], [5.09583, 44.72084], [5.09524, 44.72064], [5.09225, 44.71786], [5.09251, 44.7177], [5.09249, 44.71755], [5.09232, 44.71745], [5.09184, 44.71747], [5.09168, 44.71732], [5.09191, 44.71717], [5.0919, 44.71703], [5.09161, 44.71695], [5.09142, 44.71671], [5.09103, 44.71672], [5.09029, 44.71603], [5.09132, 44.71547], [5.09121, 44.71521], [5.09145, 44.71515], [5.09161, 44.71466], [5.09183, 44.71452], [5.09176, 44.71433], [5.09145, 44.71431], [5.09135, 44.71419], [5.09145, 44.71398], [5.09131, 44.71377], [5.091, 44.71379], [5.09096, 44.71402], [5.09073, 44.71414], [5.09041, 44.71364], [5.09026, 44.71375], [5.09086, 44.71469], [5.08945, 44.71524], [5.08937, 44.71517], [5.08895, 44.71543], [5.08858, 44.71627], [5.08808, 44.71664], [5.08826, 44.71698], [5.08795, 44.7172], [5.0881, 44.71745], [5.08865, 44.71779], [5.08912, 44.71759], [5.0892, 44.71772], [5.089, 44.71783], [5.08903, 44.71813], [5.08887, 44.71823], [5.08832, 44.71804], [5.08818, 44.71816], [5.08825, 44.71835], [5.08863, 44.71855], [5.08896, 44.71844], [5.08922, 44.7185], [5.08891, 44.71888], [5.08869, 44.71885], [5.08856, 44.71866], [5.08836, 44.71867], [5.08816, 44.71885], [5.0883, 44.71902], [5.08801, 44.71904], [5.08793, 44.71924], [5.08826, 44.71937], [5.08857, 44.71928], [5.08879, 44.71935], [5.08896, 44.71923], [5.08896, 44.71941], [5.08875, 44.71944], [5.08863, 44.71964], [5.08907, 44.71982], [5.0892, 44.7196], [5.08992, 44.71929], [5.08976, 44.71907], [5.08949, 44.71905], [5.08922, 44.71925], [5.08911, 44.71907], [5.08911, 44.71879], [5.08929, 44.71864], [5.08961, 44.7189], [5.08991, 44.7188], [5.08988, 44.71861], [5.08957, 44.71847], [5.08987, 44.71829], [5.09063, 44.71898], [5.09052, 44.71928], [5.09015, 44.71918], [5.09, 44.71944], [5.09041, 44.71957], [5.09053, 44.71975], [5.09127, 44.71975], [5.09173, 44.71925], [5.09147, 44.71913], [5.09123, 44.71924], [5.09082, 44.71908], [5.09083, 44.71898], [5.09131, 44.71912], [5.09237, 44.71821], [5.09292, 44.71873], [5.09249, 44.71902], [5.09215, 44.71952], [5.09212, 44.72004], [5.09156, 44.71983], [5.09129, 44.71996], [5.09033, 44.71994], [5.09011, 44.72032], [5.08998, 44.72113], [5.08962, 44.7211], [5.0896, 44.72091], [5.08924, 44.72077], [5.08895, 44.72101], [5.08932, 44.72121], [5.09008, 44.72126], [5.09044, 44.72007], [5.09129, 44.72012], [5.09147, 44.72074], [5.09188, 44.72128], [5.09158, 44.72139], [5.09166, 44.72163], [5.09185, 44.7217], [5.09212, 44.7216], [5.09271, 44.72184], [5.09308, 44.72224], [5.09332, 44.72282], [5.09303, 44.72315], [5.09316, 44.72325], [5.0934, 44.72322], [5.09343, 44.72377], [5.09287, 44.72383], [5.09258, 44.72368], [5.09218, 44.72407], [5.09255, 44.7244], [5.09258, 44.72523], [5.09207, 44.7254], [5.09207, 44.72576], [5.09237, 44.72584], [5.09227, 44.72705], [5.0918, 44.72812], [5.09194, 44.72867], [5.0918, 44.72924], [5.09123, 44.7311], [5.09088, 44.73124], [5.09065, 44.73236], [5.09092, 44.73337], [5.09071, 44.73427], [5.09089, 44.73527], [5.09055, 44.7354], [5.09079, 44.73609], [5.09099, 44.73618], [5.09127, 44.73605], [5.09272, 44.73672], [5.09197, 44.73654], [5.09177, 44.73662], [5.09166, 44.73701], [5.0922, 44.73717], [5.09178, 44.73753], [5.09237, 44.73789], [5.09187, 44.73836], [5.09139, 44.73842], [5.09119, 44.73868], [5.09123, 44.73894], [5.09081, 44.73896], [5.09079, 44.73967], [5.09117, 44.73973], [5.09168, 44.7401], [5.09177, 44.74038], [5.09301, 44.74029], [5.09311, 44.74016], [5.09292, 44.73966], [5.09262, 44.73966], [5.0925, 44.73979], [5.09232, 44.7397], [5.09245, 44.73949], [5.09215, 44.73929], [5.09184, 44.73943], [5.09149, 44.73927], [5.09127, 44.7394], [5.09127, 44.73922], [5.09156, 44.73922], [5.09168, 44.73895], [5.09207, 44.73899], [5.09219, 44.73864], [5.09259, 44.73871], [5.09273, 44.73833], [5.09307, 44.73828], [5.09315, 44.73778], [5.09282, 44.73767], [5.09299, 44.73737], [5.09317, 44.7374], [5.09355, 44.7381], [5.09373, 44.73817], [5.094, 44.738], [5.09366, 44.73746], [5.09406, 44.73778], [5.09447, 44.73783], [5.0956, 44.73716], [5.09634, 44.73696], [5.09678, 44.73732], [5.09755, 44.73709], [5.09774, 44.73679], [5.09741, 44.73645], [5.09753, 44.73616], [5.09797, 44.73625], [5.09814, 44.73612], [5.09804, 44.73591], [5.09763, 44.73589], [5.09766, 44.73566], [5.1004, 44.73116], [5.10077, 44.73077], [5.10279, 44.72987], [5.10277, 44.73037], [5.10232, 44.73113], [5.10145, 44.73208], [5.10083, 44.73204], [5.10073, 44.73236], [5.10118, 44.73253], [5.1017, 44.73242], [5.10162, 44.73215], [5.10249, 44.7312], [5.10297, 44.73037], [5.10376, 44.73142], [5.10426, 44.73377], [5.10463, 44.73422], [5.10648, 44.73555], [5.10775, 44.73785], [5.107, 44.73809], [5.10492, 44.73717], [5.10385, 44.73764], [5.10419, 44.73785], [5.1046, 44.73791], [5.10485, 44.73763], [5.10455, 44.73746], [5.10491, 44.73732], [5.10693, 44.73823], [5.10727, 44.73824], [5.1078, 44.738], [5.10793, 44.73889], [5.10848, 44.73959], [5.10922, 44.74168], [5.10772, 44.74264], [5.10741, 44.74339], [5.10564, 44.74515], [5.10484, 44.74738], [5.10207, 44.7519], [5.10127, 44.75292], [5.101, 44.75277], [5.10091, 44.75252], [5.10022, 44.7524], [5.10003, 44.7525], [5.10005, 44.75275], [5.10053, 44.75285], [5.10061, 44.75305], [5.10112, 44.75313], [5.10081, 44.75395], [5.10081, 44.75435], [5.10118, 44.75516], [5.10176, 44.75589], [5.10122, 44.75611], [5.10102, 44.75638], [5.10054, 44.7564], [5.1003, 44.75629], [5.10007, 44.75642], [5.10012, 44.75658], [5.09964, 44.75652], [5.09914, 44.75663], [5.09869, 44.75694], [5.09876, 44.75711], [5.09805, 44.75734], [5.09784, 44.7578], [5.0971, 44.75821], [5.09667, 44.7589], [5.09514, 44.76001], [5.09528, 44.75973], [5.09496, 44.75963], [5.0941, 44.76015], [5.09329, 44.76086], [5.09327, 44.76047], [5.09298, 44.76039], [5.09279, 44.76053], [5.09273, 44.76091], [5.09203, 44.76083], [5.09097, 44.76124], [5.08938, 44.76101], [5.08892, 44.76062], [5.08869, 44.76056], [5.08874, 44.76069], [5.08905, 44.76084], [5.08936, 44.76129], [5.09002, 44.7617], [5.09017, 44.76209], [5.0907, 44.76245], [5.09122, 44.76245], [5.09108, 44.76228], [5.0908, 44.76225], [5.09067, 44.76239], [5.09052, 44.76231], [5.09018, 44.76162], [5.0895, 44.76118], [5.09112, 44.76137], [5.09209, 44.76097], [5.09283, 44.76104], [5.09307, 44.76053], [5.0931, 44.76091], [5.09338, 44.76099], [5.09498, 44.75978], [5.09491, 44.76017], [5.09529, 44.76012], [5.09683, 44.75899], [5.09726, 44.7583], [5.09803, 44.75784], [5.09828, 44.75784], [5.09839, 44.75769], [5.09845, 44.75836], [5.09817, 44.75874], [5.09784, 44.7601], [5.09752, 44.76023], [5.09668, 44.76007], [5.0964, 44.76021], [5.09616, 44.76101], [5.09624, 44.76137], [5.09656, 44.76143], [5.09704, 44.7609], [5.09685, 44.76073], [5.09644, 44.76081], [5.09658, 44.76027], [5.09755, 44.76038], [5.09803, 44.76015], [5.09837, 44.75877], [5.09865, 44.75838], [5.09863, 44.75769], [5.09834, 44.75742], [5.09907, 44.7572], [5.09912, 44.75703], [5.09946, 44.75717], [5.09931, 44.75744], [5.0995, 44.7577], [5.09972, 44.75773], [5.10004, 44.75747], [5.09962, 44.75715], [5.09987, 44.75712], [5.09994, 44.75695], [5.09934, 44.75672], [5.10007, 44.75672], [5.10093, 44.75696], [5.10128, 44.75841], [5.10187, 44.75834], [5.10199, 44.7582], [5.1018, 44.75796], [5.10137, 44.75793], [5.10111, 44.75689], [5.1013, 44.75626], [5.10261, 44.75576], [5.10361, 44.75569], [5.10439, 44.75588], [5.10476, 44.75634], [5.10542, 44.75651], [5.1056, 44.75668], [5.10505, 44.75816], [5.10509, 44.75841], [5.10564, 44.75871], [5.10597, 44.75862], [5.10601, 44.75841], [5.10712, 44.75822], [5.10734, 44.75826], [5.10707, 44.75837], [5.10657, 44.7589], [5.10632, 44.75872], [5.10592, 44.75879], [5.10589, 44.75918], [5.10566, 44.75923], [5.10565, 44.75943], [5.10592, 44.75949], [5.10601, 44.75923], [5.10622, 44.75925], [5.10573, 44.75969], [5.10516, 44.75988], [5.10397, 44.76068], [5.10357, 44.76077], [5.10265, 44.76054], [5.10232, 44.76067], [5.10244, 44.76093], [5.1033, 44.76117], [5.10377, 44.76117], [5.10382, 44.7609], [5.10528, 44.75999], [5.10587, 44.7598], [5.10732, 44.75841], [5.10761, 44.75838], [5.10865, 44.75878], [5.10966, 44.7587], [5.10858, 44.75997], [5.10837, 44.7599], [5.10811, 44.76003], [5.10829, 44.76029], [5.1079, 44.76045], [5.10782, 44.76083], [5.10817, 44.76115], [5.10669, 44.76206], [5.10637, 44.76267], [5.1061, 44.76269], [5.10593, 44.76303], [5.10645, 44.76344], [5.1068, 44.76339], [5.10705, 44.76321], [5.10711, 44.76296], [5.10699, 44.76274], [5.10656, 44.76271], [5.10685, 44.76216], [5.10828, 44.76128], [5.10819, 44.76159], [5.10836, 44.76173], [5.10874, 44.76169], [5.10889, 44.76153], [5.10902, 44.76199], [5.10967, 44.76209], [5.10966, 44.76229], [5.10946, 44.76242], [5.10918, 44.76239], [5.10906, 44.76255], [5.10953, 44.76277], [5.10925, 44.76313], [5.10967, 44.76463], [5.11011, 44.76498], [5.11081, 44.76483], [5.11061, 44.76601], [5.11017, 44.76627], [5.10943, 44.7662], [5.10814, 44.76565], [5.10807, 44.76546], [5.10785, 44.76538], [5.10756, 44.76543], [5.10739, 44.76564], [5.10726, 44.76544], [5.10692, 44.76548], [5.1068, 44.76584], [5.10638, 44.76579], [5.10612, 44.76557], [5.10585, 44.76574], [5.10603, 44.76589], [5.1065, 44.76595], [5.10662, 44.76615], [5.10693, 44.76607], [5.10711, 44.76635], [5.10741, 44.76634], [5.1075, 44.76612], [5.10759, 44.76612], [5.10758, 44.76627], [5.10797, 44.76658], [5.10841, 44.76634], [5.10852, 44.76655], [5.10815, 44.76673], [5.10823, 44.76691], [5.10848, 44.76699], [5.10847, 44.76861], [5.10932, 44.76985], [5.10893, 44.76987], [5.10887, 44.77012], [5.10901, 44.77026], [5.10949, 44.77025], [5.10968, 44.77109], [5.10984, 44.7712], [5.11036, 44.77118], [5.11055, 44.77106], [5.11103, 44.7712], [5.11128, 44.77094], [5.1109, 44.77062], [5.11063, 44.7706], [5.11037, 44.77068], [5.11035, 44.77101], [5.10988, 44.77106], [5.10965, 44.77002], [5.10929, 44.76945], [5.1095, 44.76925], [5.10935, 44.76911], [5.1091, 44.76916], [5.10867, 44.76859], [5.10865, 44.76826], [5.10911, 44.76818], [5.10922, 44.76806], [5.10911, 44.7679], [5.10866, 44.76782], [5.10879, 44.76673], [5.10857, 44.76622], [5.10877, 44.76605], [5.10968, 44.76639], [5.10961, 44.76652], [5.11031, 44.76789], [5.1106, 44.76805], [5.11084, 44.76802], [5.11088, 44.76781], [5.1101, 44.76642], [5.11048, 44.76633], [5.1108, 44.76607], [5.11109, 44.76467], [5.11085, 44.7646], [5.11024, 44.76485], [5.11002, 44.76476], [5.10981, 44.76446], [5.10945, 44.76312], [5.10988, 44.76263], [5.11003, 44.76172], [5.11145, 44.76054], [5.11164, 44.76065], [5.11191, 44.76059], [5.11207, 44.76038], [5.11194, 44.76021], [5.11213, 44.76012], [5.11242, 44.76036], [5.11271, 44.76026], [5.11263, 44.76059], [5.11371, 44.76124], [5.11398, 44.76161], [5.11405, 44.76175], [5.11384, 44.76165], [5.11356, 44.76178], [5.11365, 44.76203], [5.11395, 44.76211], [5.11413, 44.762], [5.1141, 44.76184], [5.11438, 44.76213], [5.11412, 44.76222], [5.11415, 44.76253], [5.11465, 44.76255], [5.11475, 44.76234], [5.11589, 44.7625], [5.11569, 44.76268], [5.11584, 44.7629], [5.11636, 44.76292], [5.11652, 44.76269], [5.117, 44.76298], [5.11775, 44.76453], [5.11749, 44.7643], [5.11678, 44.76433], [5.11663, 44.76447], [5.1168, 44.76477], [5.1166, 44.76496], [5.11679, 44.76521], [5.11712, 44.76518], [5.11718, 44.76476], [5.11762, 44.76568], [5.11817, 44.76632], [5.11935, 44.76629], [5.11884, 44.76726], [5.11898, 44.76791], [5.11911, 44.76777], [5.11906, 44.76721], [5.11954, 44.76624], [5.11932, 44.76614], [5.11828, 44.7662], [5.1178, 44.76561], [5.1181, 44.76548], [5.11801, 44.76521], [5.11828, 44.76515], [5.1187, 44.76526], [5.11903, 44.76495], [5.11893, 44.76481], [5.11853, 44.76488], [5.11845, 44.76474], [5.11808, 44.76463], [5.11937, 44.76441], [5.11981, 44.76445], [5.12008, 44.76486], [5.12061, 44.76512], [5.12099, 44.76547], [5.12137, 44.7668], [5.12085, 44.76829], [5.12156, 44.76899], [5.12198, 44.7717], [5.12175, 44.77146], [5.12145, 44.7715], [5.12139, 44.77197], [5.12161, 44.77217], [5.12201, 44.77198], [5.12211, 44.7723], [5.12254, 44.77252], [5.12075, 44.7745], [5.12004, 44.7742], [5.11987, 44.77397], [5.11986, 44.77389], [5.12017, 44.77386], [5.12041, 44.77336], [5.11989, 44.77326], [5.11959, 44.77287], [5.11919, 44.77287], [5.11897, 44.77349], [5.11932, 44.7738], [5.11966, 44.77378], [5.11983, 44.77425], [5.11935, 44.77388], [5.11902, 44.77398], [5.1188, 44.77383], [5.11852, 44.77392], [5.11845, 44.77407], [5.11898, 44.77465], [5.1189, 44.77476], [5.11998, 44.77435], [5.12063, 44.77463], [5.12005, 44.77543], [5.11996, 44.77606], [5.1197, 44.7764], [5.11958, 44.77692], [5.11884, 44.77751], [5.11823, 44.77773], [5.11779, 44.77855], [5.11738, 44.77896], [5.11644, 44.77863], [5.11414, 44.77844], [5.11387, 44.77874], [5.11357, 44.77864], [5.11332, 44.77879], [5.11337, 44.77901], [5.11368, 44.77906], [5.11405, 44.77934], [5.11432, 44.77934], [5.11443, 44.77917], [5.11473, 44.77906], [5.11466, 44.77886], [5.11408, 44.7787], [5.11418, 44.77858], [5.11639, 44.77877], [5.11738, 44.7791], [5.1177, 44.77891], [5.11799, 44.77902], [5.11971, 44.7784], [5.12061, 44.77844], [5.12117, 44.77832], [5.1209, 44.77873], [5.12132, 44.77889], [5.12121, 44.77915], [5.12155, 44.77922], [5.12178, 44.77902], [5.12158, 44.77882], [5.12178, 44.77855], [5.12135, 44.77828], [5.12166, 44.77825], [5.12153, 44.77812], [5.12059, 44.77829], [5.11965, 44.77826], [5.11791, 44.77889], [5.11834, 44.77787], [5.11898, 44.77761], [5.11975, 44.77698], [5.11989, 44.77644], [5.12015, 44.77609], [5.12024, 44.77547], [5.12076, 44.77475], [5.12138, 44.77502], [5.1216, 44.77495], [5.12166, 44.77466], [5.121, 44.77451], [5.12272, 44.77258], [5.12337, 44.77268], [5.12606, 44.77252], [5.12607, 44.77289], [5.12665, 44.77292], [5.12677, 44.7728], [5.12668, 44.77249], [5.12742, 44.7723], [5.12837, 44.77118], [5.12879, 44.77115], [5.12909, 44.77133], [5.12932, 44.77123], [5.12935, 44.77109], [5.1291, 44.77087], [5.12949, 44.77035], [5.13088, 44.76985], [5.13183, 44.77069], [5.13158, 44.77074], [5.13158, 44.77096], [5.13188, 44.77099], [5.13197, 44.77078], [5.13274, 44.7713], [5.13302, 44.77232], [5.13395, 44.77244], [5.13543, 44.77384], [5.13565, 44.77434], [5.13523, 44.77458], [5.13542, 44.77498], [5.13506, 44.77511], [5.1352, 44.77538], [5.13542, 44.77542], [5.13581, 44.77527], [5.1361, 44.77557], [5.13641, 44.77555], [5.13645, 44.77535], [5.13602, 44.77517], [5.13604, 44.77496], [5.13692, 44.77523], [5.13669, 44.77552], [5.13734, 44.77578], [5.13709, 44.7762], [5.13742, 44.77638], [5.13761, 44.77633], [5.13794, 44.77591], [5.13789, 44.77577], [5.13764, 44.77569], [5.13786, 44.77551], [5.13923, 44.77599], [5.13939, 44.77611], [5.13925, 44.77631], [5.13941, 44.77645], [5.13928, 44.77667], [5.13983, 44.77695], [5.1395, 44.77712], [5.13904, 44.77681], [5.13876, 44.77693], [5.13814, 44.77688], [5.13814, 44.77665], [5.13775, 44.77657], [5.1375, 44.77671], [5.1375, 44.77691], [5.13864, 44.77705], [5.13859, 44.77721], [5.1388, 44.77733], [5.13919, 44.77717], [5.13995, 44.77747], [5.14095, 44.77743], [5.14098, 44.77756], [5.14008, 44.77753], [5.14001, 44.77769], [5.14024, 44.7779], [5.14014, 44.77797], [5.13989, 44.77781], [5.13959, 44.77795], [5.13943, 44.77779], [5.13917, 44.77785], [5.13924, 44.77809], [5.13957, 44.77801], [5.13962, 44.77811], [5.13926, 44.77815], [5.13922, 44.77831], [5.13896, 44.77835], [5.13861, 44.77871], [5.13862, 44.77886], [5.13831, 44.77897], [5.13825, 44.77914], [5.13848, 44.7793], [5.13834, 44.77945], [5.13804, 44.77931], [5.13779, 44.77946], [5.13795, 44.77975], [5.13766, 44.77974], [5.13755, 44.78], [5.13715, 44.77997], [5.13706, 44.7802], [5.1374, 44.78032], [5.13658, 44.78119], [5.13281, 44.78354], [5.13254, 44.78327], [5.13224, 44.78327], [5.13227, 44.78364], [5.13251, 44.78372], [5.13226, 44.78388], [5.13195, 44.78384], [5.13188, 44.78411], [5.13079, 44.78477], [5.13053, 44.78476], [5.13047, 44.78497], [5.1301, 44.78509], [5.12962, 44.78489], [5.12925, 44.78488], [5.12715, 44.78589], [5.12697, 44.78616], [5.12638, 44.78893], [5.12586, 44.78821], [5.12532, 44.78796], [5.12426, 44.78829], [5.12263, 44.78833], [5.12193, 44.78903], [5.12107, 44.78891], [5.1206, 44.78877], [5.12042, 44.78716], [5.12072, 44.7871], [5.1209, 44.78669], [5.12083, 44.78656], [5.12049, 44.78649], [5.12033, 44.78661], [5.11961, 44.7864], [5.11935, 44.7866], [5.11855, 44.78655], [5.11812, 44.7861], [5.11696, 44.78662], [5.11693, 44.78708], [5.11728, 44.7872], [5.11746, 44.78715], [5.11756, 44.78691], [5.11805, 44.78705], [5.11898, 44.78695], [5.11908, 44.78668], [5.12007, 44.78702], [5.12038, 44.78778], [5.12041, 44.78871], [5.119, 44.78854], [5.11685, 44.78892], [5.11656, 44.78909], [5.11611, 44.78996], [5.11618, 44.79022], [5.11598, 44.7907], [5.11576, 44.79073], [5.11569, 44.79091], [5.11649, 44.79115], [5.1166, 44.79088], [5.11615, 44.7908], [5.11634, 44.79037], [5.11665, 44.7906], [5.11692, 44.791], [5.11695, 44.79199], [5.11647, 44.79168], [5.116, 44.79158], [5.11566, 44.79168], [5.11528, 44.79208], [5.11306, 44.79758], [5.11198, 44.79723], [5.11077, 44.79658], [5.10924, 44.79509], [5.10897, 44.79466], [5.10927, 44.79444], [5.10904, 44.79397], [5.10869, 44.79373], [5.10934, 44.79391], [5.10963, 44.79354], [5.10955, 44.79338], [5.10937, 44.79331], [5.10912, 44.79342], [5.10881, 44.79325], [5.1085, 44.79328], [5.10807, 44.79365], [5.10798, 44.79345], [5.10769, 44.79339], [5.10657, 44.79189], [5.10686, 44.79172], [5.10672, 44.79143], [5.10655, 44.79137], [5.10629, 44.79146], [5.10599, 44.79111], [5.10619, 44.79166], [5.1074, 44.79332], [5.10705, 44.79331], [5.10699, 44.79364], [5.10717, 44.7938], [5.10756, 44.79381], [5.10771, 44.79393], [5.10758, 44.79409], [5.10772, 44.79425], [5.10815, 44.79424], [5.10827, 44.79453], [5.10866, 44.79457], [5.10995, 44.79773], [5.10994, 44.79936], [5.10944, 44.80109], [5.10906, 44.80188], [5.1088, 44.80458], [5.10898, 44.80538], [5.11, 44.80664], [5.10982, 44.80828], [5.10992, 44.809], [5.11028, 44.80985], [5.10955, 44.80953], [5.10877, 44.80893], [5.10845, 44.80715], [5.10831, 44.80705], [5.10825, 44.80704], [5.10817, 44.80744], [5.10788, 44.80764], [5.10789, 44.80795], [5.10812, 44.80759], [5.1082, 44.80739], [5.10825, 44.80719], [5.10859, 44.809], [5.10943, 44.80964], [5.11017, 44.80998], [5.11041, 44.80997], [5.1105, 44.8098], [5.11012, 44.80897], [5.11002, 44.80827], [5.11024, 44.80719], [5.1102, 44.80661], [5.10988, 44.80613], [5.11007, 44.80577], [5.1099, 44.80573], [5.10977, 44.806], [5.10917, 44.80533], [5.109, 44.80468], [5.10926, 44.8019], [5.10967, 44.80103], [5.1102, 44.79877], [5.11012, 44.79759], [5.10927, 44.79534], [5.11086, 44.79685], [5.11286, 44.79774], [5.11333, 44.79949], [5.11317, 44.80033], [5.11287, 44.80041], [5.11279, 44.80059], [5.11293, 44.8007], [5.11327, 44.80068], [5.1137, 44.80127], [5.11341, 44.80114], [5.11311, 44.80119], [5.1132, 44.80154], [5.11347, 44.80163], [5.1137, 44.80148], [5.11388, 44.80162], [5.11513, 44.80167], [5.11564, 44.80158], [5.11559, 44.80145], [5.11513, 44.80153], [5.1139, 44.80146], [5.11385, 44.80109], [5.11336, 44.80038], [5.11353, 44.79955], [5.11396, 44.79952], [5.11411, 44.79918], [5.11391, 44.7989], [5.11342, 44.79901], [5.11307, 44.79773], [5.11355, 44.79754], [5.11339, 44.79729], [5.11406, 44.79587], [5.11486, 44.79348], [5.11545, 44.79359], [5.11589, 44.79287], [5.11581, 44.79272], [5.1154, 44.79263], [5.11503, 44.793], [5.11546, 44.79214], [5.11574, 44.79183], [5.11601, 44.79172], [5.1165, 44.79187], [5.11686, 44.79214], [5.11714, 44.79205], [5.11706, 44.7908], [5.1163, 44.79006], [5.11659, 44.78943], [5.11698, 44.78938], [5.11696, 44.7892], [5.11678, 44.78912], [5.1192, 44.78868], [5.11991, 44.78873], [5.12187, 44.78919], [5.12218, 44.78907], [5.12272, 44.78846], [5.1243, 44.78843], [5.12531, 44.78811], [5.1257, 44.7883], [5.12614, 44.789], [5.12647, 44.78906], [5.12663, 44.78889], [5.1273, 44.78599], [5.1277, 44.78584], [5.12815, 44.78698], [5.1278, 44.78715], [5.12809, 44.78782], [5.1283, 44.7879], [5.12883, 44.7878], [5.12907, 44.78736], [5.12854, 44.78726], [5.12809, 44.78647], [5.12788, 44.78576], [5.12932, 44.78502], [5.12998, 44.78522], [5.13039, 44.78518], [5.13347, 44.78332], [5.13514, 44.78545], [5.13606, 44.78686], [5.1335, 44.78712], [5.13275, 44.78735], [5.13263, 44.78749], [5.13366, 44.78724], [5.13614, 44.787], [5.13682, 44.78865], [5.13779, 44.78961], [5.13945, 44.7922], [5.13933, 44.7925], [5.1394, 44.79436], [5.13882, 44.79525], [5.13953, 44.79553], [5.14121, 44.79764], [5.14142, 44.79853], [5.14124, 44.79842], [5.14084, 44.79853], [5.14093, 44.79886], [5.1413, 44.79887], [5.14107, 44.79966], [5.14079, 44.79967], [5.14063, 44.79992], [5.14076, 44.80008], [5.14116, 44.80016], [5.14204, 44.80006], [5.14206, 44.80077], [5.14171, 44.80117], [5.14116, 44.80087], [5.14096, 44.80089], [5.14068, 44.8006], [5.14027, 44.80057], [5.1399, 44.80069], [5.13833, 44.80057], [5.13815, 44.80067], [5.13834, 44.80085], [5.13803, 44.80122], [5.13866, 44.8014], [5.13909, 44.80195], [5.13939, 44.80182], [5.13925, 44.80138], [5.13975, 44.80156], [5.14015, 44.80118], [5.14061, 44.80162], [5.14093, 44.80135], [5.14129, 44.80142], [5.14187, 44.80126], [5.14225, 44.80081], [5.14225, 44.80016], [5.14252, 44.80011], [5.14321, 44.7994], [5.14307, 44.79909], [5.14276, 44.79905], [5.14244, 44.79917], [5.14213, 44.7995], [5.14141, 44.79976], [5.14126, 44.79953], [5.14161, 44.79859], [5.14211, 44.79869], [5.14236, 44.79856], [5.14297, 44.79852], [5.14312, 44.79863], [5.14435, 44.79872], [5.14461, 44.79841], [5.14422, 44.79826], [5.14388, 44.79827], [5.14383, 44.79806], [5.14349, 44.79802], [5.14331, 44.79811], [5.14337, 44.79834], [5.1425, 44.7984], [5.14246, 44.79815], [5.14228, 44.79808], [5.14193, 44.79822], [5.14196, 44.79844], [5.14162, 44.79844], [5.1414, 44.79759], [5.1407, 44.79679], [5.14096, 44.79677], [5.14116, 44.79644], [5.14073, 44.79631], [5.14047, 44.79655], [5.13969, 44.79544], [5.13902, 44.7952], [5.1396, 44.79438], [5.13959, 44.79234], [5.14117, 44.79055], [5.14157, 44.78987], [5.14207, 44.78606], [5.14248, 44.78457], [5.14252, 44.78362], [5.14316, 44.78186], [5.14339, 44.78184], [5.14349, 44.78163], [5.14334, 44.78148], [5.14304, 44.78156], [5.14293, 44.7814], [5.14347, 44.78143], [5.14362, 44.78135], [5.14361, 44.78226], [5.14438, 44.78298], [5.14491, 44.7853], [5.14388, 44.78667], [5.14368, 44.78735], [5.14474, 44.78926], [5.1448, 44.78985], [5.14529, 44.79011], [5.14449, 44.79089], [5.14422, 44.7916], [5.1441, 44.79286], [5.14476, 44.79462], [5.14439, 44.79515], [5.14443, 44.79541], [5.14469, 44.79576], [5.14594, 44.79672], [5.14596, 44.79745], [5.14619, 44.7977], [5.14703, 44.79807], [5.14828, 44.79841], [5.1491, 44.79901], [5.15044, 44.7995], [5.15094, 44.79983], [5.15105, 44.80017], [5.15089, 44.80092], [5.15119, 44.80223], [5.15145, 44.80265], [5.15125, 44.80337], [5.1507, 44.80438], [5.15108, 44.805], [5.15088, 44.80562], [5.15076, 44.80701], [5.14857, 44.80978], [5.14852, 44.81011], [5.14782, 44.81124], [5.14791, 44.81226], [5.14765, 44.81258], [5.1474, 44.81258], [5.14764, 44.81208], [5.14758, 44.8117], [5.1473, 44.81159], [5.14698, 44.81168], [5.14707, 44.81252], [5.14691, 44.81282], [5.14724, 44.81293], [5.14743, 44.81284], [5.14786, 44.81307], [5.14843, 44.81284], [5.14831, 44.81256], [5.14808, 44.81244], [5.14801, 44.81128], [5.14871, 44.81016], [5.14882, 44.80973], [5.14934, 44.80924], [5.1496, 44.80873], [5.15095, 44.80706], [5.15129, 44.80498], [5.15091, 44.80439], [5.15096, 44.80424], [5.15115, 44.80443], [5.15143, 44.8043], [5.1513, 44.80411], [5.151, 44.80417], [5.15144, 44.80341], [5.15165, 44.80264], [5.15139, 44.80219], [5.15109, 44.8009], [5.15126, 44.80018], [5.15111, 44.79976], [5.15055, 44.79938], [5.14923, 44.79889], [5.14839, 44.79828], [5.14712, 44.79794], [5.14633, 44.79759], [5.14616, 44.79742], [5.14611, 44.79664], [5.14462, 44.79537], [5.14459, 44.79519], [5.14497, 44.7946], [5.1443, 44.79285], [5.14442, 44.79161], [5.14468, 44.79095], [5.14549, 44.79013], [5.1467, 44.7897], [5.14713, 44.78914], [5.14904, 44.78825], [5.15, 44.78752], [5.14863, 44.7892], [5.14863, 44.79035], [5.14896, 44.79037], [5.14905, 44.78996], [5.15053, 44.78877], [5.15084, 44.78871], [5.15119, 44.78881], [5.15186, 44.78968], [5.15165, 44.78977], [5.15165, 44.79], [5.15184, 44.79007], [5.15241, 44.79095], [5.15295, 44.79122], [5.15244, 44.79149], [5.15205, 44.79211], [5.1519, 44.79379], [5.15148, 44.79388], [5.15143, 44.79407], [5.1522, 44.79418], [5.15262, 44.7939], [5.15429, 44.79328], [5.15379, 44.79421], [5.15358, 44.79513], [5.15212, 44.79641], [5.15154, 44.79788], [5.15183, 44.79793], [5.1522, 44.79747], [5.15485, 44.79609], [5.15523, 44.79604], [5.15654, 44.79616], [5.15666, 44.79619], [5.15555, 44.7963], [5.15488, 44.79667], [5.15393, 44.79792], [5.1537, 44.79844], [5.15382, 44.7988], [5.155, 44.80012], [5.15537, 44.8009], [5.15636, 44.80405], [5.15695, 44.80512], [5.1589, 44.8075], [5.15949, 44.80802], [5.16049, 44.80845], [5.1624, 44.80842], [5.16291, 44.80858], [5.16293, 44.80876], [5.16219, 44.80932], [5.16214, 44.80967], [5.16252, 44.80999], [5.16232, 44.81007], [5.16231, 44.81028], [5.16256, 44.81039], [5.16251, 44.81082], [5.16201, 44.81168], [5.16062, 44.81214], [5.15897, 44.81238], [5.15813, 44.81339], [5.15769, 44.81319], [5.15783, 44.81294], [5.15771, 44.81281], [5.15716, 44.81268], [5.15697, 44.81274], [5.15648, 44.81255], [5.15618, 44.8128], [5.15662, 44.81308], [5.15688, 44.81301], [5.15682, 44.81331], [5.15715, 44.81353], [5.15807, 44.8137], [5.15839, 44.81391], [5.15952, 44.81406], [5.16131, 44.81451], [5.16263, 44.81498], [5.16222, 44.81548], [5.16214, 44.81592], [5.1611, 44.81645], [5.16037, 44.81745], [5.15984, 44.81774], [5.15968, 44.81814], [5.15962, 44.81893], [5.15988, 44.8196], [5.15991, 44.8204], [5.15954, 44.82039], [5.15941, 44.82065], [5.15959, 44.82081], [5.15988, 44.8208], [5.15984, 44.82175], [5.15955, 44.8218], [5.15943, 44.82212], [5.15953, 44.82223], [5.15981, 44.82225], [5.15989, 44.82262], [5.16018, 44.82296], [5.16048, 44.82452], [5.15958, 44.82554], [5.15743, 44.82708], [5.15603, 44.82713], [5.15479, 44.82738], [5.15459, 44.82729], [5.15407, 44.82739], [5.15363, 44.82781], [5.15367, 44.82799], [5.15341, 44.82811], [5.15244, 44.828], [5.15226, 44.82775], [5.15227, 44.82735], [5.15212, 44.82726], [5.15168, 44.82729], [5.15151, 44.82768], [5.15104, 44.82787], [5.15094, 44.82742], [5.15121, 44.82722], [5.15117, 44.82701], [5.15047, 44.82694], [5.15018, 44.82708], [5.15026, 44.82746], [5.15011, 44.82772], [5.15115, 44.82836], [5.15158, 44.82836], [5.15174, 44.82854], [5.15205, 44.8285], [5.15208, 44.82831], [5.15224, 44.82841], [5.15244, 44.82837], [5.15248, 44.8286], [5.15286, 44.82887], [5.15321, 44.82877], [5.15334, 44.82888], [5.1531, 44.82907], [5.15354, 44.82943], [5.15375, 44.82941], [5.15393, 44.82916], [5.15465, 44.82915], [5.15566, 44.82989], [5.15551, 44.83001], [5.15558, 44.83015], [5.15518, 44.83034], [5.15531, 44.83058], [5.15565, 44.83066], [5.1561, 44.83028], [5.1569, 44.83108], [5.15738, 44.83129], [5.15982, 44.83155], [5.16234, 44.83221], [5.16358, 44.83274], [5.16465, 44.83291], [5.16491, 44.83283], [5.16565, 44.83219], [5.16597, 44.83152], [5.1667, 44.83376], [5.16756, 44.83518], [5.16855, 44.83987], [5.17032, 44.84344], [5.17006, 44.84347], [5.17, 44.84363], [5.17021, 44.84377], [5.17046, 44.84364], [5.17106, 44.84494], [5.17103, 44.84525], [5.17031, 44.84678], [5.17029, 44.8477], [5.17079, 44.84802], [5.17243, 44.84808], [5.17262, 44.84824], [5.17274, 44.85059], [5.17209, 44.85149], [5.17197, 44.85129], [5.17159, 44.85119], [5.17124, 44.85142], [5.17146, 44.8516], [5.17183, 44.85164], [5.17205, 44.85154], [5.17198, 44.85186], [5.17218, 44.85199], [5.17249, 44.85193], [5.17249, 44.85207], [5.17271, 44.85218], [5.17297, 44.852], [5.1727, 44.85182], [5.17336, 44.85152], [5.17378, 44.85151], [5.17466, 44.85199], [5.17525, 44.85254], [5.17556, 44.85345], [5.17548, 44.85365], [5.1753, 44.85349], [5.17493, 44.85357], [5.17474, 44.85382], [5.17497, 44.85403], [5.17542, 44.85386], [5.1754, 44.85563], [5.17568, 44.85679], [5.17619, 44.85776], [5.17612, 44.85806], [5.17574, 44.85814], [5.17469, 44.85772], [5.17435, 44.85783], [5.17404, 44.85827], [5.17347, 44.85796], [5.17307, 44.85788], [5.17143, 44.85812], [5.1695, 44.85778], [5.16919, 44.8575], [5.16959, 44.85725], [5.16928, 44.85692], [5.16864, 44.8571], [5.16775, 44.85671], [5.16659, 44.85671], [5.16615, 44.85658], [5.1639, 44.85494], [5.16311, 44.85402], [5.16087, 44.85314], [5.16046, 44.85263], [5.15791, 44.85039], [5.15691, 44.848], [5.15601, 44.84689], [5.15574, 44.84588], [5.15487, 44.84533], [5.15514, 44.84513], [5.1562, 44.84496], [5.15645, 44.84508], [5.1564, 44.84534], [5.15719, 44.84558], [5.15739, 44.84538], [5.1572, 44.84522], [5.15726, 44.84502], [5.15688, 44.84487], [5.1569, 44.84473], [5.15665, 44.84452], [5.15617, 44.8445], [5.15554, 44.84469], [5.15511, 44.84454], [5.1549, 44.84478], [5.15515, 44.84497], [5.15478, 44.84512], [5.15468, 44.84542], [5.15556, 44.84595], [5.15582, 44.84694], [5.15673, 44.84806], [5.15736, 44.84982], [5.15774, 44.85046], [5.1603, 44.85272], [5.16063, 44.85316], [5.16298, 44.85412], [5.16374, 44.85503], [5.16603, 44.85669], [5.16656, 44.85685], [5.16743, 44.85686], [5.1663, 44.85689], [5.16615, 44.85708], [5.16527, 44.85707], [5.16515, 44.85718], [5.1652, 44.85752], [5.16639, 44.85757], [5.16654, 44.85739], [5.16732, 44.85738], [5.16742, 44.85722], [5.16831, 44.85772], [5.16876, 44.85741], [5.16937, 44.85789], [5.16971, 44.85799], [5.17151, 44.85827], [5.17317, 44.85803], [5.17398, 44.85842], [5.17375, 44.85949], [5.17314, 44.86081], [5.17307, 44.8624], [5.17357, 44.866], [5.17348, 44.86772], [5.17402, 44.86893], [5.17412, 44.86963], [5.17415, 44.87095], [5.17392, 44.8732], [5.17396, 44.87512], [5.1742, 44.87691], [5.17476, 44.87778], [5.17527, 44.87956], [5.17559, 44.87992], [5.17644, 44.88041], [5.17731, 44.88161], [5.17786, 44.88175], [5.17874, 44.88171], [5.17942, 44.88133], [5.17983, 44.88077], [5.18005, 44.88073], [5.18004, 44.88212], [5.18038, 44.88311], [5.17968, 44.88479], [5.17892, 44.88602], [5.17917, 44.88591]], [[5.1172, 44.76295], [5.11751, 44.7625], [5.11706, 44.76226], [5.11646, 44.76243], [5.1167, 44.762], [5.11692, 44.76211], [5.11756, 44.762], [5.1177, 44.7614], [5.11738, 44.76133], [5.11679, 44.76154], [5.11698, 44.7613], [5.11669, 44.76135], [5.11626, 44.76239], [5.11501, 44.76228], [5.1144, 44.76193], [5.11398, 44.76127], [5.11429, 44.76129], [5.11439, 44.76101], [5.11406, 44.76093], [5.1139, 44.76118], [5.11332, 44.76081], [5.11255, 44.75984], [5.11296, 44.76004], [5.11338, 44.75983], [5.11368, 44.75992], [5.11429, 44.75977], [5.11458, 44.7593], [5.11433, 44.75915], [5.114, 44.75932], [5.11376, 44.7592], [5.1164, 44.75703], [5.1171, 44.75608], [5.11737, 44.75631], [5.1192, 44.75628], [5.1194, 44.75731], [5.11974, 44.75737], [5.12002, 44.75724], [5.11995, 44.7569], [5.11947, 44.75699], [5.11945, 44.75649], [5.11998, 44.75639], [5.11998, 44.756], [5.11964, 44.75592], [5.11958, 44.75579], [5.12003, 44.75587], [5.12014, 44.75557], [5.11986, 44.75538], [5.11939, 44.75542], [5.11953, 44.75459], [5.1192, 44.75366], [5.11882, 44.7531], [5.11938, 44.75288], [5.11944, 44.75274], [5.1193, 44.75259], [5.11899, 44.75254], [5.11865, 44.7528], [5.11759, 44.75152], [5.11687, 44.75135], [5.11465, 44.75018], [5.11484, 44.74998], [5.11483, 44.7497], [5.11467, 44.74961], [5.11424, 44.74968], [5.11324, 44.74753], [5.11167, 44.74631], [5.11091, 44.74538], [5.10988, 44.74325], [5.10951, 44.74202], [5.10985, 44.74214], [5.11084, 44.74213], [5.1108, 44.74238], [5.11115, 44.74251], [5.11119, 44.74282], [5.11134, 44.7429], [5.11169, 44.7428], [5.11163, 44.74222], [5.11122, 44.74203], [5.11118, 44.74162], [5.11079, 44.74161], [5.11085, 44.74101], [5.11073, 44.74089], [5.11032, 44.74096], [5.11021, 44.74198], [5.1097, 44.74195], [5.10943, 44.74168], [5.10867, 44.73955], [5.10812, 44.73885], [5.10795, 44.73778], [5.10766, 44.73725], [5.10786, 44.73702], [5.1075, 44.73697], [5.10653, 44.73533], [5.10479, 44.73413], [5.10444, 44.73372], [5.10409, 44.73178], [5.10518, 44.73296], [5.10545, 44.73298], [5.10622, 44.73273], [5.10591, 44.7326], [5.1053, 44.73284], [5.10395, 44.73136], [5.10302, 44.7301], [5.10325, 44.73015], [5.10341, 44.73053], [5.10376, 44.73052], [5.10376, 44.72973], [5.10334, 44.72963], [5.103, 44.72976], [5.10296, 44.72936], [5.10322, 44.72913], [5.10304, 44.72898], [5.10273, 44.72905], [5.10242, 44.72862], [5.1027, 44.72853], [5.10267, 44.72828], [5.1023, 44.72822], [5.10194, 44.72785], [5.10313, 44.7282], [5.10394, 44.72879], [5.10429, 44.7288], [5.10442, 44.72853], [5.10416, 44.72844], [5.10396, 44.72858], [5.1038, 44.72847], [5.10403, 44.72839], [5.104, 44.72818], [5.10364, 44.72814], [5.1035, 44.72827], [5.10322, 44.72807], [5.10336, 44.72791], [5.10325, 44.72776], [5.1028, 44.72784], [5.10291, 44.72765], [5.10277, 44.72748], [5.10236, 44.7276], [5.10232, 44.72781], [5.10206, 44.7277], [5.1036, 44.72698], [5.10393, 44.72719], [5.10475, 44.72741], [5.10489, 44.72714], [5.10417, 44.7268], [5.10467, 44.72664], [5.10541, 44.7269], [5.10536, 44.72708], [5.10572, 44.72727], [5.10607, 44.72717], [5.10655, 44.7274], [5.10605, 44.72737], [5.1059, 44.72757], [5.10624, 44.72778], [5.10658, 44.72776], [5.1066, 44.72793], [5.1068, 44.72804], [5.10702, 44.72804], [5.10714, 44.72788], [5.10683, 44.72753], [5.1142, 44.73083], [5.11737, 44.73316], [5.11829, 44.7345], [5.11874, 44.73554], [5.1202, 44.73803], [5.12244, 44.74102], [5.1234, 44.74269], [5.12516, 44.74841], [5.12606, 44.75017], [5.12949, 44.75396], [5.13131, 44.75559], [5.13046, 44.75613], [5.12998, 44.75604], [5.12986, 44.75619], [5.13, 44.75634], [5.1286, 44.7574], [5.12789, 44.75757], [5.1266, 44.75761], [5.12557, 44.75859], [5.12383, 44.76064], [5.12346, 44.76144], [5.12299, 44.76135], [5.12231, 44.76097], [5.12127, 44.76077], [5.12097, 44.76082], [5.12077, 44.76108], [5.12059, 44.76205], [5.11955, 44.76328], [5.11959, 44.76425], [5.11808, 44.76449], [5.11794, 44.76448], [5.1172, 44.76295]], [[5.11665, 44.75358], [5.11694, 44.75151], [5.11746, 44.75163], [5.1182, 44.75242], [5.11901, 44.75371], [5.11933, 44.75461], [5.11929, 44.75499], [5.11849, 44.75474], [5.11806, 44.75494], [5.1184, 44.75516], [5.11922, 44.75526], [5.11919, 44.75614], [5.11741, 44.75616], [5.11717, 44.75593], [5.11724, 44.75568], [5.11665, 44.75358]], [[5.09031, 44.71844], [5.09005, 44.71822], [5.09024, 44.71808], [5.0905, 44.71835], [5.09031, 44.71844]], [[5.0909, 44.71725], [5.09108, 44.71704], [5.09113, 44.71709], [5.0909, 44.71725]], [[5.09051, 44.7169], [5.09077, 44.71671], [5.09092, 44.71685], [5.09051, 44.7169]], [[5.09011, 44.71654], [5.09024, 44.71633], [5.09007, 44.71613], [5.08942, 44.71596], [5.08978, 44.71579], [5.09041, 44.71642], [5.09011, 44.71654]], [[5.0911, 44.71449], [5.0911, 44.71454], [5.09101, 44.71457], [5.0911, 44.71449]], [[5.0889, 44.71562], [5.08921, 44.71552], [5.0893, 44.71534], [5.08948, 44.71551], [5.0889, 44.71562]], [[5.08964, 44.71644], [5.08969, 44.71641], [5.08979, 44.71651], [5.08964, 44.71644]], [[5.08957, 44.71536], [5.08976, 44.71528], [5.08965, 44.71535], [5.08957, 44.71536]], [[5.08953, 44.71812], [5.08956, 44.71803], [5.08974, 44.71818], [5.08953, 44.71812]], [[5.08983, 44.71784], [5.0897, 44.71792], [5.08933, 44.7176], [5.08946, 44.71751], [5.08983, 44.71784]], [[5.09024, 44.71803], [5.09012, 44.71788], [5.09032, 44.71775], [5.0904, 44.71788], [5.09024, 44.71803]], [[5.10005, 44.72931], [5.0978, 44.72796], [5.09811, 44.72774], [5.09808, 44.72757], [5.0977, 44.72739], [5.0974, 44.7276], [5.097, 44.72726], [5.09672, 44.72748], [5.09634, 44.72713], [5.0961, 44.72714], [5.09597, 44.72731], [5.09616, 44.72754], [5.09711, 44.72804], [5.09752, 44.72796], [5.0999, 44.7294], [5.10077, 44.7306], [5.10021, 44.7311], [5.09728, 44.73585], [5.09645, 44.73641], [5.0962, 44.73629], [5.09589, 44.73644], [5.09583, 44.73657], [5.09599, 44.73671], [5.09456, 44.73765], [5.09416, 44.73765], [5.09296, 44.73679], [5.09291, 44.73667], [5.09347, 44.73627], [5.09338, 44.73586], [5.09284, 44.7356], [5.09254, 44.73568], [5.09221, 44.73599], [5.09211, 44.73594], [5.09215, 44.7358], [5.09163, 44.735], [5.0913, 44.73508], [5.09135, 44.73537], [5.09114, 44.7354], [5.09092, 44.73427], [5.0911, 44.73353], [5.09127, 44.73383], [5.09179, 44.7337], [5.09162, 44.73294], [5.09116, 44.73241], [5.09129, 44.73196], [5.09142, 44.73215], [5.09171, 44.73217], [5.09183, 44.73206], [5.09191, 44.73149], [5.09156, 44.7314], [5.09138, 44.73152], [5.09141, 44.73134], [5.0918, 44.73131], [5.09184, 44.73094], [5.09207, 44.73082], [5.09198, 44.73058], [5.09157, 44.73054], [5.09212, 44.72886], [5.09199, 44.72817], [5.09244, 44.72717], [5.0925, 44.72608], [5.09308, 44.72608], [5.09323, 44.72597], [5.09304, 44.72574], [5.09305, 44.72558], [5.09328, 44.72545], [5.09315, 44.72499], [5.09295, 44.72482], [5.09272, 44.72481], [5.0927, 44.7245], [5.09343, 44.72422], [5.09363, 44.72393], [5.09356, 44.72292], [5.09326, 44.72219], [5.09291, 44.72181], [5.09502, 44.7207], [5.09623, 44.72108], [5.09672, 44.72135], [5.10095, 44.72458], [5.10065, 44.72588], [5.10065, 44.72665], [5.10282, 44.72959], [5.10281, 44.72969], [5.10094, 44.73052], [5.10005, 44.72931]], [[5.10082, 44.72649], [5.10111, 44.72467], [5.10325, 44.72577], [5.10446, 44.72654], [5.10262, 44.72718], [5.10182, 44.72764], [5.10174, 44.72789], [5.10082, 44.72649]], [[5.0922, 44.72037], [5.09239, 44.71949], [5.09278, 44.71976], [5.0935, 44.71929], [5.09488, 44.7206], [5.09277, 44.7217], [5.09234, 44.72156], [5.09163, 44.72062], [5.0922, 44.72037]], [[5.09257, 44.71933], [5.09245, 44.7194], [5.09262, 44.71915], [5.09257, 44.71933]], [[5.09296, 44.71896], [5.09286, 44.71896], [5.09304, 44.71884], [5.09321, 44.71907], [5.09296, 44.71896]], [[5.09157, 44.71746], [5.09134, 44.71758], [5.09127, 44.71753], [5.09146, 44.71738], [5.09157, 44.71746]], [[5.09169, 44.71757], [5.0917, 44.71758], [5.09168, 44.71759], [5.09169, 44.71757]], [[5.09087, 44.71816], [5.09085, 44.71816], [5.09088, 44.71814], [5.09087, 44.71816]], [[5.09145, 44.71817], [5.09145, 44.71814], [5.09163, 44.71821], [5.09145, 44.71817]], [[5.09129, 44.73956], [5.09127, 44.73958], [5.09127, 44.73954], [5.09129, 44.73956]], [[5.09273, 44.7362], [5.09295, 44.73641], [5.09277, 44.73656], [5.09224, 44.73628], [5.09238, 44.73616], [5.09273, 44.7362]], [[5.09223, 44.73825], [5.09221, 44.73839], [5.09211, 44.73836], [5.09223, 44.73825]], [[5.09268, 44.73714], [5.0928, 44.7369], [5.09276, 44.73746], [5.09227, 44.73719], [5.09268, 44.73714]], [[5.09261, 44.73807], [5.09245, 44.73806], [5.09249, 44.73802], [5.0926, 44.73791], [5.09261, 44.73807]], [[5.09208, 44.74005], [5.09195, 44.74004], [5.09202, 44.73998], [5.09208, 44.74005]], [[5.0961, 44.72089], [5.09603, 44.72088], [5.09608, 44.72083], [5.09621, 44.72092], [5.0961, 44.72089]], [[5.09643, 44.73662], [5.09739, 44.73597], [5.09719, 44.73648], [5.09643, 44.73662]], [[5.09608, 44.73689], [5.09599, 44.73691], [5.09626, 44.73673], [5.09608, 44.73689]], [[5.09338, 44.73731], [5.09332, 44.73732], [5.09339, 44.73724], [5.09338, 44.73731]], [[5.10149, 44.75486], [5.10208, 44.75474], [5.10218, 44.75449], [5.10202, 44.75439], [5.10155, 44.75441], [5.10133, 44.75462], [5.10129, 44.75495], [5.101, 44.75397], [5.1013, 44.75319], [5.10213, 44.75209], [5.10268, 44.75386], [5.10392, 44.75523], [5.10348, 44.75524], [5.10328, 44.75557], [5.10242, 44.75564], [5.10193, 44.75582], [5.10145, 44.75521], [5.10149, 44.75486]], [[5.10528, 44.74682], [5.10546, 44.7469], [5.10579, 44.74679], [5.10571, 44.74655], [5.10537, 44.74655], [5.10553, 44.74605], [5.10583, 44.74607], [5.10596, 44.74589], [5.10631, 44.74582], [5.10618, 44.74561], [5.10595, 44.74563], [5.10588, 44.74578], [5.10563, 44.74574], [5.10595, 44.74503], [5.10654, 44.74447], [5.10672, 44.74461], [5.10709, 44.74458], [5.1071, 44.74436], [5.10675, 44.74427], [5.10768, 44.74334], [5.108, 44.74349], [5.10825, 44.74332], [5.10823, 44.7431], [5.10778, 44.74304], [5.1079, 44.74272], [5.10926, 44.74184], [5.10969, 44.74329], [5.11072, 44.74544], [5.11151, 44.74639], [5.11306, 44.7476], [5.11422, 44.75007], [5.11674, 44.75148], [5.11645, 44.75358], [5.11704, 44.75539], [5.11696, 44.75594], [5.11624, 44.75694], [5.11386, 44.7589], [5.11312, 44.75894], [5.11283, 44.75924], [5.11209, 44.75941], [5.11181, 44.75962], [5.1106, 44.759], [5.1113, 44.75813], [5.11135, 44.75754], [5.11117, 44.75742], [5.11094, 44.75747], [5.11091, 44.75769], [5.11048, 44.75804], [5.11068, 44.75856], [5.11043, 44.75892], [5.1098, 44.75857], [5.10868, 44.75864], [5.10723, 44.75808], [5.10567, 44.75832], [5.10548, 44.75816], [5.10524, 44.75823], [5.1058, 44.75685], [5.10577, 44.75659], [5.10551, 44.75639], [5.10491, 44.75623], [5.10293, 44.75391], [5.10227, 44.75194], [5.10528, 44.74682]], [[5.09909, 44.75701], [5.0989, 44.75698], [5.09906, 44.75688], [5.09909, 44.75701]], [[5.10114, 44.71717], [5.10183, 44.71696], [5.10287, 44.71634], [5.10314, 44.71633], [5.10392, 44.71665], [5.10383, 44.71691], [5.10263, 44.7169], [5.1024, 44.71714], [5.10273, 44.71732], [5.103, 44.71705], [5.1035, 44.71707], [5.10313, 44.71718], [5.10302, 44.71741], [5.10314, 44.71762], [5.10359, 44.71773], [5.10376, 44.71756], [5.10358, 44.7172], [5.10383, 44.71727], [5.10389, 44.71756], [5.1045, 44.71749], [5.10434, 44.71723], [5.10388, 44.71713], [5.10409, 44.71674], [5.10477, 44.7168], [5.10588, 44.71661], [5.10597, 44.71741], [5.10567, 44.71752], [5.10485, 44.71749], [5.10472, 44.71776], [5.10482, 44.71788], [5.10509, 44.7179], [5.10595, 44.71758], [5.10603, 44.71793], [5.10568, 44.71799], [5.10559, 44.71813], [5.10582, 44.7185], [5.10624, 44.71848], [5.10643, 44.71906], [5.10503, 44.71963], [5.10512, 44.72], [5.10558, 44.71996], [5.10568, 44.71982], [5.10603, 44.72009], [5.10605, 44.72049], [5.10571, 44.72096], [5.10576, 44.72138], [5.10313, 44.71881], [5.10213, 44.718], [5.10239, 44.71784], [5.10235, 44.71761], [5.10195, 44.71737], [5.10166, 44.71745], [5.10114, 44.71717]], [[5.09301, 44.71376], [5.09301, 44.71375], [5.09302, 44.71376], [5.09301, 44.71376]], [[5.10735, 44.72741], [5.10726, 44.72754], [5.10706, 44.72744], [5.10735, 44.72741]], [[5.10502, 44.72661], [5.10503, 44.72662], [5.10501, 44.72662], [5.10502, 44.72661]], [[5.10421, 44.72624], [5.10422, 44.72626], [5.10406, 44.72617], [5.10421, 44.72624]], [[5.10266, 44.72791], [5.10276, 44.72787], [5.10274, 44.7279], [5.10266, 44.72791]], [[5.10583, 44.72688], [5.10578, 44.72686], [5.10596, 44.72667], [5.10583, 44.72688]], [[5.10658, 44.72654], [5.1066, 44.72673], [5.10629, 44.72674], [5.10658, 44.72654]], [[5.10641, 44.72571], [5.10638, 44.72574], [5.10644, 44.72566], [5.10641, 44.72571]], [[5.10667, 44.72484], [5.10684, 44.72487], [5.10674, 44.72507], [5.10667, 44.72484]], [[5.10634, 44.72712], [5.10635, 44.72711], [5.10636, 44.72712], [5.10634, 44.72712]], [[5.10672, 44.72703], [5.10677, 44.72701], [5.10686, 44.72705], [5.10672, 44.72703]], [[5.10401, 44.75535], [5.10425, 44.75569], [5.10387, 44.75558], [5.10401, 44.75535]], [[5.10888, 44.75985], [5.1098, 44.75881], [5.1104, 44.75908], [5.11015, 44.75923], [5.11031, 44.75945], [5.11063, 44.75949], [5.11075, 44.75924], [5.1119, 44.75991], [5.10994, 44.76154], [5.1097, 44.76195], [5.10918, 44.76189], [5.10905, 44.76144], [5.10839, 44.76116], [5.10888, 44.75985]], [[5.10791, 44.72731], [5.1079, 44.7275], [5.10769, 44.72741], [5.10791, 44.72731]], [[5.10793, 44.72753], [5.10801, 44.72757], [5.10795, 44.7276], [5.10793, 44.72753]], [[5.11792, 44.7866], [5.11765, 44.7866], [5.11767, 44.78657], [5.11793, 44.78645], [5.11792, 44.7866]], [[5.11753, 44.78675], [5.11754, 44.78674], [5.11754, 44.78676], [5.11753, 44.78675]], [[5.15907, 44.81251], [5.16024, 44.81235], [5.16035, 44.81249], [5.16063, 44.81248], [5.16075, 44.81226], [5.16223, 44.81171], [5.16271, 44.81085], [5.16284, 44.81016], [5.16271, 44.80993], [5.16289, 44.80978], [5.16275, 44.8095], [5.16238, 44.80946], [5.16238, 44.80936], [5.16298, 44.80893], [5.16337, 44.80911], [5.16498, 44.80895], [5.16616, 44.80908], [5.1669, 44.8096], [5.16666, 44.80981], [5.1667, 44.80995], [5.1672, 44.81019], [5.16749, 44.81009], [5.16763, 44.8102], [5.16729, 44.81116], [5.16716, 44.81101], [5.16691, 44.81099], [5.16663, 44.81136], [5.16639, 44.8112], [5.16595, 44.81136], [5.16593, 44.81162], [5.16551, 44.81128], [5.16513, 44.81139], [5.16522, 44.81193], [5.165, 44.81209], [5.16501, 44.81254], [5.16453, 44.81292], [5.16473, 44.81273], [5.16457, 44.81267], [5.16432, 44.81294], [5.16448, 44.81308], [5.16483, 44.81292], [5.16492, 44.81311], [5.16396, 44.81368], [5.16377, 44.814], [5.16348, 44.8137], [5.16316, 44.81376], [5.16311, 44.81427], [5.16284, 44.8145], [5.16291, 44.81467], [5.16264, 44.81483], [5.16001, 44.81402], [5.15846, 44.81378], [5.1583, 44.8137], [5.15828, 44.8135], [5.15907, 44.81251]], [[5.13797, 44.78955], [5.1371, 44.78874], [5.13608, 44.78652], [5.13428, 44.78404], [5.13466, 44.78396], [5.13475, 44.78377], [5.13454, 44.78364], [5.13403, 44.78371], [5.13362, 44.78323], [5.13658, 44.78139], [5.13758, 44.78039], [5.1386, 44.77961], [5.1388, 44.7795], [5.13898, 44.77947], [5.13929, 44.77952], [5.13919, 44.77961], [5.13878, 44.77954], [5.13865, 44.77979], [5.13898, 44.77999], [5.13913, 44.77993], [5.13924, 44.78018], [5.13961, 44.78019], [5.13958, 44.78042], [5.13976, 44.78056], [5.13999, 44.7805], [5.14018, 44.78024], [5.14065, 44.78032], [5.14083, 44.78014], [5.14064, 44.77995], [5.14152, 44.78002], [5.14144, 44.78017], [5.14104, 44.78007], [5.14091, 44.7803], [5.14064, 44.78035], [5.1406, 44.78055], [5.14156, 44.78088], [5.14177, 44.78061], [5.14138, 44.78045], [5.14151, 44.78028], [5.14185, 44.78034], [5.14204, 44.78059], [5.14246, 44.7807], [5.14248, 44.78086], [5.14219, 44.78094], [5.14209, 44.78112], [5.14235, 44.78128], [5.14258, 44.78122], [5.14297, 44.78193], [5.14232, 44.7836], [5.14228, 44.78456], [5.14187, 44.78604], [5.14171, 44.78751], [5.14118, 44.78746], [5.14151, 44.78739], [5.14154, 44.78687], [5.14112, 44.78659], [5.14039, 44.78661], [5.14001, 44.78672], [5.13994, 44.7869], [5.13954, 44.787], [5.13975, 44.78745], [5.14004, 44.78742], [5.14008, 44.78717], [5.14024, 44.78718], [5.14042, 44.78751], [5.14169, 44.78766], [5.14148, 44.78785], [5.14163, 44.78802], [5.14153, 44.78882], [5.14111, 44.78874], [5.14094, 44.78886], [5.14098, 44.78926], [5.14149, 44.7892], [5.1412, 44.79019], [5.13957, 44.79206], [5.13797, 44.78955]], [[5.14188, 44.77999], [5.1421, 44.78002], [5.14242, 44.78011], [5.14188, 44.77999]], [[5.14192, 44.77954], [5.14252, 44.77999], [5.14187, 44.77985], [5.14192, 44.77954]], [[5.14239, 44.77963], [5.14239, 44.7797], [5.14232, 44.77964], [5.14239, 44.77963]], [[5.14186, 44.77864], [5.14158, 44.77861], [5.14194, 44.77789], [5.142, 44.7781], [5.14224, 44.77821], [5.14208, 44.77855], [5.14224, 44.77876], [5.14241, 44.77885], [5.1428, 44.7788], [5.14279, 44.77904], [5.14254, 44.77909], [5.14207, 44.77894], [5.14186, 44.77864]], [[5.14183, 44.77706], [5.14181, 44.77703], [5.14185, 44.77702], [5.14183, 44.77706]], [[5.14159, 44.77643], [5.14127, 44.77638], [5.14098, 44.77617], [5.14138, 44.77614], [5.14154, 44.77601], [5.14133, 44.77577], [5.14102, 44.77582], [5.14088, 44.77601], [5.13984, 44.77593], [5.13977, 44.77548], [5.14001, 44.77549], [5.14003, 44.77564], [5.14036, 44.77583], [5.14102, 44.77563], [5.14092, 44.77531], [5.1406, 44.77531], [5.14045, 44.77542], [5.14022, 44.77537], [5.14015, 44.77511], [5.13989, 44.77509], [5.13993, 44.77492], [5.14008, 44.77503], [5.14041, 44.77501], [5.14048, 44.7748], [5.14035, 44.7747], [5.14006, 44.77469], [5.1397, 44.77495], [5.13906, 44.77487], [5.13903, 44.77513], [5.13957, 44.77531], [5.13959, 44.77567], [5.13925, 44.77584], [5.13876, 44.77567], [5.13915, 44.77448], [5.13813, 44.77374], [5.13751, 44.77385], [5.13753, 44.77407], [5.13782, 44.77412], [5.138, 44.7743], [5.13777, 44.77424], [5.13759, 44.77438], [5.13734, 44.77431], [5.13712, 44.7744], [5.13712, 44.77463], [5.13747, 44.77475], [5.13725, 44.77496], [5.13663, 44.77458], [5.1364, 44.77465], [5.13642, 44.77489], [5.13634, 44.77484], [5.13612, 44.77463], [5.13647, 44.77453], [5.13639, 44.7743], [5.1358, 44.77421], [5.13552, 44.77366], [5.13409, 44.77233], [5.13318, 44.77223], [5.13291, 44.77122], [5.13177, 44.77045], [5.13104, 44.76972], [5.13075, 44.76972], [5.12946, 44.77018], [5.12904, 44.77073], [5.12844, 44.77078], [5.12713, 44.77227], [5.12692, 44.77204], [5.12625, 44.77212], [5.1262, 44.77237], [5.12312, 44.77252], [5.12296, 44.77214], [5.12328, 44.77185], [5.12349, 44.77131], [5.12412, 44.77135], [5.12432, 44.77104], [5.12424, 44.77089], [5.12374, 44.77079], [5.12348, 44.77087], [5.12309, 44.77179], [5.12277, 44.77208], [5.12292, 44.77248], [5.12224, 44.77216], [5.12184, 44.76922], [5.12166, 44.76878], [5.12105, 44.76827], [5.12158, 44.76702], [5.12133, 44.76571], [5.12107, 44.76529], [5.12023, 44.76477], [5.11979, 44.76428], [5.11975, 44.76331], [5.12078, 44.76211], [5.12101, 44.76103], [5.12125, 44.76091], [5.12225, 44.76111], [5.12306, 44.76153], [5.12359, 44.76155], [5.12401, 44.76071], [5.12574, 44.75867], [5.12674, 44.75772], [5.12792, 44.75771], [5.1287, 44.75752], [5.13018, 44.75641], [5.13082, 44.75615], [5.13145, 44.7557], [5.13347, 44.75733], [5.13257, 44.75715], [5.13169, 44.75662], [5.13118, 44.75661], [5.13063, 44.75706], [5.13076, 44.75819], [5.13091, 44.75819], [5.13103, 44.75798], [5.13083, 44.75709], [5.13126, 44.75675], [5.13173, 44.7568], [5.13263, 44.75734], [5.13359, 44.75748], [5.1341, 44.75911], [5.13453, 44.75948], [5.13407, 44.75941], [5.13399, 44.75966], [5.13421, 44.75981], [5.13454, 44.75981], [5.13467, 44.75969], [5.13459, 44.7595], [5.13656, 44.76007], [5.13698, 44.76039], [5.13788, 44.7616], [5.13801, 44.76453], [5.13654, 44.76792], [5.13588, 44.76699], [5.13436, 44.76632], [5.13441, 44.76616], [5.13496, 44.76631], [5.13565, 44.76608], [5.13576, 44.76593], [5.13555, 44.76563], [5.13498, 44.76575], [5.13491, 44.76595], [5.13428, 44.76605], [5.13414, 44.7663], [5.13426, 44.76646], [5.13574, 44.76709], [5.13619, 44.76767], [5.13651, 44.76825], [5.13653, 44.76918], [5.13706, 44.77035], [5.13702, 44.77079], [5.13725, 44.77086], [5.13743, 44.77071], [5.13733, 44.77094], [5.13767, 44.77099], [5.13784, 44.7708], [5.13761, 44.77063], [5.1383, 44.7706], [5.13885, 44.7709], [5.13968, 44.77289], [5.14028, 44.77386], [5.14009, 44.7739], [5.13963, 44.77368], [5.13947, 44.77401], [5.13971, 44.77412], [5.14002, 44.77403], [5.14, 44.77423], [5.1402, 44.77432], [5.14045, 44.77419], [5.14059, 44.77437], [5.14032, 44.77454], [5.14042, 44.77472], [5.14078, 44.77481], [5.14095, 44.77464], [5.14133, 44.77496], [5.14159, 44.77524], [5.14142, 44.77548], [5.14167, 44.77561], [5.14188, 44.77557], [5.14202, 44.77581], [5.14159, 44.77643]], [[5.14064, 44.74792], [5.14039, 44.74788], [5.14019, 44.74799], [5.14018, 44.74817], [5.14035, 44.74826], [5.13806, 44.74883], [5.13498, 44.75067], [5.1343, 44.75122], [5.13267, 44.75154], [5.13244, 44.75136], [5.13212, 44.75141], [5.1319, 44.75209], [5.1321, 44.75324], [5.13264, 44.7538], [5.1322, 44.75356], [5.13143, 44.75278], [5.13158, 44.75128], [5.13128, 44.75077], [5.13098, 44.74953], [5.13043, 44.74866], [5.13194, 44.74806], [5.13209, 44.74718], [5.13357, 44.74669], [5.1344, 44.74578], [5.13605, 44.745], [5.13733, 44.74549], [5.14014, 44.74547], [5.14168, 44.74631], [5.14112, 44.74733], [5.14064, 44.74792]], [[5.12996, 44.75418], [5.12625, 44.75011], [5.12548, 44.74868], [5.12601, 44.74879], [5.12676, 44.74862], [5.12687, 44.74845], [5.12669, 44.74834], [5.12647, 44.74843], [5.12606, 44.74763], [5.12564, 44.74762], [5.12537, 44.7478], [5.12532, 44.74771], [5.12552, 44.74753], [5.12522, 44.7472], [5.12501, 44.74717], [5.1236, 44.74265], [5.12224, 44.74045], [5.12283, 44.74094], [5.12325, 44.74099], [5.12595, 44.73975], [5.12656, 44.74035], [5.12758, 44.74226], [5.12726, 44.74236], [5.12723, 44.7425], [5.12748, 44.74273], [5.12785, 44.7426], [5.12829, 44.74305], [5.12806, 44.74317], [5.12803, 44.7428], [5.12769, 44.74281], [5.12758, 44.74321], [5.12739, 44.74334], [5.12752, 44.74408], [5.12708, 44.74429], [5.12722, 44.74451], [5.12774, 44.74443], [5.1275, 44.74481], [5.12773, 44.74504], [5.12803, 44.745], [5.12811, 44.74585], [5.1279, 44.74549], [5.12762, 44.74554], [5.12758, 44.74581], [5.12783, 44.7459], [5.12784, 44.74617], [5.12814, 44.7462], [5.12826, 44.74642], [5.12804, 44.74654], [5.12806, 44.74669], [5.12831, 44.74683], [5.12856, 44.7467], [5.12877, 44.74691], [5.12832, 44.74703], [5.12832, 44.74724], [5.12901, 44.74724], [5.13079, 44.74957], [5.13108, 44.7508], [5.13138, 44.7513], [5.13122, 44.75264], [5.13131, 44.75296], [5.13206, 44.75366], [5.13449, 44.75486], [5.13437, 44.7556], [5.13501, 44.75651], [5.13532, 44.75759], [5.13521, 44.75764], [5.13449, 44.75727], [5.13372, 44.75734], [5.12996, 44.75418]], [[5.12839, 44.74629], [5.1282, 44.74487], [5.12768, 44.74395], [5.12776, 44.7435], [5.12841, 44.74316], [5.12943, 44.74415], [5.13047, 44.74491], [5.13075, 44.7456], [5.13173, 44.7468], [5.13199, 44.74694], [5.13238, 44.74693], [5.13193, 44.7471], [5.13186, 44.7474], [5.13171, 44.74714], [5.13131, 44.74719], [5.13124, 44.74766], [5.13083, 44.74785], [5.13096, 44.74806], [5.13143, 44.74809], [5.13031, 44.74854], [5.12839, 44.74629]], [[5.13183, 44.74768], [5.13182, 44.74776], [5.13178, 44.74763], [5.13183, 44.74768]], [[5.1253, 44.74819], [5.12521, 44.74789], [5.12526, 44.74799], [5.1253, 44.74819]], [[5.13715, 44.77066], [5.1372, 44.77047], [5.13739, 44.77057], [5.13715, 44.77066]], [[5.13734, 44.77541], [5.13735, 44.77536], [5.13768, 44.77544], [5.13734, 44.77541]], [[5.13838, 44.77503], [5.13865, 44.77511], [5.13862, 44.77526], [5.13822, 44.7752], [5.13838, 44.77503]], [[5.14001, 44.77975], [5.14049, 44.7799], [5.14034, 44.77995], [5.14002, 44.77982], [5.13978, 44.78006], [5.13969, 44.77985], [5.13925, 44.7798], [5.13948, 44.77958], [5.14001, 44.77975]], [[5.1394, 44.77911], [5.13908, 44.77897], [5.13939, 44.77879], [5.13936, 44.77897], [5.13965, 44.77909], [5.14009, 44.77889], [5.14034, 44.77903], [5.14062, 44.77901], [5.14073, 44.77887], [5.14063, 44.77858], [5.14019, 44.77813], [5.14099, 44.7778], [5.14113, 44.77791], [5.14141, 44.77787], [5.14121, 44.7782], [5.14144, 44.77839], [5.14116, 44.77847], [5.14105, 44.77865], [5.14111, 44.77916], [5.14077, 44.77904], [5.14052, 44.77922], [5.14083, 44.77946], [5.14121, 44.77932], [5.1414, 44.77951], [5.14133, 44.77968], [5.14086, 44.77949], [5.14066, 44.77952], [5.14009, 44.7792], [5.13972, 44.77932], [5.13985, 44.77954], [5.13925, 44.77935], [5.1394, 44.77911]], [[5.13974, 44.77869], [5.13957, 44.77866], [5.13964, 44.77862], [5.13974, 44.77869]], [[5.13979, 44.77823], [5.13977, 44.77824], [5.13977, 44.77822], [5.13979, 44.77823]], [[5.13951, 44.7785], [5.13946, 44.77853], [5.13947, 44.7785], [5.13951, 44.7785]], [[5.13765, 44.78006], [5.13763, 44.78007], [5.13763, 44.78006], [5.13765, 44.78006]], [[5.13898, 44.77933], [5.13863, 44.77941], [5.1388, 44.77924], [5.13898, 44.77933]], [[5.14153, 44.77746], [5.14145, 44.77749], [5.14144, 44.77747], [5.14153, 44.77746]], [[5.1405, 44.77974], [5.14057, 44.77971], [5.14057, 44.77974], [5.1405, 44.77974]], [[5.14148, 44.77985], [5.14154, 44.77987], [5.14141, 44.77988], [5.14148, 44.77985]], [[5.13877, 44.80091], [5.13845, 44.80073], [5.13975, 44.80081], [5.13947, 44.801], [5.13904, 44.80085], [5.13877, 44.80091]], [[5.14051, 44.78738], [5.14051, 44.78731], [5.14066, 44.78732], [5.14066, 44.78741], [5.14051, 44.78738]], [[5.14059, 44.79668], [5.14056, 44.79665], [5.14057, 44.79665], [5.14059, 44.79668]], [[5.14026, 44.80103], [5.14023, 44.80104], [5.14025, 44.80103], [5.14026, 44.80103]], [[5.14264, 44.74671], [5.14297, 44.74669], [5.14309, 44.74655], [5.14288, 44.7464], [5.14242, 44.74651], [5.142, 44.7463], [5.14321, 44.74596], [5.14324, 44.74621], [5.14371, 44.74622], [5.14376, 44.74588], [5.14426, 44.74579], [5.1448, 44.74514], [5.14533, 44.74479], [5.14576, 44.74477], [5.14574, 44.74501], [5.1463, 44.74598], [5.14549, 44.74637], [5.14519, 44.74634], [5.14491, 44.74651], [5.14485, 44.74675], [5.14412, 44.74688], [5.14369, 44.74673], [5.14343, 44.74688], [5.14316, 44.74682], [5.14275, 44.74708], [5.14267, 44.74736], [5.14218, 44.74744], [5.14264, 44.74671]], [[5.14156, 44.74759], [5.14172, 44.7474], [5.14168, 44.74726], [5.14141, 44.74718], [5.14185, 44.7464], [5.14196, 44.74646], [5.14169, 44.74675], [5.14181, 44.74691], [5.1417, 44.74719], [5.14197, 44.74738], [5.14189, 44.7478], [5.14165, 44.74798], [5.14147, 44.74801], [5.14098, 44.74771], [5.14129, 44.74756], [5.14156, 44.74759]], [[5.14504, 44.7469], [5.14499, 44.74688], [5.14505, 44.74686], [5.14504, 44.7469]], [[5.14261, 44.74666], [5.14259, 44.74661], [5.1428, 44.74656], [5.14288, 44.74655], [5.14261, 44.74666]], [[5.15102, 44.76123], [5.15101, 44.76126], [5.15101, 44.76125], [5.15102, 44.76123]], [[5.15297, 44.7611], [5.1528, 44.76157], [5.15223, 44.76157], [5.15199, 44.76123], [5.1523, 44.76125], [5.15245, 44.76099], [5.15297, 44.7611]], [[5.14966, 44.76005], [5.14965, 44.76006], [5.14965, 44.76004], [5.14966, 44.76005]], [[5.14346, 44.77806], [5.14361, 44.77776], [5.14377, 44.77849], [5.14353, 44.77848], [5.14346, 44.77806]], [[5.14238, 44.77738], [5.14216, 44.77748], [5.14241, 44.777], [5.14238, 44.77738]], [[5.14313, 44.78108], [5.14315, 44.78075], [5.14344, 44.78108], [5.14313, 44.78108]], [[5.14275, 44.78028], [5.1428, 44.78034], [5.14272, 44.78034], [5.14275, 44.78028]], [[5.14299, 44.77869], [5.14299, 44.77854], [5.14345, 44.7787], [5.14299, 44.77869]], [[5.14254, 44.77946], [5.14255, 44.77947], [5.14254, 44.77947], [5.14254, 44.77946]], [[5.1488, 44.79005], [5.1488, 44.78975], [5.14897, 44.7898], [5.1488, 44.79005]], [[5.15619, 44.83012], [5.15487, 44.82908], [5.15405, 44.82902], [5.15399, 44.82861], [5.15356, 44.82849], [5.15326, 44.82857], [5.15291, 44.82818], [5.15362, 44.82822], [5.15514, 44.82742], [5.15761, 44.82718], [5.15984, 44.82554], [5.15994, 44.82576], [5.16026, 44.82574], [5.16023, 44.82547], [5.15991, 44.82546], [5.16156, 44.82445], [5.16219, 44.82413], [5.16367, 44.82385], [5.16387, 44.82317], [5.16455, 44.8239], [5.1647, 44.82458], [5.16533, 44.82529], [5.16539, 44.8266], [5.16599, 44.82852], [5.1658, 44.83028], [5.16589, 44.83116], [5.16548, 44.83211], [5.16476, 44.83273], [5.16456, 44.83276], [5.16364, 44.8326], [5.16242, 44.83208], [5.15989, 44.83141], [5.15744, 44.83115], [5.15705, 44.83098], [5.15619, 44.83012]], [[5.15203, 44.82821], [5.15206, 44.8282], [5.15205, 44.82823], [5.15203, 44.82821]], [[5.15673, 44.84497], [5.15671, 44.84496], [5.15678, 44.84493], [5.15673, 44.84497]], [[5.15545, 44.84492], [5.15547, 44.84488], [5.15547, 44.84489], [5.15545, 44.84492]], [[5.16616, 44.81296], [5.16614, 44.81309], [5.16609, 44.813], [5.16616, 44.81296]], [[5.16583, 44.81249], [5.16591, 44.81246], [5.16588, 44.81249], [5.16583, 44.81249]], [[5.16563, 44.81234], [5.16565, 44.81233], [5.16567, 44.81238], [5.16563, 44.81234]], [[5.16662, 44.81197], [5.16639, 44.81175], [5.16683, 44.81165], [5.1671, 44.81176], [5.16752, 44.81159], [5.16744, 44.81131], [5.16778, 44.81032], [5.16991, 44.81206], [5.16818, 44.81227], [5.16821, 44.81202], [5.16771, 44.81184], [5.16732, 44.81217], [5.16632, 44.8122], [5.16627, 44.81213], [5.16662, 44.81197]], [[5.16989, 44.81346], [5.17001, 44.81325], [5.16975, 44.81308], [5.16947, 44.81311], [5.16912, 44.81356], [5.16882, 44.81349], [5.16872, 44.81325], [5.16841, 44.81326], [5.16829, 44.8134], [5.16758, 44.81329], [5.16712, 44.81296], [5.16681, 44.81308], [5.16689, 44.81282], [5.16712, 44.81278], [5.16719, 44.81261], [5.1669, 44.81249], [5.16672, 44.81271], [5.16648, 44.81233], [5.16735, 44.81232], [5.16738, 44.81251], [5.16771, 44.81258], [5.16792, 44.81238], [5.16878, 44.8124], [5.17001, 44.81218], [5.17221, 44.81247], [5.17227, 44.81276], [5.17192, 44.81336], [5.1719, 44.81377], [5.17286, 44.8147], [5.173, 44.8155], [5.17334, 44.81574], [5.17355, 44.81672], [5.17397, 44.81707], [5.17348, 44.8173], [5.17307, 44.81721], [5.17222, 44.81615], [5.17216, 44.81582], [5.17147, 44.81533], [5.17079, 44.81388], [5.16989, 44.81346]], [[5.16075, 44.82294], [5.16077, 44.82279], [5.16039, 44.82259], [5.16005, 44.82184], [5.16008, 44.81958], [5.15982, 44.81892], [5.15996, 44.81792], [5.16054, 44.81753], [5.16125, 44.81654], [5.16207, 44.81614], [5.16227, 44.8163], [5.16252, 44.81622], [5.16237, 44.81593], [5.16242, 44.81553], [5.16314, 44.81473], [5.16335, 44.81462], [5.16363, 44.81475], [5.16383, 44.8147], [5.16402, 44.81484], [5.16338, 44.8158], [5.16339, 44.81657], [5.16301, 44.81806], [5.16322, 44.81866], [5.16309, 44.81972], [5.16336, 44.82035], [5.16353, 44.82263], [5.16368, 44.82292], [5.16361, 44.82366], [5.16329, 44.82382], [5.16211, 44.824], [5.16152, 44.82429], [5.16175, 44.82414], [5.16173, 44.82398], [5.1615, 44.82375], [5.16114, 44.82381], [5.16104, 44.82425], [5.16124, 44.82446], [5.16023, 44.82509], [5.16071, 44.82447], [5.1604, 44.82314], [5.16039, 44.82301], [5.16075, 44.82294]], [[5.16401, 44.81424], [5.16407, 44.81383], [5.16437, 44.81361], [5.16407, 44.814], [5.16423, 44.81419], [5.16403, 44.8144], [5.16388, 44.81444], [5.1638, 44.81434], [5.16401, 44.81424]], [[5.16466, 44.81405], [5.16491, 44.81408], [5.16456, 44.81442], [5.16466, 44.81405]], [[5.16506, 44.81368], [5.16505, 44.81372], [5.16494, 44.81366], [5.16506, 44.81368]], [[5.16472, 44.81341], [5.1647, 44.81348], [5.16464, 44.81346], [5.16472, 44.81341]], [[5.16972, 44.81356], [5.16956, 44.81361], [5.16961, 44.81345], [5.16972, 44.81356]], [[5.17383, 44.81758], [5.1735, 44.81748], [5.17352, 44.81745], [5.17383, 44.81758]], [[5.17516, 44.81788], [5.17496, 44.81786], [5.17503, 44.81779], [5.17516, 44.81788]], [[5.18628, 44.87998], [5.18643, 44.87978], [5.18647, 44.88021], [5.18628, 44.87998]], [[5.18269, 44.88659], [5.18268, 44.88661], [5.18266, 44.88657], [5.18269, 44.88659]], [[5.18136, 44.88708], [5.18126, 44.88714], [5.18123, 44.88711], [5.18136, 44.88708]], [[5.21893, 44.85184], [5.21895, 44.85197], [5.2188, 44.85195], [5.21893, 44.85184]], [[5.22092, 44.85448], [5.2209, 44.85449], [5.2209, 44.85447], [5.22092, 44.85448]], [[5.16595, 44.8142], [5.16597, 44.81421], [5.16595, 44.81421], [5.16595, 44.8142]], [[5.19546, 44.78865], [5.19545, 44.78866], [5.19545, 44.78865], [5.19546, 44.78865]], [[5.21188, 44.8076], [5.21173, 44.80753], [5.21194, 44.8074], [5.21223, 44.80771], [5.21188, 44.8076]], [[5.1194, 44.75575], [5.11938, 44.75575], [5.11938, 44.75574], [5.1194, 44.75575]]]}}, {"type": "Feature", "properties": {"type": "artificialise", "ha": 1.0}, "geometry": {"type": "Polygon", "coordinates": [[[5.1502, 44.86799], [5.14958, 44.86698], [5.14952, 44.86644], [5.14917, 44.86615], [5.14924, 44.86593], [5.14859, 44.86575], [5.1484, 44.86597], [5.14933, 44.86649], [5.14939, 44.86702], [5.15, 44.86803], [5.14988, 44.87012], [5.15007, 44.87026], [5.1502, 44.86799]]]}}, {"type": "Feature", "properties": {"type": "artificialise", "ha": 0.1}, "geometry": {"type": "Polygon", "coordinates": [[[5.1062, 44.79067], [5.10605, 44.79053], [5.10581, 44.79052], [5.1057, 44.79056], [5.10598, 44.79074], [5.10599, 44.79094], [5.1062, 44.79067]]]}}, {"type": "Feature", "properties": {"type": "artificialise", "ha": 0.1}, "geometry": {"type": "Polygon", "coordinates": [[[5.10781, 44.71375], [5.10772, 44.71355], [5.108, 44.71323], [5.10782, 44.71327], [5.10749, 44.71376], [5.10781, 44.71375]]]}}, {"type": "Feature", "properties": {"type": "artificialise", "ha": 0.5}, "geometry": {"type": "Polygon", "coordinates": [[[5.09745, 44.71299], [5.09766, 44.71289], [5.09754, 44.71263], [5.09765, 44.71254], [5.09736, 44.71234], [5.09707, 44.71241], [5.0972, 44.71267], [5.09709, 44.7129], [5.09619, 44.71254], [5.09605, 44.71265], [5.09652, 44.71289], [5.09805, 44.71328], [5.09795, 44.71311], [5.09745, 44.71299]]]}}, {"type": "Feature", "properties": {"type": "artificialise", "ha": 0.1}, "geometry": {"type": "Polygon", "coordinates": [[[5.09816, 44.71374], [5.0982, 44.71391], [5.09864, 44.71394], [5.09832, 44.71364], [5.09816, 44.71374]]]}}, {"type": "Feature", "properties": {"type": "artificialise", "ha": 0.7}, "geometry": {"type": "Polygon", "coordinates": [[[5.09874, 44.71446], [5.09876, 44.71468], [5.09943, 44.71475], [5.09974, 44.71462], [5.0995, 44.71437], [5.10006, 44.71418], [5.10048, 44.71449], [5.10089, 44.71418], [5.10076, 44.71401], [5.10039, 44.7139], [5.09927, 44.71429], [5.09922, 44.71418], [5.09874, 44.71446]]]}}, {"type": "Feature", "properties": {"type": "artificialise", "ha": 0.1}, "geometry": {"type": "Polygon", "coordinates": [[[5.10164, 44.71364], [5.10164, 44.71333], [5.10108, 44.7138], [5.10164, 44.71364]]]}}, {"type": "Feature", "properties": {"type": "artificialise", "ha": 0.1}, "geometry": {"type": "Polygon", "coordinates": [[[5.08922, 44.7286], [5.08912, 44.72884], [5.08945, 44.7289], [5.08953, 44.72865], [5.08922, 44.7286]]]}}, {"type": "Feature", "properties": {"type": "artificialise", "ha": 0.2}, "geometry": {"type": "Polygon", "coordinates": [[[5.09055, 44.75276], [5.09025, 44.75274], [5.09014, 44.7532], [5.09056, 44.75325], [5.09071, 44.75316], [5.09055, 44.75276]]]}}, {"type": "Feature", "properties": {"type": "artificialise", "ha": 0.2}, "geometry": {"type": "Polygon", "coordinates": [[[5.08939, 44.71978], [5.08914, 44.72003], [5.0896, 44.72028], [5.0898, 44.7201], [5.08972, 44.7199], [5.08939, 44.71978]]]}}, {"type": "Feature", "properties": {"type": "artificialise", "ha": 0.1}, "geometry": {"type": "Polygon", "coordinates": [[[5.09064, 44.72019], [5.09037, 44.72037], [5.09069, 44.72065], [5.09094, 44.72057], [5.09098, 44.72042], [5.09064, 44.72019]]]}}, {"type": "Feature", "properties": {"type": "artificialise", "ha": 0.1}, "geometry": {"type": "Polygon", "coordinates": [[[5.09036, 44.7213], [5.09067, 44.72154], [5.09096, 44.72135], [5.0906, 44.72112], [5.09036, 44.7213]]]}}, {"type": "Feature", "properties": {"type": "artificialise", "ha": 0.1}, "geometry": {"type": "Polygon", "coordinates": [[[5.09094, 44.72614], [5.09078, 44.72593], [5.0904, 44.72608], [5.09065, 44.72628], [5.09094, 44.72614]]]}}, {"type": "Feature", "properties": {"type": "artificialise", "ha": 0.1}, "geometry": {"type": "Polygon", "coordinates": [[[5.09078, 44.73134], [5.09075, 44.73108], [5.09034, 44.73103], [5.09018, 44.73131], [5.09061, 44.73143], [5.09078, 44.73134]]]}}, {"type": "Feature", "properties": {"type": "artificialise", "ha": 0.1}, "geometry": {"type": "Polygon", "coordinates": [[[5.09201, 44.71466], [5.09175, 44.71475], [5.09188, 44.71495], [5.09215, 44.71484], [5.09201, 44.71466]]]}}, {"type": "Feature", "properties": {"type": "artificialise", "ha": 0.2}, "geometry": {"type": "Polygon", "coordinates": [[[5.09156, 44.71557], [5.09145, 44.71575], [5.09216, 44.71605], [5.09231, 44.71595], [5.09228, 44.71575], [5.09192, 44.71552], [5.09156, 44.71557]]]}}, {"type": "Feature", "properties": {"type": "artificialise", "ha": 0.1}, "geometry": {"type": "Polygon", "coordinates": [[[5.0924, 44.72183], [5.09214, 44.72202], [5.09244, 44.72224], [5.09267, 44.72213], [5.09268, 44.72199], [5.0924, 44.72183]]]}}, {"type": "Feature", "properties": {"type": "artificialise", "ha": 0.4}, "geometry": {"type": "Polygon", "coordinates": [[[5.09118, 44.72263], [5.09139, 44.72293], [5.09161, 44.723], [5.09179, 44.72293], [5.09185, 44.7227], [5.09215, 44.72259], [5.09212, 44.7224], [5.09173, 44.72227], [5.09118, 44.72263]]]}}, {"type": "Feature", "properties": {"type": "artificialise", "ha": 0.3}, "geometry": {"type": "Polygon", "coordinates": [[[5.09578, 44.71348], [5.09618, 44.71345], [5.09618, 44.71274], [5.09598, 44.7127], [5.09559, 44.71298], [5.09578, 44.71348]]]}}, {"type": "Feature", "properties": {"type": "artificialise", "ha": 0.1}, "geometry": {"type": "Polygon", "coordinates": [[[5.09571, 44.7189], [5.09553, 44.71907], [5.09579, 44.71922], [5.09595, 44.71901], [5.09571, 44.7189]]]}}, {"type": "Feature", "properties": {"type": "artificialise", "ha": 0.1}, "geometry": {"type": "Polygon", "coordinates": [[[5.09512, 44.72035], [5.09539, 44.72016], [5.09506, 44.71994], [5.09473, 44.72015], [5.09512, 44.72035]]]}}, {"type": "Feature", "properties": {"type": "artificialise", "ha": 0.1}, "geometry": {"type": "Polygon", "coordinates": [[[5.09254, 44.72291], [5.09229, 44.72311], [5.09263, 44.72334], [5.09286, 44.72322], [5.09285, 44.72307], [5.09254, 44.72291]]]}}, {"type": "Feature", "properties": {"type": "artificialise", "ha": 0.9}, "geometry": {"type": "Polygon", "coordinates": [[[5.09274, 44.7263], [5.09279, 44.72731], [5.09292, 44.72742], [5.09332, 44.72733], [5.09329, 44.72663], [5.09353, 44.72714], [5.094, 44.72705], [5.09358, 44.72618], [5.09274, 44.7263]]]}}, {"type": "Feature", "properties": {"type": "artificialise", "ha": 0.1}, "geometry": {"type": "Polygon", "coordinates": [[[5.09595, 44.75318], [5.09617, 44.753], [5.09591, 44.75285], [5.09571, 44.75306], [5.09595, 44.75318]]]}}, {"type": "Feature", "properties": {"type": "artificialise", "ha": 0.1}, "geometry": {"type": "Polygon", "coordinates": [[[5.09577, 44.75316], [5.09528, 44.75296], [5.0951, 44.75315], [5.0953, 44.75338], [5.09549, 44.7534], [5.09577, 44.75316]]]}}, {"type": "Feature", "properties": {"type": "artificialise", "ha": 0.1}, "geometry": {"type": "Polygon", "coordinates": [[[5.09749, 44.75871], [5.0975, 44.75909], [5.0979, 44.75907], [5.09793, 44.75867], [5.09749, 44.75871]]]}}, {"type": "Feature", "properties": {"type": "artificialise", "ha": 0.1}, "geometry": {"type": "Polygon", "coordinates": [[[5.09721, 44.71346], [5.09709, 44.71321], [5.09664, 44.7133], [5.09669, 44.71351], [5.09689, 44.71357], [5.09721, 44.71346]]]}}, {"type": "Feature", "properties": {"type": "artificialise", "ha": 0.2}, "geometry": {"type": "Polygon", "coordinates": [[[5.0978, 44.7143], [5.09794, 44.71448], [5.09838, 44.71453], [5.09874, 44.71437], [5.09857, 44.71412], [5.0978, 44.7143]]]}}, {"type": "Feature", "properties": {"type": "artificialise", "ha": 0.1}, "geometry": {"type": "Polygon", "coordinates": [[[5.09705, 44.71533], [5.09682, 44.71551], [5.09706, 44.71565], [5.09729, 44.71546], [5.09705, 44.71533]]]}}, {"type": "Feature", "properties": {"type": "artificialise", "ha": 0.2}, "geometry": {"type": "Polygon", "coordinates": [[[5.09841, 44.71727], [5.09877, 44.71763], [5.09898, 44.71765], [5.09917, 44.71751], [5.09909, 44.71725], [5.09863, 44.71704], [5.09841, 44.71727]]]}}, {"type": "Feature", "properties": {"type": "artificialise", "ha": 0.1}, "geometry": {"type": "Polygon", "coordinates": [[[5.09766, 44.71988], [5.0974, 44.71978], [5.09724, 44.71998], [5.09753, 44.72007], [5.09766, 44.71988]]]}}, {"type": "Feature", "properties": {"type": "artificialise", "ha": 0.1}, "geometry": {"type": "Polygon", "coordinates": [[[5.09886, 44.72383], [5.09906, 44.7237], [5.09878, 44.72339], [5.09845, 44.72352], [5.09856, 44.72381], [5.09886, 44.72383]]]}}, {"type": "Feature", "properties": {"type": "artificialise", "ha": 0.1}, "geometry": {"type": "Polygon", "coordinates": [[[5.1021, 44.72749], [5.10217, 44.72729], [5.10181, 44.72715], [5.10163, 44.72737], [5.10191, 44.72755], [5.1021, 44.72749]]]}}, {"type": "Feature", "properties": {"type": "artificialise", "ha": 0.3}, "geometry": {"type": "Polygon", "coordinates": [[[5.09777, 44.73408], [5.0973, 44.73468], [5.09736, 44.73484], [5.09772, 44.73486], [5.09818, 44.73426], [5.09814, 44.73411], [5.09777, 44.73408]]]}}, {"type": "Feature", "properties": {"type": "artificialise", "ha": 0.5}, "geometry": {"type": "Polygon", "coordinates": [[[5.0994, 44.73735], [5.09921, 44.73646], [5.09904, 44.73636], [5.09863, 44.73651], [5.09882, 44.7374], [5.09897, 44.7375], [5.0994, 44.73735]]]}}, {"type": "Feature", "properties": {"type": "artificialise", "ha": 0.2}, "geometry": {"type": "Polygon", "coordinates": [[[5.1004, 44.75891], [5.1009, 44.75886], [5.10071, 44.75836], [5.10046, 44.75832], [5.10023, 44.75843], [5.1004, 44.75891]]]}}, {"type": "Feature", "properties": {"type": "artificialise", "ha": 0.1}, "geometry": {"type": "Polygon", "coordinates": [[[5.09837, 44.76126], [5.09855, 44.76149], [5.09885, 44.76137], [5.09864, 44.76113], [5.09837, 44.76126]]]}}, {"type": "Feature", "properties": {"type": "artificialise", "ha": 0.1}, "geometry": {"type": "Polygon", "coordinates": [[[5.10283, 44.76148], [5.10304, 44.7616], [5.10329, 44.76155], [5.10329, 44.7613], [5.10292, 44.76121], [5.10283, 44.76148]]]}}, {"type": "Feature", "properties": {"type": "artificialise", "ha": 0.1}, "geometry": {"type": "Polygon", "coordinates": [[[5.09927, 44.7622], [5.09915, 44.76193], [5.09884, 44.76201], [5.09898, 44.76228], [5.09927, 44.7622]]]}}, {"type": "Feature", "properties": {"type": "artificialise", "ha": 0.3}, "geometry": {"type": "Polygon", "coordinates": [[[5.10236, 44.76274], [5.10238, 44.76289], [5.10261, 44.76297], [5.10283, 44.76278], [5.10262, 44.76263], [5.1024, 44.76268], [5.10229, 44.76241], [5.10189, 44.76236], [5.10172, 44.76263], [5.10217, 44.76282], [5.10236, 44.76274]]]}}, {"type": "Feature", "properties": {"type": "artificialise", "ha": 0.1}, "geometry": {"type": "Polygon", "coordinates": [[[5.09906, 44.76287], [5.09951, 44.76282], [5.09948, 44.76256], [5.09908, 44.76254], [5.09906, 44.76287]]]}}, {"type": "Feature", "properties": {"type": "artificialise", "ha": 0.1}, "geometry": {"type": "Polygon", "coordinates": [[[5.09898, 44.76418], [5.09929, 44.76423], [5.09938, 44.764], [5.09903, 44.76396], [5.09898, 44.76418]]]}}, {"type": "Feature", "properties": {"type": "artificialise", "ha": 0.1}, "geometry": {"type": "Polygon", "coordinates": [[[5.09966, 44.76618], [5.09964, 44.76644], [5.1, 44.76643], [5.09997, 44.76616], [5.09966, 44.76618]]]}}, {"type": "Feature", "properties": {"type": "artificialise", "ha": 0.1}, "geometry": {"type": "Polygon", "coordinates": [[[5.09907, 44.76763], [5.09937, 44.76762], [5.09937, 44.76741], [5.09905, 44.76742], [5.09907, 44.76763]]]}}, {"type": "Feature", "properties": {"type": "artificialise", "ha": 0.2}, "geometry": {"type": "Polygon", "coordinates": [[[5.09845, 44.76834], [5.09856, 44.76854], [5.09926, 44.76863], [5.09947, 44.76853], [5.09935, 44.76832], [5.09888, 44.76833], [5.09868, 44.76822], [5.09845, 44.76834]]]}}, {"type": "Feature", "properties": {"type": "artificialise", "ha": 0.1}, "geometry": {"type": "Polygon", "coordinates": [[[5.09911, 44.78096], [5.09877, 44.78114], [5.09899, 44.78132], [5.09933, 44.78113], [5.09911, 44.78096]]]}}, {"type": "Feature", "properties": {"type": "artificialise", "ha": 0.1}, "geometry": {"type": "Polygon", "coordinates": [[[5.10222, 44.7175], [5.10253, 44.71761], [5.1027, 44.71737], [5.10236, 44.71728], [5.10222, 44.7175]]]}}, {"type": "Feature", "properties": {"type": "artificialise", "ha": 0.1}, "geometry": {"type": "Polygon", "coordinates": [[[5.10291, 44.72738], [5.10329, 44.72765], [5.10355, 44.72746], [5.1032, 44.72718], [5.10291, 44.72738]]]}}, {"type": "Feature", "properties": {"type": "artificialise", "ha": 0.1}, "geometry": {"type": "Polygon", "coordinates": [[[5.1047, 44.72769], [5.1047, 44.72796], [5.10516, 44.72795], [5.10509, 44.72767], [5.1047, 44.72769]]]}}, {"type": "Feature", "properties": {"type": "artificialise", "ha": 0.6}, "geometry": {"type": "Polygon", "coordinates": [[[5.10353, 44.73153], [5.10313, 44.73147], [5.10301, 44.73158], [5.10308, 44.73259], [5.10328, 44.73268], [5.10371, 44.73255], [5.10353, 44.73153]]]}}, {"type": "Feature", "properties": {"type": "artificialise", "ha": 0.1}, "geometry": {"type": "Polygon", "coordinates": [[[5.10393, 44.73407], [5.10359, 44.73392], [5.10334, 44.73418], [5.10376, 44.73431], [5.10393, 44.73407]]]}}, {"type": "Feature", "properties": {"type": "artificialise", "ha": 0.2}, "geometry": {"type": "Polygon", "coordinates": [[[5.10647, 44.75449], [5.10629, 44.75434], [5.10596, 44.75433], [5.10557, 44.75452], [5.10577, 44.75478], [5.10638, 44.75463], [5.10647, 44.75449]]]}}, {"type": "Feature", "properties": {"type": "artificialise", "ha": 0.1}, "geometry": {"type": "Polygon", "coordinates": [[[5.106, 44.75668], [5.1063, 44.75652], [5.10604, 44.75629], [5.10572, 44.75645], [5.106, 44.75668]]]}}, {"type": "Feature", "properties": {"type": "artificialise", "ha": 0.1}, "geometry": {"type": "Polygon", "coordinates": [[[5.10479, 44.75804], [5.10459, 44.75798], [5.10427, 44.75826], [5.10465, 44.75849], [5.10485, 44.75821], [5.10479, 44.75804]]]}}, {"type": "Feature", "properties": {"type": "artificialise", "ha": 0.1}, "geometry": {"type": "Polygon", "coordinates": [[[5.10624, 44.76178], [5.1059, 44.76174], [5.10585, 44.76198], [5.10621, 44.762], [5.10624, 44.76178]]]}}, {"type": "Feature", "properties": {"type": "artificialise", "ha": 0.1}, "geometry": {"type": "Polygon", "coordinates": [[[5.10664, 44.76658], [5.1066, 44.76635], [5.1063, 44.76638], [5.10636, 44.76662], [5.10664, 44.76658]]]}}, {"type": "Feature", "properties": {"type": "artificialise", "ha": 0.2}, "geometry": {"type": "Polygon", "coordinates": [[[5.10666, 44.78247], [5.10731, 44.78238], [5.107, 44.78188], [5.1067, 44.78192], [5.10666, 44.78247]]]}}, {"type": "Feature", "properties": {"type": "artificialise", "ha": 0.3}, "geometry": {"type": "Polygon", "coordinates": [[[5.1062, 44.78576], [5.10601, 44.78593], [5.10627, 44.78647], [5.10644, 44.78654], [5.10664, 44.78647], [5.10672, 44.78623], [5.10642, 44.78578], [5.1062, 44.78576]]]}}, {"type": "Feature", "properties": {"type": "artificialise", "ha": 0.1}, "geometry": {"type": "Polygon", "coordinates": [[[5.10697, 44.79184], [5.10719, 44.79201], [5.10745, 44.79185], [5.10718, 44.79167], [5.10697, 44.79184]]]}}, {"type": "Feature", "properties": {"type": "artificialise", "ha": 0.4}, "geometry": {"type": "Polygon", "coordinates": [[[5.10605, 44.79258], [5.10574, 44.79288], [5.10623, 44.79307], [5.10651, 44.79304], [5.10669, 44.79282], [5.10632, 44.79267], [5.10658, 44.79242], [5.10613, 44.79216], [5.10605, 44.79258]]]}}, {"type": "Feature", "properties": {"type": "artificialise", "ha": 0.1}, "geometry": {"type": "Polygon", "coordinates": [[[5.10521, 44.72723], [5.10507, 44.72744], [5.10522, 44.72765], [5.10567, 44.72749], [5.10547, 44.72718], [5.10521, 44.72723]]]}}, {"type": "Feature", "properties": {"type": "artificialise", "ha": 0.6}, "geometry": {"type": "Polygon", "coordinates": [[[5.10537, 44.72779], [5.10536, 44.72807], [5.10572, 44.7281], [5.10588, 44.72834], [5.10622, 44.72824], [5.10648, 44.72846], [5.10683, 44.72849], [5.10691, 44.72819], [5.10661, 44.72799], [5.10599, 44.72785], [5.10581, 44.72767], [5.10537, 44.72779]]]}}, {"type": "Feature", "properties": {"type": "artificialise", "ha": 0.1}, "geometry": {"type": "Polygon", "coordinates": [[[5.10645, 44.72916], [5.10688, 44.72929], [5.10702, 44.72905], [5.10662, 44.72889], [5.10645, 44.72916]]]}}, {"type": "Feature", "properties": {"type": "artificialise", "ha": 0.4}, "geometry": {"type": "Polygon", "coordinates": [[[5.10682, 44.73169], [5.1068, 44.73193], [5.10697, 44.73203], [5.10722, 44.73196], [5.10749, 44.73233], [5.10771, 44.73237], [5.10786, 44.73227], [5.10783, 44.73207], [5.1073, 44.73153], [5.10682, 44.73169]]]}}, {"type": "Feature", "properties": {"type": "artificialise", "ha": 0.2}, "geometry": {"type": "Polygon", "coordinates": [[[5.10628, 44.73678], [5.10589, 44.73681], [5.10593, 44.7374], [5.10627, 44.73738], [5.10625, 44.73712], [5.10642, 44.73704], [5.10628, 44.73678]]]}}, {"type": "Feature", "properties": {"type": "artificialise", "ha": 0.2}, "geometry": {"type": "Polygon", "coordinates": [[[5.10658, 44.74323], [5.10683, 44.74333], [5.10718, 44.74326], [5.10713, 44.74297], [5.10674, 44.7428], [5.10643, 44.74286], [5.10658, 44.74323]]]}}, {"type": "Feature", "properties": {"type": "artificialise", "ha": 0.2}, "geometry": {"type": "Polygon", "coordinates": [[[5.10639, 44.74553], [5.10659, 44.74512], [5.10641, 44.745], [5.10615, 44.74504], [5.10599, 44.7453], [5.10639, 44.74553]]]}}, {"type": "Feature", "properties": {"type": "artificialise", "ha": 0.1}, "geometry": {"type": "Polygon", "coordinates": [[[5.10668, 44.76514], [5.10694, 44.76525], [5.1071, 44.76507], [5.10683, 44.76496], [5.10668, 44.76514]]]}}, {"type": "Feature", "properties": {"type": "artificialise", "ha": 0.3}, "geometry": {"type": "Polygon", "coordinates": [[[5.10842, 44.77193], [5.10847, 44.7721], [5.10867, 44.77214], [5.10845, 44.77239], [5.10846, 44.77261], [5.10861, 44.7727], [5.10889, 44.77265], [5.10894, 44.77238], [5.10918, 44.77225], [5.10916, 44.77206], [5.10887, 44.77201], [5.10877, 44.77183], [5.10842, 44.77193]]]}}, {"type": "Feature", "properties": {"type": "artificialise", "ha": 0.2}, "geometry": {"type": "Polygon", "coordinates": [[[5.10824, 44.78064], [5.10856, 44.78063], [5.10849, 44.78004], [5.10808, 44.78004], [5.10799, 44.78027], [5.10824, 44.78064]]]}}, {"type": "Feature", "properties": {"type": "artificialise", "ha": 0.1}, "geometry": {"type": "Polygon", "coordinates": [[[5.10727, 44.71427], [5.10735, 44.71447], [5.10764, 44.71442], [5.10757, 44.71421], [5.10727, 44.71427]]]}}, {"type": "Feature", "properties": {"type": "artificialise", "ha": 0.1}, "geometry": {"type": "Polygon", "coordinates": [[[5.11065, 44.71436], [5.11093, 44.7145], [5.11125, 44.71431], [5.11068, 44.7142], [5.11065, 44.71436]]]}}, {"type": "Feature", "properties": {"type": "artificialise", "ha": 0.1}, "geometry": {"type": "Polygon", "coordinates": [[[5.10726, 44.71728], [5.10747, 44.71744], [5.10768, 44.71728], [5.10745, 44.71714], [5.10726, 44.71728]]]}}, {"type": "Feature", "properties": {"type": "artificialise", "ha": 0.2}, "geometry": {"type": "Polygon", "coordinates": [[[5.10777, 44.72006], [5.10805, 44.71987], [5.10759, 44.71951], [5.10729, 44.71973], [5.10777, 44.72006]]]}}, {"type": "Feature", "properties": {"type": "artificialise", "ha": 0.6}, "geometry": {"type": "Polygon", "coordinates": [[[5.1076, 44.72058], [5.10762, 44.72091], [5.1078, 44.72103], [5.10853, 44.72065], [5.10854, 44.72049], [5.10906, 44.71999], [5.10874, 44.71987], [5.1076, 44.72058]]]}}, {"type": "Feature", "properties": {"type": "artificialise", "ha": 0.1}, "geometry": {"type": "Polygon", "coordinates": [[[5.10695, 44.72202], [5.1071, 44.72235], [5.10745, 44.72229], [5.10738, 44.72196], [5.10695, 44.72202]]]}}, {"type": "Feature", "properties": {"type": "artificialise", "ha": 0.2}, "geometry": {"type": "Polygon", "coordinates": [[[5.10899, 44.7236], [5.10878, 44.72377], [5.1088, 44.72406], [5.10908, 44.72424], [5.10942, 44.72404], [5.10925, 44.7237], [5.10899, 44.7236]]]}}, {"type": "Feature", "properties": {"type": "artificialise", "ha": 0.1}, "geometry": {"type": "Polygon", "coordinates": [[[5.11036, 44.72759], [5.11009, 44.72749], [5.10991, 44.72772], [5.11025, 44.7278], [5.11036, 44.72759]]]}}, {"type": "Feature", "properties": {"type": "artificialise", "ha": 0.1}, "geometry": {"type": "Polygon", "coordinates": [[[5.10794, 44.72948], [5.10831, 44.72961], [5.1085, 44.72935], [5.10815, 44.72919], [5.10794, 44.72948]]]}}, {"type": "Feature", "properties": {"type": "artificialise", "ha": 0.1}, "geometry": {"type": "Polygon", "coordinates": [[[5.10802, 44.73385], [5.10779, 44.7335], [5.10733, 44.73365], [5.10763, 44.73395], [5.10802, 44.73385]]]}}, {"type": "Feature", "properties": {"type": "artificialise", "ha": 0.2}, "geometry": {"type": "Polygon", "coordinates": [[[5.11095, 44.7461], [5.11071, 44.74624], [5.11092, 44.74642], [5.1108, 44.74663], [5.11112, 44.7468], [5.11143, 44.74658], [5.11131, 44.74642], [5.11107, 44.74638], [5.11117, 44.74622], [5.11095, 44.7461]]]}}, {"type": "Feature", "properties": {"type": "artificialise", "ha": 0.1}, "geometry": {"type": "Polygon", "coordinates": [[[5.1119, 44.74721], [5.11222, 44.74696], [5.11196, 44.74678], [5.1116, 44.74697], [5.1119, 44.74721]]]}}, {"type": "Feature", "properties": {"type": "artificialise", "ha": 0.1}, "geometry": {"type": "Polygon", "coordinates": [[[5.11169, 44.74868], [5.11184, 44.74889], [5.1123, 44.7488], [5.11221, 44.74855], [5.11177, 44.74856], [5.11169, 44.74868]]]}}, {"type": "Feature", "properties": {"type": "artificialise", "ha": 0.1}, "geometry": {"type": "Polygon", "coordinates": [[[5.11194, 44.75045], [5.11161, 44.75052], [5.11172, 44.75078], [5.11206, 44.75066], [5.11194, 44.75045]]]}}, {"type": "Feature", "properties": {"type": "artificialise", "ha": 0.2}, "geometry": {"type": "Polygon", "coordinates": [[[5.11086, 44.76055], [5.1105, 44.7604], [5.11024, 44.76047], [5.11003, 44.76069], [5.11049, 44.76092], [5.11089, 44.76069], [5.11086, 44.76055]]]}}, {"type": "Feature", "properties": {"type": "artificialise", "ha": 0.1}, "geometry": {"type": "Polygon", "coordinates": [[[5.10856, 44.76388], [5.10889, 44.76395], [5.10909, 44.76361], [5.1089, 44.76352], [5.10856, 44.76358], [5.10856, 44.76388]]]}}, {"type": "Feature", "properties": {"type": "artificialise", "ha": 0.1}, "geometry": {"type": "Polygon", "coordinates": [[[5.11152, 44.76737], [5.11175, 44.76718], [5.11147, 44.76703], [5.11125, 44.76724], [5.11152, 44.76737]]]}}, {"type": "Feature", "properties": {"type": "artificialise", "ha": 0.1}, "geometry": {"type": "Polygon", "coordinates": [[[5.11219, 44.76856], [5.11251, 44.7683], [5.11212, 44.7681], [5.11187, 44.76835], [5.11219, 44.76856]]]}}, {"type": "Feature", "properties": {"type": "artificialise", "ha": 0.1}, "geometry": {"type": "Polygon", "coordinates": [[[5.10919, 44.7708], [5.10908, 44.77048], [5.10869, 44.77053], [5.10877, 44.77087], [5.10919, 44.7708]]]}}, {"type": "Feature", "properties": {"type": "artificialise", "ha": 0.1}, "geometry": {"type": "Polygon", "coordinates": [[[5.11219, 44.77371], [5.11264, 44.77361], [5.11244, 44.77335], [5.11204, 44.77347], [5.11219, 44.77371]]]}}, {"type": "Feature", "properties": {"type": "artificialise", "ha": 0.1}, "geometry": {"type": "Polygon", "coordinates": [[[5.1123, 44.77423], [5.11231, 44.77457], [5.11263, 44.77456], [5.11271, 44.77427], [5.1123, 44.77423]]]}}, {"type": "Feature", "properties": {"type": "artificialise", "ha": 0.1}, "geometry": {"type": "Polygon", "coordinates": [[[5.11043, 44.78932], [5.11027, 44.78955], [5.11063, 44.78969], [5.11078, 44.78942], [5.11043, 44.78932]]]}}, {"type": "Feature", "properties": {"type": "artificialise", "ha": 0.1}, "geometry": {"type": "Polygon", "coordinates": [[[5.1102, 44.79466], [5.10988, 44.79467], [5.10991, 44.79488], [5.11023, 44.79486], [5.1102, 44.79466]]]}}, {"type": "Feature", "properties": {"type": "artificialise", "ha": 0.1}, "geometry": {"type": "Polygon", "coordinates": [[[5.11029, 44.79527], [5.11014, 44.79503], [5.10985, 44.79512], [5.10996, 44.79536], [5.11029, 44.79527]]]}}, {"type": "Feature", "properties": {"type": "artificialise", "ha": 0.1}, "geometry": {"type": "Polygon", "coordinates": [[[5.11171, 44.81154], [5.11169, 44.81123], [5.11127, 44.81126], [5.11137, 44.81157], [5.11171, 44.81154]]]}}, {"type": "Feature", "properties": {"type": "artificialise", "ha": 0.5}, "geometry": {"type": "Polygon", "coordinates": [[[5.11536, 44.7332], [5.11564, 44.73332], [5.11564, 44.73352], [5.11596, 44.73356], [5.11622, 44.73304], [5.11541, 44.73279], [5.11556, 44.73253], [5.11512, 44.73234], [5.11486, 44.73263], [5.11532, 44.73283], [5.11536, 44.7332]]]}}, {"type": "Feature", "properties": {"type": "artificialise", "ha": 0.2}, "geometry": {"type": "Polygon", "coordinates": [[[5.11202, 44.74279], [5.11212, 44.74321], [5.11258, 44.74315], [5.11259, 44.74282], [5.11245, 44.74272], [5.11202, 44.74279]]]}}, {"type": "Feature", "properties": {"type": "artificialise", "ha": 0.6}, "geometry": {"type": "Polygon", "coordinates": [[[5.11357, 44.74674], [5.11385, 44.74662], [5.11413, 44.74673], [5.11431, 44.74659], [5.11365, 44.74611], [5.11332, 44.74605], [5.11309, 44.74619], [5.11287, 44.74597], [5.11261, 44.74601], [5.11277, 44.74662], [5.113, 44.74665], [5.11327, 44.74644], [5.11357, 44.74674]]]}}, {"type": "Feature", "properties": {"type": "artificialise", "ha": 0.1}, "geometry": {"type": "Polygon", "coordinates": [[[5.1125, 44.74825], [5.11259, 44.74804], [5.11229, 44.74798], [5.11222, 44.7482], [5.1125, 44.74825]]]}}, {"type": "Feature", "properties": {"type": "artificialise", "ha": 0.2}, "geometry": {"type": "Polygon", "coordinates": [[[5.11269, 44.7486], [5.11283, 44.74874], [5.11334, 44.74857], [5.11325, 44.74831], [5.11275, 44.7484], [5.11269, 44.7486]]]}}, {"type": "Feature", "properties": {"type": "artificialise", "ha": 0.3}, "geometry": {"type": "Polygon", "coordinates": [[[5.11501, 44.74887], [5.11474, 44.74881], [5.11467, 44.74865], [5.11435, 44.74867], [5.11433, 44.74932], [5.1146, 44.74933], [5.1147, 44.74911], [5.11502, 44.74903], [5.11501, 44.74887]]]}}, {"type": "Feature", "properties": {"type": "artificialise", "ha": 0.2}, "geometry": {"type": "Polygon", "coordinates": [[[5.11386, 44.75019], [5.11412, 44.75004], [5.11394, 44.74982], [5.11328, 44.74977], [5.11315, 44.74996], [5.11386, 44.75019]]]}}, {"type": "Feature", "properties": {"type": "artificialise", "ha": 0.3}, "geometry": {"type": "Polygon", "coordinates": [[[5.1141, 44.75132], [5.11414, 44.75155], [5.11517, 44.75155], [5.11517, 44.75126], [5.11446, 44.75121], [5.1141, 44.75132]]]}}, {"type": "Feature", "properties": {"type": "artificialise", "ha": 0.2}, "geometry": {"type": "Polygon", "coordinates": [[[5.11372, 44.75191], [5.11343, 44.75191], [5.11315, 44.75246], [5.11353, 44.75256], [5.11372, 44.75239], [5.11358, 44.75222], [5.11379, 44.75212], [5.11372, 44.75191]]]}}, {"type": "Feature", "properties": {"type": "artificialise", "ha": 0.2}, "geometry": {"type": "Polygon", "coordinates": [[[5.11579, 44.754], [5.11565, 44.75429], [5.1158, 44.75449], [5.11634, 44.75443], [5.11615, 44.75393], [5.11579, 44.754]]]}}, {"type": "Feature", "properties": {"type": "artificialise", "ha": 0.1}, "geometry": {"type": "Polygon", "coordinates": [[[5.11663, 44.75832], [5.1163, 44.75828], [5.11625, 44.7585], [5.1166, 44.75854], [5.11663, 44.75832]]]}}, {"type": "Feature", "properties": {"type": "artificialise", "ha": 0.1}, "geometry": {"type": "Polygon", "coordinates": [[[5.11682, 44.76038], [5.11651, 44.76039], [5.11652, 44.76061], [5.11685, 44.76059], [5.11682, 44.76038]]]}}, {"type": "Feature", "properties": {"type": "artificialise", "ha": 0.2}, "geometry": {"type": "Polygon", "coordinates": [[[5.11747, 44.76321], [5.11786, 44.76313], [5.11775, 44.76273], [5.11744, 44.76275], [5.11732, 44.76288], [5.11747, 44.76321]]]}}, {"type": "Feature", "properties": {"type": "artificialise", "ha": 0.2}, "geometry": {"type": "Polygon", "coordinates": [[[5.11512, 44.76576], [5.11551, 44.7661], [5.11583, 44.76601], [5.11591, 44.76586], [5.11557, 44.7655], [5.11512, 44.76576]]]}}, {"type": "Feature", "properties": {"type": "artificialise", "ha": 0.2}, "geometry": {"type": "Polygon", "coordinates": [[[5.11339, 44.77375], [5.11346, 44.77422], [5.11393, 44.77415], [5.11401, 44.77372], [5.11339, 44.77375]]]}}, {"type": "Feature", "properties": {"type": "artificialise", "ha": 0.1}, "geometry": {"type": "Polygon", "coordinates": [[[5.11484, 44.78206], [5.11474, 44.78185], [5.11442, 44.78192], [5.11455, 44.78217], [5.11484, 44.78206]]]}}, {"type": "Feature", "properties": {"type": "artificialise", "ha": 0.4}, "geometry": {"type": "Polygon", "coordinates": [[[5.11448, 44.78527], [5.11425, 44.78538], [5.11401, 44.78531], [5.11376, 44.78549], [5.11405, 44.78586], [5.11431, 44.78587], [5.11454, 44.78612], [5.11494, 44.78595], [5.1148, 44.78572], [5.11444, 44.7856], [5.11467, 44.7855], [5.11448, 44.78527]]]}}, {"type": "Feature", "properties": {"type": "artificialise", "ha": 0.3}, "geometry": {"type": "Polygon", "coordinates": [[[5.11672, 44.78855], [5.1163, 44.78869], [5.11638, 44.78892], [5.11704, 44.78884], [5.11714, 44.78839], [5.11688, 44.78832], [5.11672, 44.78855]]]}}, {"type": "Feature", "properties": {"type": "artificialise", "ha": 0.1}, "geometry": {"type": "Polygon", "coordinates": [[[5.1155, 44.78961], [5.11514, 44.78954], [5.11504, 44.78982], [5.11544, 44.78986], [5.1155, 44.78961]]]}}, {"type": "Feature", "properties": {"type": "artificialise", "ha": 0.2}, "geometry": {"type": "Polygon", "coordinates": [[[5.11661, 44.78984], [5.11647, 44.79003], [5.11697, 44.79037], [5.11726, 44.79014], [5.11681, 44.78981], [5.11661, 44.78984]]]}}, {"type": "Feature", "properties": {"type": "artificialise", "ha": 0.1}, "geometry": {"type": "Polygon", "coordinates": [[[5.11761, 44.79051], [5.11762, 44.79029], [5.11729, 44.79028], [5.11731, 44.79052], [5.11761, 44.79051]]]}}, {"type": "Feature", "properties": {"type": "artificialise", "ha": 0.3}, "geometry": {"type": "Polygon", "coordinates": [[[5.11431, 44.79241], [5.1147, 44.79224], [5.11485, 44.79199], [5.11478, 44.79175], [5.11438, 44.7917], [5.11406, 44.79229], [5.11431, 44.79241]]]}}, {"type": "Feature", "properties": {"type": "artificialise", "ha": 0.3}, "geometry": {"type": "Polygon", "coordinates": [[[5.1166, 44.79865], [5.11688, 44.79868], [5.11709, 44.79854], [5.11654, 44.79808], [5.11631, 44.79813], [5.11616, 44.79836], [5.1166, 44.79865]]]}}, {"type": "Feature", "properties": {"type": "artificialise", "ha": 0.2}, "geometry": {"type": "Polygon", "coordinates": [[[5.11565, 44.80142], [5.11583, 44.80155], [5.11632, 44.80135], [5.11613, 44.80113], [5.11566, 44.80124], [5.11565, 44.80142]]]}}, {"type": "Feature", "properties": {"type": "artificialise", "ha": 0.1}, "geometry": {"type": "Polygon", "coordinates": [[[5.11961, 44.81237], [5.11965, 44.8121], [5.11928, 44.81208], [5.11927, 44.81237], [5.11961, 44.81237]]]}}, {"type": "Feature", "properties": {"type": "artificialise", "ha": 0.1}, "geometry": {"type": "Polygon", "coordinates": [[[5.12068, 44.73067], [5.12048, 44.73086], [5.12075, 44.731], [5.12094, 44.73078], [5.12068, 44.73067]]]}}, {"type": "Feature", "properties": {"type": "artificialise", "ha": 0.2}, "geometry": {"type": "Polygon", "coordinates": [[[5.1209, 44.73101], [5.12053, 44.73116], [5.12093, 44.73159], [5.12123, 44.7315], [5.12128, 44.73135], [5.1209, 44.73101]]]}}, {"type": "Feature", "properties": {"type": "artificialise", "ha": 0.1}, "geometry": {"type": "Polygon", "coordinates": [[[5.12345, 44.73279], [5.12324, 44.73254], [5.12288, 44.73274], [5.12315, 44.73293], [5.12345, 44.73279]]]}}, {"type": "Feature", "properties": {"type": "artificialise", "ha": 0.1}, "geometry": {"type": "Polygon", "coordinates": [[[5.11702, 44.73369], [5.117, 44.73352], [5.11655, 44.73345], [5.11649, 44.7337], [5.11684, 44.73381], [5.11702, 44.73369]]]}}, {"type": "Feature", "properties": {"type": "artificialise", "ha": 0.1}, "geometry": {"type": "Polygon", "coordinates": [[[5.12221, 44.75399], [5.12252, 44.75394], [5.12248, 44.75361], [5.12211, 44.7536], [5.12202, 44.7539], [5.12221, 44.75399]]]}}, {"type": "Feature", "properties": {"type": "artificialise", "ha": 0.2}, "geometry": {"type": "Polygon", "coordinates": [[[5.12021, 44.75553], [5.12019, 44.75605], [5.12034, 44.75616], [5.12063, 44.75605], [5.12065, 44.75553], [5.12052, 44.75542], [5.12021, 44.75553]]]}}, {"type": "Feature", "properties": {"type": "artificialise", "ha": 0.1}, "geometry": {"type": "Polygon", "coordinates": [[[5.11885, 44.7598], [5.11905, 44.75997], [5.1193, 44.75981], [5.11906, 44.75965], [5.11885, 44.7598]]]}}, {"type": "Feature", "properties": {"type": "artificialise", "ha": 0.1}, "geometry": {"type": "Polygon", "coordinates": [[[5.12535, 44.75997], [5.12494, 44.75996], [5.12492, 44.76032], [5.12517, 44.76036], [5.12541, 44.7602], [5.12535, 44.75997]]]}}, {"type": "Feature", "properties": {"type": "artificialise", "ha": 0.3}, "geometry": {"type": "Polygon", "coordinates": [[[5.11864, 44.7628], [5.119, 44.76295], [5.11932, 44.76233], [5.11903, 44.76219], [5.11882, 44.76225], [5.11864, 44.7628]]]}}, {"type": "Feature", "properties": {"type": "artificialise", "ha": 0.1}, "geometry": {"type": "Polygon", "coordinates": [[[5.12041, 44.7643], [5.12034, 44.76402], [5.11996, 44.76407], [5.12008, 44.76437], [5.12041, 44.7643]]]}}, {"type": "Feature", "properties": {"type": "artificialise", "ha": 0.1}, "geometry": {"type": "Polygon", "coordinates": [[[5.12207, 44.76748], [5.12226, 44.76767], [5.12253, 44.76754], [5.1223, 44.76735], [5.12207, 44.76748]]]}}, {"type": "Feature", "properties": {"type": "artificialise", "ha": 0.1}, "geometry": {"type": "Polygon", "coordinates": [[[5.11922, 44.76995], [5.11944, 44.77021], [5.11973, 44.77008], [5.11952, 44.76984], [5.11922, 44.76995]]]}}, {"type": "Feature", "properties": {"type": "artificialise", "ha": 0.1}, "geometry": {"type": "Polygon", "coordinates": [[[5.12386, 44.76983], [5.12354, 44.7699], [5.12365, 44.7701], [5.12396, 44.77003], [5.12386, 44.76983]]]}}, {"type": "Feature", "properties": {"type": "artificialise", "ha": 0.1}, "geometry": {"type": "Polygon", "coordinates": [[[5.1186, 44.77443], [5.11816, 44.77438], [5.11816, 44.7746], [5.11858, 44.77465], [5.1186, 44.77443]]]}}, {"type": "Feature", "properties": {"type": "artificialise", "ha": 0.1}, "geometry": {"type": "Polygon", "coordinates": [[[5.12361, 44.78664], [5.12382, 44.78645], [5.12356, 44.78631], [5.12336, 44.78652], [5.12361, 44.78664]]]}}, {"type": "Feature", "properties": {"type": "artificialise", "ha": 0.1}, "geometry": {"type": "Polygon", "coordinates": [[[5.1234, 44.78995], [5.12374, 44.79], [5.1238, 44.78976], [5.12344, 44.78973], [5.1234, 44.78995]]]}}, {"type": "Feature", "properties": {"type": "artificialise", "ha": 0.1}, "geometry": {"type": "Polygon", "coordinates": [[[5.12469, 44.80218], [5.12446, 44.8024], [5.12476, 44.80254], [5.12496, 44.8023], [5.12469, 44.80218]]]}}, {"type": "Feature", "properties": {"type": "artificialise", "ha": 0.1}, "geometry": {"type": "Polygon", "coordinates": [[[5.12321, 44.8172], [5.12342, 44.81698], [5.12311, 44.81683], [5.12291, 44.81707], [5.12321, 44.8172]]]}}, {"type": "Feature", "properties": {"type": "artificialise", "ha": 0.1}, "geometry": {"type": "Polygon", "coordinates": [[[5.12598, 44.81757], [5.12601, 44.8173], [5.12557, 44.81726], [5.12551, 44.81754], [5.12598, 44.81757]]]}}, {"type": "Feature", "properties": {"type": "artificialise", "ha": 0.1}, "geometry": {"type": "Polygon", "coordinates": [[[5.12622, 44.82007], [5.12656, 44.82], [5.12649, 44.81971], [5.1261, 44.81982], [5.12622, 44.82007]]]}}, {"type": "Feature", "properties": {"type": "artificialise", "ha": 0.1}, "geometry": {"type": "Polygon", "coordinates": [[[5.12731, 44.82037], [5.12694, 44.82035], [5.12687, 44.82065], [5.12736, 44.8207], [5.12731, 44.82037]]]}}, {"type": "Feature", "properties": {"type": "artificialise", "ha": 0.1}, "geometry": {"type": "Polygon", "coordinates": [[[5.12052, 44.82172], [5.1207, 44.8215], [5.12035, 44.82135], [5.12021, 44.82161], [5.12052, 44.82172]]]}}, {"type": "Feature", "properties": {"type": "artificialise", "ha": 0.1}, "geometry": {"type": "Polygon", "coordinates": [[[5.1291, 44.7297], [5.12873, 44.72987], [5.1289, 44.73007], [5.12927, 44.72997], [5.1291, 44.7297]]]}}, {"type": "Feature", "properties": {"type": "artificialise", "ha": 0.1}, "geometry": {"type": "Polygon", "coordinates": [[[5.12691, 44.73868], [5.12743, 44.7388], [5.1275, 44.73852], [5.127, 44.73843], [5.12691, 44.73868]]]}}, {"type": "Feature", "properties": {"type": "artificialise", "ha": 0.1}, "geometry": {"type": "Polygon", "coordinates": [[[5.1282, 44.73908], [5.1286, 44.73894], [5.12847, 44.73869], [5.1281, 44.73874], [5.1282, 44.73908]]]}}, {"type": "Feature", "properties": {"type": "artificialise", "ha": 0.1}, "geometry": {"type": "Polygon", "coordinates": [[[5.12843, 44.73936], [5.12878, 44.7393], [5.12868, 44.73908], [5.12832, 44.73917], [5.12843, 44.73936]]]}}, {"type": "Feature", "properties": {"type": "artificialise", "ha": 0.1}, "geometry": {"type": "Polygon", "coordinates": [[[5.12674, 44.74501], [5.12682, 44.7452], [5.12747, 44.74519], [5.12742, 44.74497], [5.12689, 44.74491], [5.12674, 44.74501]]]}}, {"type": "Feature", "properties": {"type": "artificialise", "ha": 0.1}, "geometry": {"type": "Polygon", "coordinates": [[[5.12675, 44.74587], [5.1269, 44.74617], [5.12734, 44.74611], [5.12734, 44.74588], [5.12719, 44.74578], [5.12675, 44.74587]]]}}, {"type": "Feature", "properties": {"type": "artificialise", "ha": 0.1}, "geometry": {"type": "Polygon", "coordinates": [[[5.13219, 44.7478], [5.13253, 44.74776], [5.13246, 44.74755], [5.13213, 44.7476], [5.13219, 44.7478]]]}}, {"type": "Feature", "properties": {"type": "artificialise", "ha": 0.7}, "geometry": {"type": "Polygon", "coordinates": [[[5.13366, 44.75176], [5.13307, 44.75179], [5.13287, 44.75247], [5.13395, 44.75304], [5.13425, 44.75273], [5.13336, 44.75221], [5.13369, 44.75215], [5.13366, 44.75176]]]}}, {"type": "Feature", "properties": {"type": "artificialise", "ha": 0.4}, "geometry": {"type": "Polygon", "coordinates": [[[5.13022, 44.75282], [5.13014, 44.75297], [5.13034, 44.75319], [5.13067, 44.75318], [5.1308, 44.75337], [5.1311, 44.75343], [5.13126, 44.7532], [5.13076, 44.75267], [5.13022, 44.75282]]]}}, {"type": "Feature", "properties": {"type": "artificialise", "ha": 0.2}, "geometry": {"type": "Polygon", "coordinates": [[[5.12992, 44.7581], [5.12995, 44.75839], [5.1302, 44.75849], [5.1306, 44.75834], [5.13038, 44.75796], [5.12992, 44.7581]]]}}, {"type": "Feature", "properties": {"type": "artificialise", "ha": 0.2}, "geometry": {"type": "Polygon", "coordinates": [[[5.13334, 44.76191], [5.1333, 44.76163], [5.13261, 44.76155], [5.13251, 44.76181], [5.13334, 44.76191]]]}}, {"type": "Feature", "properties": {"type": "artificialise", "ha": 0.1}, "geometry": {"type": "Polygon", "coordinates": [[[5.13031, 44.76435], [5.13074, 44.76436], [5.13073, 44.76412], [5.13029, 44.76412], [5.13031, 44.76435]]]}}, {"type": "Feature", "properties": {"type": "artificialise", "ha": 0.1}, "geometry": {"type": "Polygon", "coordinates": [[[5.12878, 44.76498], [5.12908, 44.76497], [5.12906, 44.76473], [5.12875, 44.76477], [5.12878, 44.76498]]]}}, {"type": "Feature", "properties": {"type": "artificialise", "ha": 0.5}, "geometry": {"type": "Polygon", "coordinates": [[[5.13057, 44.76775], [5.13053, 44.76801], [5.13094, 44.76812], [5.13129, 44.76756], [5.13094, 44.7674], [5.13071, 44.76754], [5.13057, 44.76741], [5.13004, 44.7674], [5.12987, 44.76754], [5.13004, 44.7677], [5.13057, 44.76775]]]}}, {"type": "Feature", "properties": {"type": "artificialise", "ha": 0.1}, "geometry": {"type": "Polygon", "coordinates": [[[5.12983, 44.76777], [5.12954, 44.76786], [5.12966, 44.76806], [5.12996, 44.76795], [5.12983, 44.76777]]]}}, {"type": "Feature", "properties": {"type": "artificialise", "ha": 0.1}, "geometry": {"type": "Polygon", "coordinates": [[[5.12634, 44.76848], [5.12611, 44.76821], [5.12584, 44.76835], [5.12608, 44.76862], [5.12634, 44.76848]]]}}, {"type": "Feature", "properties": {"type": "artificialise", "ha": 0.3}, "geometry": {"type": "Polygon", "coordinates": [[[5.13084, 44.76914], [5.13021, 44.76912], [5.13019, 44.76959], [5.13069, 44.76964], [5.13085, 44.76955], [5.13084, 44.76914]]]}}, {"type": "Feature", "properties": {"type": "artificialise", "ha": 0.1}, "geometry": {"type": "Polygon", "coordinates": [[[5.13287, 44.76993], [5.13314, 44.77007], [5.13338, 44.76986], [5.13304, 44.76973], [5.13287, 44.76993]]]}}, {"type": "Feature", "properties": {"type": "artificialise", "ha": 0.2}, "geometry": {"type": "Polygon", "coordinates": [[[5.12656, 44.77117], [5.12648, 44.77143], [5.12732, 44.77148], [5.12741, 44.77126], [5.12725, 44.77115], [5.12656, 44.77117]]]}}, {"type": "Feature", "properties": {"type": "artificialise", "ha": 0.1}, "geometry": {"type": "Polygon", "coordinates": [[[5.13374, 44.77149], [5.13384, 44.77121], [5.13334, 44.77116], [5.13327, 44.77141], [5.13374, 44.77149]]]}}, {"type": "Feature", "properties": {"type": "artificialise", "ha": 0.1}, "geometry": {"type": "Polygon", "coordinates": [[[5.13226, 44.77213], [5.13253, 44.7722], [5.13272, 44.77186], [5.13239, 44.77174], [5.13226, 44.77213]]]}}, {"type": "Feature", "properties": {"type": "artificialise", "ha": 0.2}, "geometry": {"type": "Polygon", "coordinates": [[[5.12943, 44.7785], [5.12974, 44.77853], [5.12972, 44.77806], [5.12952, 44.77796], [5.12927, 44.77801], [5.12943, 44.7785]]]}}, {"type": "Feature", "properties": {"type": "artificialise", "ha": 0.2}, "geometry": {"type": "Polygon", "coordinates": [[[5.1309, 44.77957], [5.13068, 44.77965], [5.13038, 44.77959], [5.13021, 44.77974], [5.13069, 44.78012], [5.13113, 44.77978], [5.1309, 44.77957]]]}}, {"type": "Feature", "properties": {"type": "artificialise", "ha": 0.1}, "geometry": {"type": "Polygon", "coordinates": [[[5.13183, 44.78356], [5.13151, 44.78362], [5.13159, 44.78384], [5.13191, 44.78377], [5.13183, 44.78356]]]}}, {"type": "Feature", "properties": {"type": "artificialise", "ha": 0.1}, "geometry": {"type": "Polygon", "coordinates": [[[5.12964, 44.78409], [5.12935, 44.78401], [5.12923, 44.78421], [5.12955, 44.78428], [5.12964, 44.78409]]]}}, {"type": "Feature", "properties": {"type": "artificialise", "ha": 0.1}, "geometry": {"type": "Polygon", "coordinates": [[[5.12772, 44.78753], [5.12746, 44.78768], [5.12767, 44.78789], [5.12793, 44.7877], [5.12772, 44.78753]]]}}, {"type": "Feature", "properties": {"type": "artificialise", "ha": 0.5}, "geometry": {"type": "Polygon", "coordinates": [[[5.13256, 44.78797], [5.13294, 44.78858], [5.13351, 44.78852], [5.13366, 44.78809], [5.13336, 44.78787], [5.13256, 44.78797]]]}}, {"type": "Feature", "properties": {"type": "artificialise", "ha": 0.1}, "geometry": {"type": "Polygon", "coordinates": [[[5.13251, 44.79241], [5.13286, 44.79248], [5.13294, 44.79224], [5.13259, 44.79219], [5.13251, 44.79241]]]}}, {"type": "Feature", "properties": {"type": "artificialise", "ha": 0.3}, "geometry": {"type": "Polygon", "coordinates": [[[5.1321, 44.79257], [5.13176, 44.79259], [5.13159, 44.79307], [5.13204, 44.79315], [5.13234, 44.79295], [5.13235, 44.7927], [5.1321, 44.79257]]]}}, {"type": "Feature", "properties": {"type": "artificialise", "ha": 0.1}, "geometry": {"type": "Polygon", "coordinates": [[[5.13375, 44.8], [5.1341, 44.80013], [5.13428, 44.80008], [5.13431, 44.79984], [5.13395, 44.79971], [5.13376, 44.79976], [5.13375, 44.8]]]}}, {"type": "Feature", "properties": {"type": "artificialise", "ha": 0.1}, "geometry": {"type": "Polygon", "coordinates": [[[5.1345, 44.80252], [5.1343, 44.80274], [5.13458, 44.80287], [5.13481, 44.80268], [5.1345, 44.80252]]]}}, {"type": "Feature", "properties": {"type": "artificialise", "ha": 0.1}, "geometry": {"type": "Polygon", "coordinates": [[[5.13279, 44.81421], [5.13283, 44.81385], [5.13239, 44.81383], [5.13239, 44.81421], [5.13279, 44.81421]]]}}, {"type": "Feature", "properties": {"type": "artificialise", "ha": 0.1}, "geometry": {"type": "Polygon", "coordinates": [[[5.13198, 44.81501], [5.13162, 44.8149], [5.1315, 44.81515], [5.13188, 44.81523], [5.13198, 44.81501]]]}}, {"type": "Feature", "properties": {"type": "artificialise", "ha": 0.1}, "geometry": {"type": "Polygon", "coordinates": [[[5.13291, 44.81567], [5.13304, 44.81547], [5.13273, 44.81537], [5.13263, 44.8156], [5.13291, 44.81567]]]}}, {"type": "Feature", "properties": {"type": "artificialise", "ha": 0.3}, "geometry": {"type": "Polygon", "coordinates": [[[5.13553, 44.74211], [5.13563, 44.74251], [5.13637, 44.74244], [5.13635, 44.74213], [5.13596, 44.74212], [5.13576, 44.74198], [5.13553, 44.74211]]]}}, {"type": "Feature", "properties": {"type": "artificialise", "ha": 0.2}, "geometry": {"type": "Polygon", "coordinates": [[[5.13386, 44.74344], [5.13436, 44.74374], [5.1346, 44.74355], [5.13425, 44.74318], [5.13386, 44.74344]]]}}, {"type": "Feature", "properties": {"type": "artificialise", "ha": 0.4}, "geometry": {"type": "Polygon", "coordinates": [[[5.13736, 44.75783], [5.1376, 44.75776], [5.13754, 44.75795], [5.13797, 44.75834], [5.13831, 44.75826], [5.13835, 44.75808], [5.13811, 44.75779], [5.13766, 44.7577], [5.13739, 44.75742], [5.13715, 44.75743], [5.13705, 44.75765], [5.13736, 44.75783]]]}}, {"type": "Feature", "properties": {"type": "artificialise", "ha": 0.1}, "geometry": {"type": "Polygon", "coordinates": [[[5.1378, 44.7621], [5.13743, 44.76214], [5.1375, 44.76247], [5.1379, 44.76236], [5.1378, 44.7621]]]}}, {"type": "Feature", "properties": {"type": "artificialise", "ha": 0.1}, "geometry": {"type": "Polygon", "coordinates": [[[5.13758, 44.76769], [5.13736, 44.76754], [5.13713, 44.76771], [5.13739, 44.76785], [5.13758, 44.76769]]]}}, {"type": "Feature", "properties": {"type": "artificialise", "ha": 0.1}, "geometry": {"type": "Polygon", "coordinates": [[[5.13787, 44.76865], [5.13821, 44.76854], [5.13802, 44.76822], [5.13775, 44.76826], [5.13767, 44.76839], [5.13787, 44.76865]]]}}, {"type": "Feature", "properties": {"type": "artificialise", "ha": 0.1}, "geometry": {"type": "Polygon", "coordinates": [[[5.13864, 44.77186], [5.13885, 44.77168], [5.13862, 44.77155], [5.13841, 44.77173], [5.13864, 44.77186]]]}}, {"type": "Feature", "properties": {"type": "artificialise", "ha": 0.1}, "geometry": {"type": "Polygon", "coordinates": [[[5.13577, 44.7733], [5.13599, 44.77345], [5.13622, 44.77329], [5.13596, 44.77313], [5.13577, 44.7733]]]}}, {"type": "Feature", "properties": {"type": "artificialise", "ha": 0.1}, "geometry": {"type": "Polygon", "coordinates": [[[5.13762, 44.77362], [5.13805, 44.77369], [5.13813, 44.77341], [5.1376, 44.77335], [5.13762, 44.77362]]]}}, {"type": "Feature", "properties": {"type": "artificialise", "ha": 0.1}, "geometry": {"type": "Polygon", "coordinates": [[[5.13427, 44.77435], [5.13451, 44.77452], [5.13473, 44.77436], [5.13449, 44.77419], [5.13427, 44.77435]]]}}, {"type": "Feature", "properties": {"type": "artificialise", "ha": 0.1}, "geometry": {"type": "Polygon", "coordinates": [[[5.13549, 44.77666], [5.13589, 44.7768], [5.13603, 44.77662], [5.13573, 44.77644], [5.13549, 44.77666]]]}}, {"type": "Feature", "properties": {"type": "artificialise", "ha": 0.1}, "geometry": {"type": "Polygon", "coordinates": [[[5.13823, 44.77829], [5.13796, 44.7782], [5.13784, 44.77838], [5.13812, 44.77848], [5.13823, 44.77829]]]}}, {"type": "Feature", "properties": {"type": "artificialise", "ha": 0.1}, "geometry": {"type": "Polygon", "coordinates": [[[5.13677, 44.77875], [5.13648, 44.7787], [5.13643, 44.77891], [5.13671, 44.77895], [5.13677, 44.77875]]]}}, {"type": "Feature", "properties": {"type": "artificialise", "ha": 0.1}, "geometry": {"type": "Polygon", "coordinates": [[[5.13469, 44.77877], [5.13461, 44.77898], [5.1349, 44.77904], [5.13497, 44.77882], [5.13469, 44.77877]]]}}, {"type": "Feature", "properties": {"type": "artificialise", "ha": 0.1}, "geometry": {"type": "Polygon", "coordinates": [[[5.13727, 44.78371], [5.13714, 44.7835], [5.13686, 44.78359], [5.13693, 44.7838], [5.13727, 44.78371]]]}}, {"type": "Feature", "properties": {"type": "artificialise", "ha": 0.1}, "geometry": {"type": "Polygon", "coordinates": [[[5.13888, 44.78623], [5.13857, 44.78616], [5.13848, 44.78638], [5.1388, 44.78644], [5.13888, 44.78623]]]}}, {"type": "Feature", "properties": {"type": "artificialise", "ha": 0.1}, "geometry": {"type": "Polygon", "coordinates": [[[5.13917, 44.7885], [5.1392, 44.78826], [5.13884, 44.78819], [5.13877, 44.78846], [5.13917, 44.7885]]]}}, {"type": "Feature", "properties": {"type": "artificialise", "ha": 0.1}, "geometry": {"type": "Polygon", "coordinates": [[[5.13598, 44.79006], [5.13633, 44.79028], [5.13658, 44.79007], [5.13623, 44.78984], [5.13598, 44.79006]]]}}, {"type": "Feature", "properties": {"type": "artificialise", "ha": 0.1}, "geometry": {"type": "Polygon", "coordinates": [[[5.13635, 44.79082], [5.1366, 44.79095], [5.13682, 44.79076], [5.13653, 44.79063], [5.13635, 44.79082]]]}}, {"type": "Feature", "properties": {"type": "artificialise", "ha": 0.1}, "geometry": {"type": "Polygon", "coordinates": [[[5.13705, 44.79193], [5.13728, 44.79209], [5.13752, 44.79193], [5.13725, 44.79177], [5.13705, 44.79193]]]}}, {"type": "Feature", "properties": {"type": "artificialise", "ha": 0.1}, "geometry": {"type": "Polygon", "coordinates": [[[5.13943, 44.79567], [5.1392, 44.79571], [5.13907, 44.79587], [5.13925, 44.79605], [5.13959, 44.79591], [5.13943, 44.79567]]]}}, {"type": "Feature", "properties": {"type": "artificialise", "ha": 0.3}, "geometry": {"type": "Polygon", "coordinates": [[[5.1372, 44.79766], [5.13745, 44.79777], [5.13774, 44.79775], [5.13792, 44.79754], [5.1377, 44.79721], [5.13746, 44.79711], [5.13718, 44.79724], [5.1372, 44.79766]]]}}, {"type": "Feature", "properties": {"type": "artificialise", "ha": 0.1}, "geometry": {"type": "Polygon", "coordinates": [[[5.13677, 44.7973], [5.1366, 44.79716], [5.13613, 44.79733], [5.13629, 44.79752], [5.13672, 44.79744], [5.13677, 44.7973]]]}}, {"type": "Feature", "properties": {"type": "artificialise", "ha": 0.1}, "geometry": {"type": "Polygon", "coordinates": [[[5.13752, 44.79845], [5.13714, 44.79841], [5.13711, 44.79869], [5.13752, 44.79868], [5.13752, 44.79845]]]}}, {"type": "Feature", "properties": {"type": "artificialise", "ha": 0.1}, "geometry": {"type": "Polygon", "coordinates": [[[5.13834, 44.79919], [5.13815, 44.79937], [5.13839, 44.7995], [5.13858, 44.79931], [5.13834, 44.79919]]]}}, {"type": "Feature", "properties": {"type": "artificialise", "ha": 0.1}, "geometry": {"type": "Polygon", "coordinates": [[[5.13787, 44.79982], [5.13759, 44.79994], [5.13779, 44.80018], [5.13806, 44.80002], [5.13787, 44.79982]]]}}, {"type": "Feature", "properties": {"type": "artificialise", "ha": 0.1}, "geometry": {"type": "Polygon", "coordinates": [[[5.1405, 44.73554], [5.1402, 44.73542], [5.13999, 44.73568], [5.14035, 44.73577], [5.1405, 44.73554]]]}}, {"type": "Feature", "properties": {"type": "artificialise", "ha": 0.2}, "geometry": {"type": "Polygon", "coordinates": [[[5.13936, 44.73635], [5.13887, 44.73655], [5.13881, 44.73677], [5.13918, 44.7369], [5.1397, 44.73657], [5.13936, 44.73635]]]}}, {"type": "Feature", "properties": {"type": "artificialise", "ha": 0.2}, "geometry": {"type": "Polygon", "coordinates": [[[5.13767, 44.74199], [5.138, 44.74222], [5.13827, 44.74221], [5.13832, 44.74198], [5.13807, 44.74175], [5.13779, 44.74172], [5.13767, 44.74199]]]}}, {"type": "Feature", "properties": {"type": "artificialise", "ha": 0.2}, "geometry": {"type": "Polygon", "coordinates": [[[5.1394, 44.74423], [5.13925, 44.74452], [5.13984, 44.74465], [5.13995, 44.74426], [5.1394, 44.74423]]]}}, {"type": "Feature", "properties": {"type": "artificialise", "ha": 0.1}, "geometry": {"type": "Polygon", "coordinates": [[[5.13786, 44.7457], [5.13775, 44.74591], [5.13818, 44.74609], [5.13835, 44.74589], [5.13806, 44.74566], [5.13786, 44.7457]]]}}, {"type": "Feature", "properties": {"type": "artificialise", "ha": 0.1}, "geometry": {"type": "Polygon", "coordinates": [[[5.13981, 44.76389], [5.14016, 44.76389], [5.14015, 44.76362], [5.13978, 44.76365], [5.13981, 44.76389]]]}}, {"type": "Feature", "properties": {"type": "artificialise", "ha": 0.1}, "geometry": {"type": "Polygon", "coordinates": [[[5.13847, 44.76471], [5.1386, 44.76492], [5.13889, 44.76483], [5.13873, 44.76461], [5.13847, 44.76471]]]}}, {"type": "Feature", "properties": {"type": "artificialise", "ha": 0.2}, "geometry": {"type": "Polygon", "coordinates": [[[5.13967, 44.7672], [5.13954, 44.76744], [5.13965, 44.76764], [5.14008, 44.76761], [5.14024, 44.76737], [5.14013, 44.76718], [5.13967, 44.7672]]]}}, {"type": "Feature", "properties": {"type": "artificialise", "ha": 0.1}, "geometry": {"type": "Polygon", "coordinates": [[[5.14071, 44.77258], [5.14046, 44.77272], [5.14066, 44.7729], [5.14091, 44.77273], [5.14071, 44.77258]]]}}, {"type": "Feature", "properties": {"type": "artificialise", "ha": 0.1}, "geometry": {"type": "Polygon", "coordinates": [[[5.14066, 44.77309], [5.14081, 44.77329], [5.1414, 44.7731], [5.14129, 44.77287], [5.14066, 44.77309]]]}}, {"type": "Feature", "properties": {"type": "artificialise", "ha": 0.1}, "geometry": {"type": "Polygon", "coordinates": [[[5.14129, 44.77497], [5.14083, 44.77493], [5.14082, 44.77519], [5.14128, 44.77522], [5.14129, 44.77497]]]}}, {"type": "Feature", "properties": {"type": "artificialise", "ha": 0.1}, "geometry": {"type": "Polygon", "coordinates": [[[5.13998, 44.78057], [5.14026, 44.78082], [5.14056, 44.78066], [5.14036, 44.7804], [5.13998, 44.78057]]]}}, {"type": "Feature", "properties": {"type": "artificialise", "ha": 0.2}, "geometry": {"type": "Polygon", "coordinates": [[[5.14075, 44.7827], [5.14089, 44.78299], [5.14121, 44.78304], [5.14131, 44.78286], [5.14118, 44.78259], [5.14082, 44.78255], [5.14075, 44.7827]]]}}, {"type": "Feature", "properties": {"type": "artificialise", "ha": 0.1}, "geometry": {"type": "Polygon", "coordinates": [[[5.14014, 44.78614], [5.13991, 44.786], [5.13971, 44.78617], [5.13998, 44.7863], [5.14014, 44.78614]]]}}, {"type": "Feature", "properties": {"type": "artificialise", "ha": 0.1}, "geometry": {"type": "Polygon", "coordinates": [[[5.14151, 44.79016], [5.14183, 44.79021], [5.1419, 44.78999], [5.14156, 44.78995], [5.14151, 44.79016]]]}}, {"type": "Feature", "properties": {"type": "artificialise", "ha": 0.1}, "geometry": {"type": "Polygon", "coordinates": [[[5.14206, 44.79157], [5.14197, 44.79135], [5.14168, 44.79141], [5.14178, 44.79164], [5.14206, 44.79157]]]}}, {"type": "Feature", "properties": {"type": "artificialise", "ha": 0.1}, "geometry": {"type": "Polygon", "coordinates": [[[5.14006, 44.79419], [5.13972, 44.79423], [5.13978, 44.79445], [5.1401, 44.79442], [5.14006, 44.79419]]]}}, {"type": "Feature", "properties": {"type": "artificialise", "ha": 0.1}, "geometry": {"type": "Polygon", "coordinates": [[[5.14174, 44.82492], [5.14157, 44.82467], [5.14129, 44.82478], [5.14149, 44.82504], [5.14174, 44.82492]]]}}, {"type": "Feature", "properties": {"type": "artificialise", "ha": 0.2}, "geometry": {"type": "Polygon", "coordinates": [[[5.14238, 44.74451], [5.14286, 44.74448], [5.14286, 44.74422], [5.14245, 44.74422], [5.1423, 44.74437], [5.14193, 44.74439], [5.14189, 44.74459], [5.14207, 44.74468], [5.14238, 44.74451]]]}}, {"type": "Feature", "properties": {"type": "artificialise", "ha": 0.2}, "geometry": {"type": "Polygon", "coordinates": [[[5.14108, 44.74489], [5.14114, 44.7451], [5.14137, 44.74522], [5.14172, 44.7451], [5.14153, 44.74477], [5.14108, 44.74489]]]}}, {"type": "Feature", "properties": {"type": "artificialise", "ha": 0.9}, "geometry": {"type": "Polygon", "coordinates": [[[5.14075, 44.74864], [5.1413, 44.74974], [5.14112, 44.74987], [5.14124, 44.75032], [5.14205, 44.75043], [5.14217, 44.7503], [5.14202, 44.74987], [5.14147, 44.74973], [5.14167, 44.74956], [5.14112, 44.74847], [5.14075, 44.74864]]]}}, {"type": "Feature", "properties": {"type": "artificialise", "ha": 0.1}, "geometry": {"type": "Polygon", "coordinates": [[[5.14129, 44.75318], [5.14105, 44.75334], [5.14127, 44.7535], [5.14151, 44.75332], [5.14129, 44.75318]]]}}, {"type": "Feature", "properties": {"type": "artificialise", "ha": 0.1}, "geometry": {"type": "Polygon", "coordinates": [[[5.14187, 44.75383], [5.14155, 44.75356], [5.1413, 44.75374], [5.14165, 44.754], [5.14187, 44.75383]]]}}, {"type": "Feature", "properties": {"type": "artificialise", "ha": 0.1}, "geometry": {"type": "Polygon", "coordinates": [[[5.1423, 44.75583], [5.14197, 44.7558], [5.14193, 44.75603], [5.14228, 44.75604], [5.1423, 44.75583]]]}}, {"type": "Feature", "properties": {"type": "artificialise", "ha": 0.5}, "geometry": {"type": "Polygon", "coordinates": [[[5.14257, 44.77331], [5.14277, 44.77354], [5.14311, 44.77366], [5.14387, 44.77358], [5.14392, 44.77318], [5.1435, 44.77315], [5.14321, 44.77332], [5.14314, 44.77317], [5.14278, 44.77308], [5.14257, 44.77331]]]}}, {"type": "Feature", "properties": {"type": "artificialise", "ha": 0.1}, "geometry": {"type": "Polygon", "coordinates": [[[5.1426, 44.77441], [5.1429, 44.77436], [5.14283, 44.77413], [5.14251, 44.7742], [5.1426, 44.77441]]]}}, {"type": "Feature", "properties": {"type": "artificialise", "ha": 0.1}, "geometry": {"type": "Polygon", "coordinates": [[[5.14199, 44.77475], [5.1423, 44.77472], [5.14226, 44.7745], [5.14193, 44.77455], [5.14199, 44.77475]]]}}, {"type": "Feature", "properties": {"type": "artificialise", "ha": 0.2}, "geometry": {"type": "Polygon", "coordinates": [[[5.14289, 44.78394], [5.14334, 44.7838], [5.14324, 44.78354], [5.143, 44.78345], [5.14273, 44.78351], [5.14268, 44.78365], [5.14289, 44.78394]]]}}, {"type": "Feature", "properties": {"type": "artificialise", "ha": 0.1}, "geometry": {"type": "Polygon", "coordinates": [[[5.14304, 44.78834], [5.14319, 44.78854], [5.14347, 44.78844], [5.14328, 44.78823], [5.14304, 44.78834]]]}}, {"type": "Feature", "properties": {"type": "artificialise", "ha": 0.1}, "geometry": {"type": "Polygon", "coordinates": [[[5.14341, 44.7897], [5.14364, 44.78955], [5.14343, 44.78938], [5.1432, 44.78955], [5.14341, 44.7897]]]}}, {"type": "Feature", "properties": {"type": "artificialise", "ha": 0.1}, "geometry": {"type": "Polygon", "coordinates": [[[5.14364, 44.79916], [5.14346, 44.79898], [5.1432, 44.79911], [5.1434, 44.79929], [5.14364, 44.79916]]]}}, {"type": "Feature", "properties": {"type": "artificialise", "ha": 0.2}, "geometry": {"type": "Polygon", "coordinates": [[[5.1444, 44.81469], [5.14481, 44.81484], [5.14507, 44.81478], [5.14509, 44.8146], [5.14484, 44.81435], [5.14431, 44.81446], [5.1444, 44.81469]]]}}, {"type": "Feature", "properties": {"type": "artificialise", "ha": 0.2}, "geometry": {"type": "Polygon", "coordinates": [[[5.14649, 44.74946], [5.14664, 44.74932], [5.14635, 44.74897], [5.14591, 44.74919], [5.14622, 44.74945], [5.14649, 44.74946]]]}}, {"type": "Feature", "properties": {"type": "artificialise", "ha": 0.1}, "geometry": {"type": "Polygon", "coordinates": [[[5.14435, 44.74976], [5.14469, 44.7499], [5.14485, 44.74969], [5.14449, 44.74956], [5.14435, 44.74976]]]}}, {"type": "Feature", "properties": {"type": "artificialise", "ha": 0.1}, "geometry": {"type": "Polygon", "coordinates": [[[5.14239, 44.75408], [5.14274, 44.75416], [5.14288, 44.75385], [5.14246, 44.75378], [5.14239, 44.75408]]]}}, {"type": "Feature", "properties": {"type": "artificialise", "ha": 0.1}, "geometry": {"type": "Polygon", "coordinates": [[[5.14423, 44.75507], [5.14465, 44.75531], [5.14484, 44.75511], [5.14449, 44.75486], [5.14423, 44.75507]]]}}, {"type": "Feature", "properties": {"type": "artificialise", "ha": 0.1}, "geometry": {"type": "Polygon", "coordinates": [[[5.14356, 44.75767], [5.14337, 44.75786], [5.14363, 44.75799], [5.14381, 44.75777], [5.14356, 44.75767]]]}}, {"type": "Feature", "properties": {"type": "artificialise", "ha": 0.6}, "geometry": {"type": "Polygon", "coordinates": [[[5.14566, 44.77143], [5.14651, 44.77164], [5.14671, 44.77157], [5.14674, 44.77137], [5.1464, 44.7712], [5.14601, 44.77073], [5.1458, 44.77074], [5.14539, 44.77105], [5.14566, 44.77143]]]}}, {"type": "Feature", "properties": {"type": "artificialise", "ha": 0.1}, "geometry": {"type": "Polygon", "coordinates": [[[5.14502, 44.77445], [5.14481, 44.77461], [5.14503, 44.77476], [5.14523, 44.77458], [5.14502, 44.77445]]]}}, {"type": "Feature", "properties": {"type": "artificialise", "ha": 0.1}, "geometry": {"type": "Polygon", "coordinates": [[[5.14412, 44.77491], [5.1444, 44.7748], [5.14423, 44.77459], [5.14394, 44.77474], [5.14412, 44.77491]]]}}, {"type": "Feature", "properties": {"type": "artificialise", "ha": 0.1}, "geometry": {"type": "Polygon", "coordinates": [[[5.1462, 44.77613], [5.14631, 44.77635], [5.14662, 44.77627], [5.14648, 44.77605], [5.1462, 44.77613]]]}}, {"type": "Feature", "properties": {"type": "artificialise", "ha": 0.1}, "geometry": {"type": "Polygon", "coordinates": [[[5.14528, 44.77802], [5.14498, 44.77787], [5.14481, 44.77807], [5.14513, 44.77819], [5.14528, 44.77802]]]}}, {"type": "Feature", "properties": {"type": "artificialise", "ha": 0.1}, "geometry": {"type": "Polygon", "coordinates": [[[5.14628, 44.77834], [5.14593, 44.7783], [5.14587, 44.77856], [5.14625, 44.77858], [5.14628, 44.77834]]]}}, {"type": "Feature", "properties": {"type": "artificialise", "ha": 0.1}, "geometry": {"type": "Polygon", "coordinates": [[[5.14471, 44.77886], [5.14501, 44.77895], [5.14512, 44.77875], [5.14481, 44.77867], [5.14471, 44.77886]]]}}, {"type": "Feature", "properties": {"type": "artificialise", "ha": 0.1}, "geometry": {"type": "Polygon", "coordinates": [[[5.14562, 44.77948], [5.14592, 44.77957], [5.14606, 44.77934], [5.14572, 44.77928], [5.14562, 44.77948]]]}}, {"type": "Feature", "properties": {"type": "artificialise", "ha": 0.1}, "geometry": {"type": "Polygon", "coordinates": [[[5.1471, 44.78017], [5.14735, 44.78032], [5.14758, 44.78014], [5.14727, 44.77999], [5.1471, 44.78017]]]}}, {"type": "Feature", "properties": {"type": "artificialise", "ha": 0.1}, "geometry": {"type": "Polygon", "coordinates": [[[5.14592, 44.78183], [5.14601, 44.78205], [5.14641, 44.78204], [5.14642, 44.7818], [5.14606, 44.78172], [5.14592, 44.78183]]]}}, {"type": "Feature", "properties": {"type": "artificialise", "ha": 0.1}, "geometry": {"type": "Polygon", "coordinates": [[[5.14561, 44.78173], [5.14532, 44.78198], [5.14563, 44.78213], [5.14589, 44.78186], [5.14561, 44.78173]]]}}, {"type": "Feature", "properties": {"type": "artificialise", "ha": 0.1}, "geometry": {"type": "Polygon", "coordinates": [[[5.14702, 44.78258], [5.14673, 44.78267], [5.14684, 44.78288], [5.14714, 44.78278], [5.14702, 44.78258]]]}}, {"type": "Feature", "properties": {"type": "artificialise", "ha": 0.1}, "geometry": {"type": "Polygon", "coordinates": [[[5.14571, 44.78407], [5.14585, 44.78427], [5.14619, 44.78416], [5.14599, 44.78395], [5.14571, 44.78407]]]}}, {"type": "Feature", "properties": {"type": "artificialise", "ha": 0.1}, "geometry": {"type": "Polygon", "coordinates": [[[5.14732, 44.78635], [5.14695, 44.78629], [5.14688, 44.78655], [5.14728, 44.78659], [5.14732, 44.78635]]]}}, {"type": "Feature", "properties": {"type": "artificialise", "ha": 0.2}, "geometry": {"type": "Polygon", "coordinates": [[[5.14529, 44.78814], [5.1458, 44.7879], [5.14564, 44.78771], [5.14534, 44.78768], [5.14506, 44.78791], [5.14529, 44.78814]]]}}, {"type": "Feature", "properties": {"type": "artificialise", "ha": 0.1}, "geometry": {"type": "Polygon", "coordinates": [[[5.1469, 44.78837], [5.14721, 44.78841], [5.14727, 44.78819], [5.14695, 44.78815], [5.1469, 44.78837]]]}}, {"type": "Feature", "properties": {"type": "artificialise", "ha": 0.1}, "geometry": {"type": "Polygon", "coordinates": [[[5.14747, 44.79771], [5.14729, 44.79751], [5.14699, 44.79764], [5.1472, 44.79785], [5.14747, 44.79771]]]}}, {"type": "Feature", "properties": {"type": "artificialise", "ha": 0.1}, "geometry": {"type": "Polygon", "coordinates": [[[5.14507, 44.79887], [5.14523, 44.79852], [5.14477, 44.79839], [5.14465, 44.79869], [5.14507, 44.79887]]]}}, {"type": "Feature", "properties": {"type": "artificialise", "ha": 0.1}, "geometry": {"type": "Polygon", "coordinates": [[[5.14818, 44.80928], [5.14815, 44.80954], [5.14849, 44.80954], [5.14846, 44.80927], [5.14818, 44.80928]]]}}, {"type": "Feature", "properties": {"type": "artificialise", "ha": 0.1}, "geometry": {"type": "Polygon", "coordinates": [[[5.14755, 44.81075], [5.14763, 44.81097], [5.14794, 44.81092], [5.14783, 44.81068], [5.14755, 44.81075]]]}}, {"type": "Feature", "properties": {"type": "artificialise", "ha": 0.1}, "geometry": {"type": "Polygon", "coordinates": [[[5.14892, 44.81101], [5.14898, 44.81075], [5.14863, 44.81071], [5.1486, 44.811], [5.14892, 44.81101]]]}}, {"type": "Feature", "properties": {"type": "artificialise", "ha": 0.1}, "geometry": {"type": "Polygon", "coordinates": [[[5.14542, 44.81359], [5.14566, 44.81348], [5.14566, 44.81331], [5.14518, 44.81316], [5.14509, 44.81348], [5.14542, 44.81359]]]}}, {"type": "Feature", "properties": {"type": "artificialise", "ha": 0.1}, "geometry": {"type": "Polygon", "coordinates": [[[5.14868, 44.816], [5.1486, 44.81578], [5.14825, 44.81583], [5.14837, 44.81607], [5.14868, 44.816]]]}}, {"type": "Feature", "properties": {"type": "artificialise", "ha": 0.1}, "geometry": {"type": "Polygon", "coordinates": [[[5.14523, 44.82157], [5.14551, 44.82142], [5.14529, 44.82122], [5.14502, 44.8214], [5.14523, 44.82157]]]}}, {"type": "Feature", "properties": {"type": "artificialise", "ha": 0.3}, "geometry": {"type": "Polygon", "coordinates": [[[5.14861, 44.74026], [5.14837, 44.74055], [5.14841, 44.74071], [5.14916, 44.74067], [5.14913, 44.74029], [5.14861, 44.74026]]]}}, {"type": "Feature", "properties": {"type": "artificialise", "ha": 0.1}, "geometry": {"type": "Polygon", "coordinates": [[[5.15296, 44.74206], [5.15262, 44.74208], [5.15264, 44.74232], [5.15299, 44.74228], [5.15296, 44.74206]]]}}, {"type": "Feature", "properties": {"type": "artificialise", "ha": 0.3}, "geometry": {"type": "Polygon", "coordinates": [[[5.14904, 44.74519], [5.14909, 44.74548], [5.14937, 44.7458], [5.14986, 44.74578], [5.14991, 44.74549], [5.14958, 44.74537], [5.14942, 44.74511], [5.14904, 44.74519]]]}}, {"type": "Feature", "properties": {"type": "artificialise", "ha": 0.1}, "geometry": {"type": "Polygon", "coordinates": [[[5.1464, 44.74664], [5.14645, 44.74688], [5.14677, 44.74684], [5.14669, 44.74659], [5.1464, 44.74664]]]}}, {"type": "Feature", "properties": {"type": "artificialise", "ha": 0.1}, "geometry": {"type": "Polygon", "coordinates": [[[5.14825, 44.74956], [5.1479, 44.74953], [5.14785, 44.74978], [5.14823, 44.74979], [5.14825, 44.74956]]]}}, {"type": "Feature", "properties": {"type": "artificialise", "ha": 0.1}, "geometry": {"type": "Polygon", "coordinates": [[[5.15257, 44.7601], [5.15242, 44.76029], [5.1527, 44.76039], [5.15283, 44.76019], [5.15257, 44.7601]]]}}, {"type": "Feature", "properties": {"type": "artificialise", "ha": 0.2}, "geometry": {"type": "Polygon", "coordinates": [[[5.15344, 44.7674], [5.15362, 44.76711], [5.15311, 44.76694], [5.15298, 44.76709], [5.15309, 44.76731], [5.15344, 44.7674]]]}}, {"type": "Feature", "properties": {"type": "artificialise", "ha": 0.1}, "geometry": {"type": "Polygon", "coordinates": [[[5.15219, 44.77361], [5.15189, 44.77369], [5.152, 44.77389], [5.15231, 44.7738], [5.15219, 44.77361]]]}}, {"type": "Feature", "properties": {"type": "artificialise", "ha": 0.1}, "geometry": {"type": "Polygon", "coordinates": [[[5.15041, 44.7751], [5.15057, 44.7749], [5.1503, 44.77479], [5.15015, 44.77501], [5.15041, 44.7751]]]}}, {"type": "Feature", "properties": {"type": "artificialise", "ha": 0.1}, "geometry": {"type": "Polygon", "coordinates": [[[5.1486, 44.77733], [5.1484, 44.77716], [5.14816, 44.7773], [5.14838, 44.77747], [5.1486, 44.77733]]]}}, {"type": "Feature", "properties": {"type": "artificialise", "ha": 0.1}, "geometry": {"type": "Polygon", "coordinates": [[[5.14963, 44.7783], [5.14939, 44.77848], [5.14965, 44.77867], [5.14989, 44.77845], [5.14963, 44.7783]]]}}, {"type": "Feature", "properties": {"type": "artificialise", "ha": 0.1}, "geometry": {"type": "Polygon", "coordinates": [[[5.14823, 44.78217], [5.14831, 44.7824], [5.14861, 44.78234], [5.14851, 44.78211], [5.14823, 44.78217]]]}}, {"type": "Feature", "properties": {"type": "artificialise", "ha": 0.3}, "geometry": {"type": "Polygon", "coordinates": [[[5.15023, 44.78736], [5.15054, 44.78715], [5.14996, 44.7867], [5.14953, 44.78678], [5.14964, 44.78703], [5.15023, 44.78736]]]}}, {"type": "Feature", "properties": {"type": "artificialise", "ha": 0.1}, "geometry": {"type": "Polygon", "coordinates": [[[5.14854, 44.78695], [5.14839, 44.78674], [5.14805, 44.78686], [5.14825, 44.78707], [5.14854, 44.78695]]]}}, {"type": "Feature", "properties": {"type": "artificialise", "ha": 0.1}, "geometry": {"type": "Polygon", "coordinates": [[[5.14876, 44.78728], [5.14861, 44.78706], [5.14824, 44.78718], [5.14846, 44.7874], [5.14876, 44.78728]]]}}, {"type": "Feature", "properties": {"type": "artificialise", "ha": 0.1}, "geometry": {"type": "Polygon", "coordinates": [[[5.14981, 44.79963], [5.14977, 44.79985], [5.15008, 44.79988], [5.15011, 44.79965], [5.14981, 44.79963]]]}}, {"type": "Feature", "properties": {"type": "artificialise", "ha": 0.1}, "geometry": {"type": "Polygon", "coordinates": [[[5.14898, 44.80806], [5.14889, 44.80831], [5.14923, 44.80837], [5.1493, 44.80811], [5.14898, 44.80806]]]}}, {"type": "Feature", "properties": {"type": "artificialise", "ha": 0.2}, "geometry": {"type": "Polygon", "coordinates": [[[5.15056, 44.8083], [5.15091, 44.80845], [5.15123, 44.80812], [5.15108, 44.80801], [5.15075, 44.80803], [5.15056, 44.8083]]]}}, {"type": "Feature", "properties": {"type": "artificialise", "ha": 0.1}, "geometry": {"type": "Polygon", "coordinates": [[[5.15005, 44.81383], [5.14981, 44.814], [5.15006, 44.81418], [5.15029, 44.81399], [5.15005, 44.81383]]]}}, {"type": "Feature", "properties": {"type": "artificialise", "ha": 0.1}, "geometry": {"type": "Polygon", "coordinates": [[[5.15163, 44.8159], [5.15197, 44.81609], [5.15216, 44.81588], [5.1518, 44.81571], [5.15163, 44.8159]]]}}, {"type": "Feature", "properties": {"type": "artificialise", "ha": 0.2}, "geometry": {"type": "Polygon", "coordinates": [[[5.15332, 44.82204], [5.15349, 44.82234], [5.15394, 44.82232], [5.15389, 44.82195], [5.15342, 44.82191], [5.15332, 44.82204]]]}}, {"type": "Feature", "properties": {"type": "artificialise", "ha": 0.1}, "geometry": {"type": "Polygon", "coordinates": [[[5.15539, 44.82524], [5.15557, 44.82504], [5.15529, 44.82492], [5.15514, 44.82514], [5.15539, 44.82524]]]}}, {"type": "Feature", "properties": {"type": "artificialise", "ha": 0.1}, "geometry": {"type": "Polygon", "coordinates": [[[5.15378, 44.83071], [5.15407, 44.83085], [5.15429, 44.83062], [5.15394, 44.83049], [5.15378, 44.83071]]]}}, {"type": "Feature", "properties": {"type": "artificialise", "ha": 0.1}, "geometry": {"type": "Polygon", "coordinates": [[[5.1531, 44.83071], [5.15341, 44.83085], [5.15359, 44.83065], [5.15327, 44.83051], [5.1531, 44.83071]]]}}, {"type": "Feature", "properties": {"type": "artificialise", "ha": 0.1}, "geometry": {"type": "Polygon", "coordinates": [[[5.1576, 44.88609], [5.1576, 44.88639], [5.15796, 44.88638], [5.15794, 44.88607], [5.1576, 44.88609]]]}}, {"type": "Feature", "properties": {"type": "artificialise", "ha": 0.1}, "geometry": {"type": "Polygon", "coordinates": [[[5.15367, 44.75995], [5.15337, 44.75994], [5.15336, 44.76017], [5.15369, 44.76015], [5.15367, 44.75995]]]}}, {"type": "Feature", "properties": {"type": "artificialise", "ha": 0.3}, "geometry": {"type": "Polygon", "coordinates": [[[5.15539, 44.77726], [5.15566, 44.7774], [5.15614, 44.77704], [5.15568, 44.77668], [5.15548, 44.77674], [5.15539, 44.77726]]]}}, {"type": "Feature", "properties": {"type": "artificialise", "ha": 0.2}, "geometry": {"type": "Polygon", "coordinates": [[[5.15928, 44.77959], [5.15978, 44.77963], [5.16007, 44.77939], [5.15985, 44.77925], [5.15922, 44.77936], [5.15928, 44.77959]]]}}, {"type": "Feature", "properties": {"type": "artificialise", "ha": 0.1}, "geometry": {"type": "Polygon", "coordinates": [[[5.15764, 44.78039], [5.15761, 44.78015], [5.15729, 44.78016], [5.15733, 44.78043], [5.15764, 44.78039]]]}}, {"type": "Feature", "properties": {"type": "artificialise", "ha": 0.1}, "geometry": {"type": "Polygon", "coordinates": [[[5.15478, 44.78807], [5.15508, 44.78784], [5.15487, 44.7877], [5.15452, 44.78789], [5.15478, 44.78807]]]}}, {"type": "Feature", "properties": {"type": "artificialise", "ha": 0.1}, "geometry": {"type": "Polygon", "coordinates": [[[5.1568, 44.79188], [5.15725, 44.79196], [5.15734, 44.79181], [5.15722, 44.79165], [5.15685, 44.79164], [5.1568, 44.79188]]]}}, {"type": "Feature", "properties": {"type": "artificialise", "ha": 0.1}, "geometry": {"type": "Polygon", "coordinates": [[[5.15591, 44.79541], [5.15615, 44.79558], [5.15642, 44.79541], [5.15614, 44.79523], [5.15591, 44.79541]]]}}, {"type": "Feature", "properties": {"type": "artificialise", "ha": 0.1}, "geometry": {"type": "Polygon", "coordinates": [[[5.16308, 44.79759], [5.16317, 44.79733], [5.16285, 44.79728], [5.16278, 44.79754], [5.16308, 44.79759]]]}}, {"type": "Feature", "properties": {"type": "artificialise", "ha": 0.1}, "geometry": {"type": "Polygon", "coordinates": [[[5.1567, 44.79787], [5.1567, 44.7981], [5.15703, 44.7981], [5.15699, 44.79786], [5.1567, 44.79787]]]}}, {"type": "Feature", "properties": {"type": "artificialise", "ha": 0.1}, "geometry": {"type": "Polygon", "coordinates": [[[5.16179, 44.79815], [5.16199, 44.79796], [5.16173, 44.79782], [5.16152, 44.79801], [5.16179, 44.79815]]]}}, {"type": "Feature", "properties": {"type": "artificialise", "ha": 0.1}, "geometry": {"type": "Polygon", "coordinates": [[[5.16012, 44.79958], [5.15998, 44.7998], [5.16029, 44.7999], [5.16041, 44.79965], [5.16012, 44.79958]]]}}, {"type": "Feature", "properties": {"type": "artificialise", "ha": 0.1}, "geometry": {"type": "Polygon", "coordinates": [[[5.16328, 44.80087], [5.16357, 44.80076], [5.16342, 44.80057], [5.16313, 44.80069], [5.16328, 44.80087]]]}}, {"type": "Feature", "properties": {"type": "artificialise", "ha": 0.1}, "geometry": {"type": "Polygon", "coordinates": [[[5.16034, 44.80089], [5.16059, 44.80105], [5.16079, 44.80087], [5.16052, 44.80072], [5.16034, 44.80089]]]}}, {"type": "Feature", "properties": {"type": "artificialise", "ha": 0.1}, "geometry": {"type": "Polygon", "coordinates": [[[5.16187, 44.80171], [5.16207, 44.80189], [5.16232, 44.80175], [5.16208, 44.80157], [5.16187, 44.80171]]]}}, {"type": "Feature", "properties": {"type": "artificialise", "ha": 0.1}, "geometry": {"type": "Polygon", "coordinates": [[[5.16128, 44.80256], [5.16143, 44.80236], [5.16119, 44.80225], [5.16102, 44.80245], [5.16128, 44.80256]]]}}, {"type": "Feature", "properties": {"type": "artificialise", "ha": 0.1}, "geometry": {"type": "Polygon", "coordinates": [[[5.16185, 44.80713], [5.16215, 44.80704], [5.16202, 44.80682], [5.16171, 44.80693], [5.16185, 44.80713]]]}}, {"type": "Feature", "properties": {"type": "artificialise", "ha": 0.1}, "geometry": {"type": "Polygon", "coordinates": [[[5.15769, 44.809], [5.15804, 44.80896], [5.15797, 44.80873], [5.15761, 44.80879], [5.15769, 44.809]]]}}, {"type": "Feature", "properties": {"type": "artificialise", "ha": 0.3}, "geometry": {"type": "Polygon", "coordinates": [[[5.15628, 44.81374], [5.15642, 44.81436], [5.15701, 44.81428], [5.15689, 44.81366], [5.15628, 44.81374]]]}}, {"type": "Feature", "properties": {"type": "artificialise", "ha": 0.1}, "geometry": {"type": "Polygon", "coordinates": [[[5.16378, 44.81649], [5.16414, 44.81657], [5.16427, 44.81628], [5.16382, 44.81622], [5.16378, 44.81649]]]}}, {"type": "Feature", "properties": {"type": "artificialise", "ha": 0.1}, "geometry": {"type": "Polygon", "coordinates": [[[5.16181, 44.81707], [5.16218, 44.81697], [5.16199, 44.8167], [5.16166, 44.81683], [5.16181, 44.81707]]]}}, {"type": "Feature", "properties": {"type": "artificialise", "ha": 0.1}, "geometry": {"type": "Polygon", "coordinates": [[[5.16606, 44.81706], [5.16622, 44.81687], [5.16601, 44.81676], [5.16582, 44.81691], [5.16606, 44.81706]]]}}, {"type": "Feature", "properties": {"type": "artificialise", "ha": 0.1}, "geometry": {"type": "Polygon", "coordinates": [[[5.1639, 44.81809], [5.16357, 44.81801], [5.16342, 44.81834], [5.16381, 44.81844], [5.1639, 44.81809]]]}}, {"type": "Feature", "properties": {"type": "artificialise", "ha": 0.1}, "geometry": {"type": "Polygon", "coordinates": [[[5.16449, 44.81831], [5.1642, 44.81837], [5.16429, 44.81859], [5.1646, 44.8185], [5.16449, 44.81831]]]}}, {"type": "Feature", "properties": {"type": "artificialise", "ha": 0.1}, "geometry": {"type": "Polygon", "coordinates": [[[5.16378, 44.82105], [5.16414, 44.821], [5.16408, 44.82071], [5.16365, 44.82078], [5.16378, 44.82105]]]}}, {"type": "Feature", "properties": {"type": "artificialise", "ha": 0.1}, "geometry": {"type": "Polygon", "coordinates": [[[5.16612, 44.82456], [5.16597, 44.82429], [5.16568, 44.82439], [5.16583, 44.82466], [5.16612, 44.82456]]]}}, {"type": "Feature", "properties": {"type": "artificialise", "ha": 0.1}, "geometry": {"type": "Polygon", "coordinates": [[[5.16169, 44.82479], [5.1614, 44.82464], [5.16116, 44.82484], [5.16142, 44.82503], [5.16169, 44.82479]]]}}, {"type": "Feature", "properties": {"type": "artificialise", "ha": 0.1}, "geometry": {"type": "Polygon", "coordinates": [[[5.16235, 44.82778], [5.16228, 44.82801], [5.16261, 44.82806], [5.16265, 44.82781], [5.16235, 44.82778]]]}}, {"type": "Feature", "properties": {"type": "artificialise", "ha": 0.3}, "geometry": {"type": "Polygon", "coordinates": [[[5.15606, 44.8299], [5.15647, 44.83008], [5.15695, 44.82961], [5.15643, 44.8294], [5.15606, 44.8299]]]}}, {"type": "Feature", "properties": {"type": "artificialise", "ha": 0.1}, "geometry": {"type": "Polygon", "coordinates": [[[5.15944, 44.83018], [5.15979, 44.8302], [5.1598, 44.82994], [5.15944, 44.82995], [5.15944, 44.83018]]]}}, {"type": "Feature", "properties": {"type": "artificialise", "ha": 0.1}, "geometry": {"type": "Polygon", "coordinates": [[[5.16513, 44.83129], [5.16547, 44.83136], [5.16557, 44.83112], [5.1652, 44.83107], [5.16513, 44.83129]]]}}, {"type": "Feature", "properties": {"type": "artificialise", "ha": 0.1}, "geometry": {"type": "Polygon", "coordinates": [[[5.16138, 44.83303], [5.16145, 44.83274], [5.16095, 44.83269], [5.16085, 44.83297], [5.16138, 44.83303]]]}}, {"type": "Feature", "properties": {"type": "artificialise", "ha": 0.2}, "geometry": {"type": "Polygon", "coordinates": [[[5.16301, 44.83283], [5.16265, 44.83291], [5.16267, 44.83331], [5.163, 44.8333], [5.16317, 44.83294], [5.16301, 44.83283]]]}}, {"type": "Feature", "properties": {"type": "artificialise", "ha": 0.1}, "geometry": {"type": "Polygon", "coordinates": [[[5.15665, 44.8338], [5.15695, 44.83387], [5.15708, 44.83364], [5.15674, 44.83358], [5.15665, 44.8338]]]}}, {"type": "Feature", "properties": {"type": "artificialise", "ha": 0.1}, "geometry": {"type": "Polygon", "coordinates": [[[5.15884, 44.83835], [5.15907, 44.83818], [5.15882, 44.83801], [5.15858, 44.8382], [5.15884, 44.83835]]]}}, {"type": "Feature", "properties": {"type": "artificialise", "ha": 0.1}, "geometry": {"type": "Polygon", "coordinates": [[[5.15656, 44.8463], [5.15663, 44.84659], [5.1571, 44.84654], [5.15697, 44.8462], [5.15656, 44.8463]]]}}, {"type": "Feature", "properties": {"type": "artificialise", "ha": 0.1}, "geometry": {"type": "Polygon", "coordinates": [[[5.15885, 44.85563], [5.15863, 44.85581], [5.15885, 44.85596], [5.1591, 44.85582], [5.15885, 44.85563]]]}}, {"type": "Feature", "properties": {"type": "artificialise", "ha": 0.1}, "geometry": {"type": "Polygon", "coordinates": [[[5.15948, 44.88413], [5.1594, 44.88378], [5.15894, 44.88391], [5.15893, 44.88412], [5.15908, 44.88421], [5.15948, 44.88413]]]}}, {"type": "Feature", "properties": {"type": "artificialise", "ha": 0.1}, "geometry": {"type": "Polygon", "coordinates": [[[5.16205, 44.88669], [5.16166, 44.88672], [5.16171, 44.88697], [5.16212, 44.88691], [5.16205, 44.88669]]]}}, {"type": "Feature", "properties": {"type": "artificialise", "ha": 0.1}, "geometry": {"type": "Polygon", "coordinates": [[[5.16008, 44.88689], [5.15975, 44.88695], [5.15977, 44.88722], [5.16026, 44.88721], [5.16008, 44.88689]]]}}, {"type": "Feature", "properties": {"type": "artificialise", "ha": 0.1}, "geometry": {"type": "Polygon", "coordinates": [[[5.17656, 44.76689], [5.17645, 44.76667], [5.17601, 44.76677], [5.17608, 44.76696], [5.17656, 44.76689]]]}}, {"type": "Feature", "properties": {"type": "artificialise", "ha": 0.1}, "geometry": {"type": "Polygon", "coordinates": [[[5.17285, 44.79048], [5.17235, 44.79047], [5.17236, 44.79074], [5.17285, 44.79075], [5.17285, 44.79048]]]}}, {"type": "Feature", "properties": {"type": "artificialise", "ha": 0.1}, "geometry": {"type": "Polygon", "coordinates": [[[5.17513, 44.79151], [5.17487, 44.79167], [5.17508, 44.79185], [5.17534, 44.79167], [5.17513, 44.79151]]]}}, {"type": "Feature", "properties": {"type": "artificialise", "ha": 0.1}, "geometry": {"type": "Polygon", "coordinates": [[[5.17325, 44.79329], [5.17336, 44.79351], [5.17365, 44.79343], [5.17353, 44.79321], [5.17325, 44.79329]]]}}, {"type": "Feature", "properties": {"type": "artificialise", "ha": 0.2}, "geometry": {"type": "Polygon", "coordinates": [[[5.17546, 44.79408], [5.17571, 44.79426], [5.17599, 44.79421], [5.17618, 44.79397], [5.176, 44.7938], [5.17546, 44.79408]]]}}, {"type": "Feature", "properties": {"type": "artificialise", "ha": 0.1}, "geometry": {"type": "Polygon", "coordinates": [[[5.17278, 44.79488], [5.17279, 44.79513], [5.17316, 44.79512], [5.17312, 44.79486], [5.17278, 44.79488]]]}}, {"type": "Feature", "properties": {"type": "artificialise", "ha": 0.1}, "geometry": {"type": "Polygon", "coordinates": [[[5.16761, 44.80057], [5.16743, 44.80077], [5.16773, 44.80091], [5.1679, 44.80068], [5.16761, 44.80057]]]}}, {"type": "Feature", "properties": {"type": "artificialise", "ha": 0.1}, "geometry": {"type": "Polygon", "coordinates": [[[5.16739, 44.8029], [5.16761, 44.80273], [5.16736, 44.80257], [5.16716, 44.80276], [5.16739, 44.8029]]]}}, {"type": "Feature", "properties": {"type": "artificialise", "ha": 0.1}, "geometry": {"type": "Polygon", "coordinates": [[[5.17122, 44.80286], [5.17129, 44.80264], [5.1709, 44.80258], [5.17087, 44.80283], [5.17122, 44.80286]]]}}, {"type": "Feature", "properties": {"type": "artificialise", "ha": 0.1}, "geometry": {"type": "Polygon", "coordinates": [[[5.17256, 44.80327], [5.17288, 44.80329], [5.1729, 44.80306], [5.17256, 44.80306], [5.17256, 44.80327]]]}}, {"type": "Feature", "properties": {"type": "artificialise", "ha": 0.1}, "geometry": {"type": "Polygon", "coordinates": [[[5.16949, 44.80398], [5.16961, 44.80377], [5.16927, 44.80366], [5.16917, 44.8039], [5.16949, 44.80398]]]}}, {"type": "Feature", "properties": {"type": "artificialise", "ha": 0.1}, "geometry": {"type": "Polygon", "coordinates": [[[5.17047, 44.80441], [5.17078, 44.80447], [5.17087, 44.80425], [5.17054, 44.8042], [5.17047, 44.80441]]]}}, {"type": "Feature", "properties": {"type": "artificialise", "ha": 0.1}, "geometry": {"type": "Polygon", "coordinates": [[[5.17555, 44.80524], [5.17585, 44.80517], [5.17576, 44.80496], [5.17543, 44.80505], [5.17555, 44.80524]]]}}, {"type": "Feature", "properties": {"type": "artificialise", "ha": 0.1}, "geometry": {"type": "Polygon", "coordinates": [[[5.16664, 44.81027], [5.1663, 44.81035], [5.16642, 44.81055], [5.16676, 44.81046], [5.16664, 44.81027]]]}}, {"type": "Feature", "properties": {"type": "artificialise", "ha": 0.4}, "geometry": {"type": "Polygon", "coordinates": [[[5.17133, 44.81054], [5.17178, 44.81072], [5.17194, 44.81101], [5.17233, 44.811], [5.17258, 44.81082], [5.17256, 44.81066], [5.1722, 44.81061], [5.17211, 44.81043], [5.17144, 44.81033], [5.17133, 44.81054]]]}}, {"type": "Feature", "properties": {"type": "artificialise", "ha": 0.1}, "geometry": {"type": "Polygon", "coordinates": [[[5.17094, 44.81118], [5.1714, 44.81127], [5.17142, 44.81101], [5.171, 44.81094], [5.17094, 44.81118]]]}}, {"type": "Feature", "properties": {"type": "artificialise", "ha": 0.1}, "geometry": {"type": "Polygon", "coordinates": [[[5.17667, 44.81382], [5.17685, 44.81362], [5.17657, 44.81349], [5.1764, 44.81373], [5.17667, 44.81382]]]}}, {"type": "Feature", "properties": {"type": "artificialise", "ha": 0.2}, "geometry": {"type": "Polygon", "coordinates": [[[5.17121, 44.81391], [5.17099, 44.81403], [5.17109, 44.81433], [5.17137, 44.81448], [5.17172, 44.81432], [5.17162, 44.81402], [5.17121, 44.81391]]]}}, {"type": "Feature", "properties": {"type": "artificialise", "ha": 0.1}, "geometry": {"type": "Polygon", "coordinates": [[[5.16829, 44.81776], [5.16808, 44.81792], [5.16831, 44.81807], [5.16851, 44.81789], [5.16829, 44.81776]]]}}, {"type": "Feature", "properties": {"type": "artificialise", "ha": 0.1}, "geometry": {"type": "Polygon", "coordinates": [[[5.16663, 44.81846], [5.16647, 44.81817], [5.16623, 44.81819], [5.16606, 44.81836], [5.16632, 44.81864], [5.16663, 44.81846]]]}}, {"type": "Feature", "properties": {"type": "artificialise", "ha": 0.1}, "geometry": {"type": "Polygon", "coordinates": [[[5.17763, 44.8189], [5.17749, 44.81876], [5.177, 44.81888], [5.17712, 44.81909], [5.1775, 44.81907], [5.17763, 44.8189]]]}}, {"type": "Feature", "properties": {"type": "artificialise", "ha": 0.1}, "geometry": {"type": "Polygon", "coordinates": [[[5.17564, 44.81892], [5.1755, 44.81914], [5.1758, 44.81925], [5.17593, 44.81901], [5.17564, 44.81892]]]}}, {"type": "Feature", "properties": {"type": "artificialise", "ha": 0.2}, "geometry": {"type": "Polygon", "coordinates": [[[5.17044, 44.81984], [5.1707, 44.8198], [5.1708, 44.81966], [5.1707, 44.81936], [5.17037, 44.81936], [5.17024, 44.81972], [5.17044, 44.81984]]]}}, {"type": "Feature", "properties": {"type": "artificialise", "ha": 0.1}, "geometry": {"type": "Polygon", "coordinates": [[[5.17215, 44.82007], [5.17205, 44.81977], [5.17167, 44.81982], [5.17175, 44.82017], [5.17215, 44.82007]]]}}, {"type": "Feature", "properties": {"type": "artificialise", "ha": 0.1}, "geometry": {"type": "Polygon", "coordinates": [[[5.16951, 44.82206], [5.16934, 44.82186], [5.16907, 44.82198], [5.16927, 44.82217], [5.16951, 44.82206]]]}}, {"type": "Feature", "properties": {"type": "artificialise", "ha": 0.1}, "geometry": {"type": "Polygon", "coordinates": [[[5.1725, 44.82252], [5.17283, 44.82238], [5.17262, 44.82214], [5.17229, 44.82232], [5.1725, 44.82252]]]}}, {"type": "Feature", "properties": {"type": "artificialise", "ha": 0.1}, "geometry": {"type": "Polygon", "coordinates": [[[5.17061, 44.82348], [5.17093, 44.82338], [5.1708, 44.82315], [5.17047, 44.82328], [5.17061, 44.82348]]]}}, {"type": "Feature", "properties": {"type": "artificialise", "ha": 0.1}, "geometry": {"type": "Polygon", "coordinates": [[[5.17454, 44.82351], [5.17477, 44.82371], [5.17503, 44.82357], [5.17478, 44.82337], [5.17454, 44.82351]]]}}, {"type": "Feature", "properties": {"type": "artificialise", "ha": 0.1}, "geometry": {"type": "Polygon", "coordinates": [[[5.17365, 44.8246], [5.1739, 44.82473], [5.17409, 44.82456], [5.17382, 44.82442], [5.17365, 44.8246]]]}}, {"type": "Feature", "properties": {"type": "artificialise", "ha": 0.1}, "geometry": {"type": "Polygon", "coordinates": [[[5.17521, 44.82475], [5.17526, 44.825], [5.17565, 44.82497], [5.17553, 44.8247], [5.17521, 44.82475]]]}}, {"type": "Feature", "properties": {"type": "artificialise", "ha": 0.1}, "geometry": {"type": "Polygon", "coordinates": [[[5.17827, 44.82556], [5.17843, 44.82577], [5.17871, 44.82566], [5.17853, 44.82544], [5.17827, 44.82556]]]}}, {"type": "Feature", "properties": {"type": "artificialise", "ha": 0.1}, "geometry": {"type": "Polygon", "coordinates": [[[5.17294, 44.82601], [5.17305, 44.82627], [5.17337, 44.82618], [5.17324, 44.82592], [5.17294, 44.82601]]]}}, {"type": "Feature", "properties": {"type": "artificialise", "ha": 0.1}, "geometry": {"type": "Polygon", "coordinates": [[[5.17743, 44.82645], [5.17713, 44.82661], [5.17733, 44.82679], [5.17766, 44.82661], [5.17743, 44.82645]]]}}, {"type": "Feature", "properties": {"type": "artificialise", "ha": 0.1}, "geometry": {"type": "Polygon", "coordinates": [[[5.17389, 44.82914], [5.17374, 44.82884], [5.17339, 44.82893], [5.17357, 44.82925], [5.17389, 44.82914]]]}}, {"type": "Feature", "properties": {"type": "artificialise", "ha": 0.1}, "geometry": {"type": "Polygon", "coordinates": [[[5.1778, 44.82969], [5.17806, 44.82992], [5.17828, 44.82975], [5.17801, 44.82953], [5.1778, 44.82969]]]}}, {"type": "Feature", "properties": {"type": "artificialise", "ha": 0.1}, "geometry": {"type": "Polygon", "coordinates": [[[5.1679, 44.83104], [5.16757, 44.83111], [5.16768, 44.83138], [5.16806, 44.83127], [5.1679, 44.83104]]]}}, {"type": "Feature", "properties": {"type": "artificialise", "ha": 0.1}, "geometry": {"type": "Polygon", "coordinates": [[[5.17719, 44.83162], [5.17716, 44.8319], [5.17751, 44.83191], [5.17752, 44.83162], [5.17719, 44.83162]]]}}, {"type": "Feature", "properties": {"type": "artificialise", "ha": 0.1}, "geometry": {"type": "Polygon", "coordinates": [[[5.16852, 44.83298], [5.16861, 44.8332], [5.16895, 44.83314], [5.16881, 44.8329], [5.16852, 44.83298]]]}}, {"type": "Feature", "properties": {"type": "artificialise", "ha": 0.1}, "geometry": {"type": "Polygon", "coordinates": [[[5.17527, 44.83309], [5.17527, 44.83282], [5.17488, 44.8328], [5.17484, 44.83309], [5.17527, 44.83309]]]}}, {"type": "Feature", "properties": {"type": "artificialise", "ha": 0.1}, "geometry": {"type": "Polygon", "coordinates": [[[5.17019, 44.8357], [5.16979, 44.83575], [5.16984, 44.836], [5.17022, 44.83594], [5.17019, 44.8357]]]}}, {"type": "Feature", "properties": {"type": "artificialise", "ha": 0.1}, "geometry": {"type": "Polygon", "coordinates": [[[5.17887, 44.83643], [5.17911, 44.83626], [5.17887, 44.83609], [5.17864, 44.83629], [5.17887, 44.83643]]]}}, {"type": "Feature", "properties": {"type": "artificialise", "ha": 0.1}, "geometry": {"type": "Polygon", "coordinates": [[[5.16694, 44.83752], [5.16725, 44.83757], [5.16734, 44.83733], [5.167, 44.83729], [5.16694, 44.83752]]]}}, {"type": "Feature", "properties": {"type": "artificialise", "ha": 0.2}, "geometry": {"type": "Polygon", "coordinates": [[[5.17066, 44.84006], [5.17093, 44.83993], [5.17073, 44.83954], [5.17039, 44.83964], [5.17047, 44.84001], [5.17066, 44.84006]]]}}, {"type": "Feature", "properties": {"type": "artificialise", "ha": 0.1}, "geometry": {"type": "Polygon", "coordinates": [[[5.17321, 44.84313], [5.17295, 44.84326], [5.17314, 44.84345], [5.1734, 44.84329], [5.17321, 44.84313]]]}}, {"type": "Feature", "properties": {"type": "artificialise", "ha": 0.1}, "geometry": {"type": "Polygon", "coordinates": [[[5.17282, 44.85138], [5.1731, 44.8512], [5.17286, 44.85101], [5.17257, 44.85122], [5.17282, 44.85138]]]}}, {"type": "Feature", "properties": {"type": "artificialise", "ha": 0.1}, "geometry": {"type": "Polygon", "coordinates": [[[5.17321, 44.85161], [5.17292, 44.85179], [5.17315, 44.85197], [5.17343, 44.85177], [5.17321, 44.85161]]]}}, {"type": "Feature", "properties": {"type": "artificialise", "ha": 0.1}, "geometry": {"type": "Polygon", "coordinates": [[[5.17351, 44.85223], [5.17326, 44.85204], [5.17297, 44.85224], [5.17328, 44.85241], [5.17351, 44.85223]]]}}, {"type": "Feature", "properties": {"type": "artificialise", "ha": 0.1}, "geometry": {"type": "Polygon", "coordinates": [[[5.17258, 44.85273], [5.17285, 44.85253], [5.17258, 44.85235], [5.17233, 44.85258], [5.17258, 44.85273]]]}}, {"type": "Feature", "properties": {"type": "artificialise", "ha": 0.1}, "geometry": {"type": "Polygon", "coordinates": [[[5.17545, 44.85331], [5.1752, 44.85303], [5.17483, 44.85322], [5.17496, 44.85344], [5.17515, 44.85348], [5.17545, 44.85331]]]}}, {"type": "Feature", "properties": {"type": "artificialise", "ha": 0.2}, "geometry": {"type": "Polygon", "coordinates": [[[5.1744, 44.85314], [5.17387, 44.85317], [5.17392, 44.8535], [5.17431, 44.85354], [5.17447, 44.85344], [5.1744, 44.85314]]]}}, {"type": "Feature", "properties": {"type": "artificialise", "ha": 0.1}, "geometry": {"type": "Polygon", "coordinates": [[[5.16985, 44.85452], [5.1701, 44.85431], [5.16979, 44.85413], [5.16956, 44.85438], [5.16985, 44.85452]]]}}, {"type": "Feature", "properties": {"type": "artificialise", "ha": 0.1}, "geometry": {"type": "Polygon", "coordinates": [[[5.1725, 44.85549], [5.17218, 44.85559], [5.17232, 44.85583], [5.17265, 44.85569], [5.1725, 44.85549]]]}}, {"type": "Feature", "properties": {"type": "artificialise", "ha": 0.1}, "geometry": {"type": "Polygon", "coordinates": [[[5.17396, 44.85661], [5.17372, 44.85682], [5.17402, 44.85701], [5.17427, 44.85675], [5.17396, 44.85661]]]}}, {"type": "Feature", "properties": {"type": "artificialise", "ha": 0.1}, "geometry": {"type": "Polygon", "coordinates": [[[5.17366, 44.85692], [5.17334, 44.85678], [5.17313, 44.857], [5.1735, 44.85713], [5.17366, 44.85692]]]}}, {"type": "Feature", "properties": {"type": "artificialise", "ha": 0.1}, "geometry": {"type": "Polygon", "coordinates": [[[5.1732, 44.8571], [5.17287, 44.85697], [5.17268, 44.85721], [5.17306, 44.85732], [5.1732, 44.8571]]]}}, {"type": "Feature", "properties": {"type": "artificialise", "ha": 0.2}, "geometry": {"type": "Polygon", "coordinates": [[[5.17529, 44.85716], [5.17511, 44.85732], [5.1753, 44.8575], [5.17522, 44.85768], [5.17544, 44.85782], [5.17576, 44.85766], [5.17558, 44.85724], [5.17529, 44.85716]]]}}, {"type": "Feature", "properties": {"type": "artificialise", "ha": 0.1}, "geometry": {"type": "Polygon", "coordinates": [[[5.18006, 44.8713], [5.17986, 44.87144], [5.18008, 44.8717], [5.18036, 44.87159], [5.18025, 44.87133], [5.18006, 44.8713]]]}}, {"type": "Feature", "properties": {"type": "artificialise", "ha": 0.1}, "geometry": {"type": "Polygon", "coordinates": [[[5.17785, 44.88091], [5.17778, 44.88067], [5.1774, 44.88072], [5.17755, 44.88097], [5.17785, 44.88091]]]}}, {"type": "Feature", "properties": {"type": "artificialise", "ha": 0.1}, "geometry": {"type": "Polygon", "coordinates": [[[5.16946, 44.88107], [5.16929, 44.88083], [5.16895, 44.88096], [5.16921, 44.8812], [5.16946, 44.88107]]]}}, {"type": "Feature", "properties": {"type": "artificialise", "ha": 0.1}, "geometry": {"type": "Polygon", "coordinates": [[[5.18972, 44.76732], [5.18948, 44.76699], [5.18913, 44.76714], [5.18923, 44.7674], [5.18941, 44.76746], [5.18972, 44.76732]]]}}, {"type": "Feature", "properties": {"type": "artificialise", "ha": 0.4}, "geometry": {"type": "Polygon", "coordinates": [[[5.18908, 44.76772], [5.18852, 44.7677], [5.18834, 44.76791], [5.18838, 44.7682], [5.1886, 44.76835], [5.18908, 44.76825], [5.18928, 44.76805], [5.18908, 44.76772]]]}}, {"type": "Feature", "properties": {"type": "artificialise", "ha": 0.3}, "geometry": {"type": "Polygon", "coordinates": [[[5.18794, 44.77748], [5.18785, 44.77779], [5.18816, 44.77793], [5.1886, 44.77789], [5.18865, 44.77763], [5.1882, 44.77742], [5.18794, 44.77748]]]}}, {"type": "Feature", "properties": {"type": "artificialise", "ha": 0.1}, "geometry": {"type": "Polygon", "coordinates": [[[5.1913, 44.78984], [5.19156, 44.78971], [5.19138, 44.78952], [5.19111, 44.78968], [5.1913, 44.78984]]]}}, {"type": "Feature", "properties": {"type": "artificialise", "ha": 0.1}, "geometry": {"type": "Polygon", "coordinates": [[[5.18251, 44.79049], [5.18283, 44.79042], [5.18275, 44.79019], [5.1824, 44.79028], [5.18251, 44.79049]]]}}, {"type": "Feature", "properties": {"type": "artificialise", "ha": 0.1}, "geometry": {"type": "Polygon", "coordinates": [[[5.18542, 44.79032], [5.18539, 44.79054], [5.18571, 44.79056], [5.18571, 44.79032], [5.18542, 44.79032]]]}}, {"type": "Feature", "properties": {"type": "artificialise", "ha": 0.1}, "geometry": {"type": "Polygon", "coordinates": [[[5.18377, 44.79049], [5.18347, 44.79058], [5.18359, 44.79077], [5.18389, 44.79067], [5.18377, 44.79049]]]}}, {"type": "Feature", "properties": {"type": "artificialise", "ha": 0.1}, "geometry": {"type": "Polygon", "coordinates": [[[5.18856, 44.80477], [5.18888, 44.80481], [5.18908, 44.80443], [5.18878, 44.80437], [5.18856, 44.80477]]]}}, {"type": "Feature", "properties": {"type": "artificialise", "ha": 0.3}, "geometry": {"type": "Polygon", "coordinates": [[[5.19199, 44.80534], [5.19205, 44.80558], [5.19267, 44.80564], [5.19273, 44.80543], [5.19256, 44.80514], [5.19229, 44.8051], [5.19199, 44.80534]]]}}, {"type": "Feature", "properties": {"type": "artificialise", "ha": 0.1}, "geometry": {"type": "Polygon", "coordinates": [[[5.17833, 44.81025], [5.17815, 44.81046], [5.17852, 44.81063], [5.17867, 44.81036], [5.17833, 44.81025]]]}}, {"type": "Feature", "properties": {"type": "artificialise", "ha": 0.1}, "geometry": {"type": "Polygon", "coordinates": [[[5.19064, 44.8109], [5.1909, 44.81068], [5.19067, 44.8105], [5.19038, 44.8107], [5.19064, 44.8109]]]}}, {"type": "Feature", "properties": {"type": "artificialise", "ha": 0.1}, "geometry": {"type": "Polygon", "coordinates": [[[5.18123, 44.81207], [5.18141, 44.81189], [5.18105, 44.81165], [5.18082, 44.81181], [5.18103, 44.81208], [5.18123, 44.81207]]]}}, {"type": "Feature", "properties": {"type": "artificialise", "ha": 0.1}, "geometry": {"type": "Polygon", "coordinates": [[[5.19232, 44.81332], [5.19203, 44.8131], [5.19178, 44.81325], [5.19204, 44.81348], [5.19232, 44.81332]]]}}, {"type": "Feature", "properties": {"type": "artificialise", "ha": 0.1}, "geometry": {"type": "Polygon", "coordinates": [[[5.18191, 44.81416], [5.18207, 44.81395], [5.18179, 44.81384], [5.18163, 44.81405], [5.18191, 44.81416]]]}}, {"type": "Feature", "properties": {"type": "artificialise", "ha": 0.1}, "geometry": {"type": "Polygon", "coordinates": [[[5.17866, 44.81576], [5.17872, 44.81598], [5.17908, 44.81594], [5.17897, 44.81569], [5.17866, 44.81576]]]}}, {"type": "Feature", "properties": {"type": "artificialise", "ha": 0.1}, "geometry": {"type": "Polygon", "coordinates": [[[5.18909, 44.81762], [5.18918, 44.81739], [5.18888, 44.81733], [5.1888, 44.81758], [5.18909, 44.81762]]]}}, {"type": "Feature", "properties": {"type": "artificialise", "ha": 0.1}, "geometry": {"type": "Polygon", "coordinates": [[[5.18876, 44.81886], [5.18866, 44.8191], [5.18898, 44.81917], [5.18908, 44.81892], [5.18876, 44.81886]]]}}, {"type": "Feature", "properties": {"type": "artificialise", "ha": 0.1}, "geometry": {"type": "Polygon", "coordinates": [[[5.19184, 44.82105], [5.19205, 44.82083], [5.19173, 44.82067], [5.19154, 44.82093], [5.19184, 44.82105]]]}}, {"type": "Feature", "properties": {"type": "artificialise", "ha": 0.1}, "geometry": {"type": "Polygon", "coordinates": [[[5.19361, 44.82131], [5.19388, 44.82116], [5.19366, 44.82096], [5.1934, 44.82113], [5.19361, 44.82131]]]}}, {"type": "Feature", "properties": {"type": "artificialise", "ha": 0.1}, "geometry": {"type": "Polygon", "coordinates": [[[5.18261, 44.82272], [5.18233, 44.82285], [5.1825, 44.82307], [5.18282, 44.82291], [5.18261, 44.82272]]]}}, {"type": "Feature", "properties": {"type": "artificialise", "ha": 0.3}, "geometry": {"type": "Polygon", "coordinates": [[[5.18751, 44.82447], [5.18789, 44.82436], [5.18791, 44.82394], [5.18726, 44.82396], [5.1872, 44.82415], [5.18751, 44.82447]]]}}, {"type": "Feature", "properties": {"type": "artificialise", "ha": 0.1}, "geometry": {"type": "Polygon", "coordinates": [[[5.18336, 44.82539], [5.18357, 44.82537], [5.18362, 44.82503], [5.18333, 44.82501], [5.18323, 44.82525], [5.18336, 44.82539]]]}}, {"type": "Feature", "properties": {"type": "artificialise", "ha": 0.1}, "geometry": {"type": "Polygon", "coordinates": [[[5.18037, 44.82781], [5.18075, 44.82775], [5.18063, 44.82749], [5.18027, 44.82759], [5.18037, 44.82781]]]}}, {"type": "Feature", "properties": {"type": "artificialise", "ha": 0.2}, "geometry": {"type": "Polygon", "coordinates": [[[5.1921, 44.83043], [5.19184, 44.83036], [5.19144, 44.83043], [5.19134, 44.83058], [5.19161, 44.83076], [5.19208, 44.83064], [5.1921, 44.83043]]]}}, {"type": "Feature", "properties": {"type": "artificialise", "ha": 0.1}, "geometry": {"type": "Polygon", "coordinates": [[[5.1827, 44.83148], [5.18258, 44.83122], [5.18225, 44.83129], [5.18236, 44.83157], [5.1827, 44.83148]]]}}, {"type": "Feature", "properties": {"type": "artificialise", "ha": 0.1}, "geometry": {"type": "Polygon", "coordinates": [[[5.18831, 44.83317], [5.18797, 44.83317], [5.18797, 44.83341], [5.18833, 44.8334], [5.18831, 44.83317]]]}}, {"type": "Feature", "properties": {"type": "artificialise", "ha": 0.1}, "geometry": {"type": "Polygon", "coordinates": [[[5.19175, 44.8367], [5.19163, 44.83644], [5.19132, 44.83653], [5.19146, 44.83678], [5.19175, 44.8367]]]}}, {"type": "Feature", "properties": {"type": "artificialise", "ha": 0.1}, "geometry": {"type": "Polygon", "coordinates": [[[5.17947, 44.83676], [5.17909, 44.83679], [5.17914, 44.83707], [5.17952, 44.83706], [5.17947, 44.83676]]]}}, {"type": "Feature", "properties": {"type": "artificialise", "ha": 0.4}, "geometry": {"type": "Polygon", "coordinates": [[[5.19391, 44.83882], [5.19439, 44.83882], [5.19452, 44.8386], [5.19436, 44.83827], [5.19407, 44.838], [5.19375, 44.8381], [5.19391, 44.83882]]]}}, {"type": "Feature", "properties": {"type": "artificialise", "ha": 0.1}, "geometry": {"type": "Polygon", "coordinates": [[[5.19468, 44.83882], [5.19435, 44.83888], [5.19451, 44.83926], [5.1948, 44.83924], [5.19491, 44.83911], [5.19468, 44.83882]]]}}, {"type": "Feature", "properties": {"type": "artificialise", "ha": 0.2}, "geometry": {"type": "Polygon", "coordinates": [[[5.19355, 44.84157], [5.19382, 44.8415], [5.19403, 44.84124], [5.19373, 44.84095], [5.19348, 44.84102], [5.19328, 44.84125], [5.19355, 44.84157]]]}}, {"type": "Feature", "properties": {"type": "artificialise", "ha": 0.1}, "geometry": {"type": "Polygon", "coordinates": [[[5.19235, 44.84686], [5.19196, 44.8468], [5.1919, 44.84706], [5.19231, 44.84709], [5.19235, 44.84686]]]}}, {"type": "Feature", "properties": {"type": "artificialise", "ha": 0.7}, "geometry": {"type": "Polygon", "coordinates": [[[5.19112, 44.84807], [5.1911, 44.84822], [5.19132, 44.8484], [5.19164, 44.84824], [5.19177, 44.84833], [5.19156, 44.84862], [5.19177, 44.84904], [5.19208, 44.84906], [5.19223, 44.84857], [5.19271, 44.84851], [5.19281, 44.84826], [5.19191, 44.848], [5.19161, 44.84816], [5.19137, 44.84798], [5.19112, 44.84807]]]}}, {"type": "Feature", "properties": {"type": "artificialise", "ha": 0.4}, "geometry": {"type": "Polygon", "coordinates": [[[5.19503, 44.85386], [5.1948, 44.85431], [5.19513, 44.85452], [5.19533, 44.85446], [5.19544, 44.85413], [5.19568, 44.85411], [5.19584, 44.85395], [5.19568, 44.85379], [5.19503, 44.85386]]]}}, {"type": "Feature", "properties": {"type": "artificialise", "ha": 0.1}, "geometry": {"type": "Polygon", "coordinates": [[[5.18079, 44.86113], [5.18041, 44.86121], [5.1805, 44.86151], [5.1809, 44.86141], [5.18079, 44.86113]]]}}, {"type": "Feature", "properties": {"type": "artificialise", "ha": 0.2}, "geometry": {"type": "Polygon", "coordinates": [[[5.18751, 44.86984], [5.18758, 44.87015], [5.18785, 44.87035], [5.18808, 44.87027], [5.18813, 44.87006], [5.18784, 44.8697], [5.18751, 44.86984]]]}}, {"type": "Feature", "properties": {"type": "artificialise", "ha": 0.1}, "geometry": {"type": "Polygon", "coordinates": [[[5.18842, 44.86992], [5.18827, 44.87018], [5.18848, 44.87028], [5.18874, 44.87021], [5.18883, 44.86995], [5.18842, 44.86992]]]}}, {"type": "Feature", "properties": {"type": "artificialise", "ha": 0.1}, "geometry": {"type": "Polygon", "coordinates": [[[5.1911, 44.88108], [5.19097, 44.8813], [5.19135, 44.88142], [5.19149, 44.88127], [5.19142, 44.88115], [5.1911, 44.88108]]]}}, {"type": "Feature", "properties": {"type": "artificialise", "ha": 0.1}, "geometry": {"type": "Polygon", "coordinates": [[[5.18328, 44.88306], [5.18347, 44.88287], [5.18318, 44.88272], [5.18303, 44.88296], [5.18328, 44.88306]]]}}, {"type": "Feature", "properties": {"type": "artificialise", "ha": 0.3}, "geometry": {"type": "Polygon", "coordinates": [[[5.18637, 44.88341], [5.1863, 44.88372], [5.18692, 44.88382], [5.18703, 44.88356], [5.18661, 44.88339], [5.18664, 44.88315], [5.18628, 44.88307], [5.1862, 44.88332], [5.18637, 44.88341]]]}}, {"type": "Feature", "properties": {"type": "artificialise", "ha": 0.1}, "geometry": {"type": "Polygon", "coordinates": [[[5.20012, 44.7873], [5.20046, 44.78736], [5.20054, 44.78713], [5.20017, 44.78708], [5.20012, 44.7873]]]}}, {"type": "Feature", "properties": {"type": "artificialise", "ha": 0.1}, "geometry": {"type": "Polygon", "coordinates": [[[5.20339, 44.78729], [5.2031, 44.78718], [5.20292, 44.7874], [5.20326, 44.7875], [5.20339, 44.78729]]]}}, {"type": "Feature", "properties": {"type": "artificialise", "ha": 0.1}, "geometry": {"type": "Polygon", "coordinates": [[[5.19754, 44.78819], [5.19781, 44.7883], [5.19799, 44.7881], [5.19768, 44.78799], [5.19754, 44.78819]]]}}, {"type": "Feature", "properties": {"type": "artificialise", "ha": 0.2}, "geometry": {"type": "Polygon", "coordinates": [[[5.20031, 44.78881], [5.20069, 44.78873], [5.20047, 44.78834], [5.20017, 44.78838], [5.20008, 44.78851], [5.20031, 44.78881]]]}}, {"type": "Feature", "properties": {"type": "artificialise", "ha": 0.8}, "geometry": {"type": "Polygon", "coordinates": [[[5.19555, 44.79292], [5.19565, 44.79306], [5.19649, 44.79337], [5.19677, 44.79329], [5.19687, 44.79342], [5.19722, 44.79345], [5.19762, 44.79321], [5.19791, 44.79324], [5.19804, 44.79314], [5.1979, 44.79293], [5.19723, 44.79304], [5.1971, 44.79282], [5.19687, 44.79282], [5.19676, 44.79295], [5.1957, 44.79276], [5.19555, 44.79292]]]}}, {"type": "Feature", "properties": {"type": "artificialise", "ha": 0.1}, "geometry": {"type": "Polygon", "coordinates": [[[5.20748, 44.79971], [5.20723, 44.79954], [5.20702, 44.79971], [5.20729, 44.79988], [5.20748, 44.79971]]]}}, {"type": "Feature", "properties": {"type": "artificialise", "ha": 0.1}, "geometry": {"type": "Polygon", "coordinates": [[[5.20646, 44.8023], [5.20686, 44.80227], [5.20684, 44.80194], [5.20653, 44.80192], [5.2064, 44.80203], [5.20646, 44.8023]]]}}, {"type": "Feature", "properties": {"type": "artificialise", "ha": 0.1}, "geometry": {"type": "Polygon", "coordinates": [[[5.20843, 44.80294], [5.20846, 44.80266], [5.20811, 44.80271], [5.2081, 44.80293], [5.20843, 44.80294]]]}}, {"type": "Feature", "properties": {"type": "artificialise", "ha": 0.2}, "geometry": {"type": "Polygon", "coordinates": [[[5.20785, 44.80299], [5.20777, 44.80261], [5.20714, 44.80267], [5.20714, 44.80298], [5.20731, 44.80307], [5.20785, 44.80299]]]}}, {"type": "Feature", "properties": {"type": "artificialise", "ha": 0.3}, "geometry": {"type": "Polygon", "coordinates": [[[5.2025, 44.80321], [5.20274, 44.80378], [5.203, 44.80376], [5.20318, 44.80357], [5.20306, 44.80314], [5.2025, 44.80321]]]}}, {"type": "Feature", "properties": {"type": "artificialise", "ha": 0.2}, "geometry": {"type": "Polygon", "coordinates": [[[5.19881, 44.8033], [5.19878, 44.80363], [5.19927, 44.80373], [5.19941, 44.8034], [5.19895, 44.80321], [5.19881, 44.8033]]]}}, {"type": "Feature", "properties": {"type": "artificialise", "ha": 0.2}, "geometry": {"type": "Polygon", "coordinates": [[[5.20463, 44.80369], [5.20482, 44.80387], [5.20509, 44.80392], [5.20537, 44.80377], [5.20535, 44.80363], [5.20505, 44.8035], [5.20468, 44.80353], [5.20463, 44.80369]]]}}, {"type": "Feature", "properties": {"type": "artificialise", "ha": 0.1}, "geometry": {"type": "Polygon", "coordinates": [[[5.20584, 44.80421], [5.20583, 44.80398], [5.20545, 44.80398], [5.2054, 44.80414], [5.20553, 44.80424], [5.20584, 44.80421]]]}}, {"type": "Feature", "properties": {"type": "artificialise", "ha": 0.2}, "geometry": {"type": "Polygon", "coordinates": [[[5.2101, 44.80521], [5.21049, 44.80553], [5.21071, 44.80548], [5.2108, 44.80528], [5.21045, 44.80496], [5.2101, 44.80521]]]}}, {"type": "Feature", "properties": {"type": "artificialise", "ha": 0.2}, "geometry": {"type": "Polygon", "coordinates": [[[5.20975, 44.8067], [5.20982, 44.80689], [5.21065, 44.80677], [5.21066, 44.8065], [5.2101, 44.80647], [5.20975, 44.8067]]]}}, {"type": "Feature", "properties": {"type": "artificialise", "ha": 0.1}, "geometry": {"type": "Polygon", "coordinates": [[[5.1998, 44.81672], [5.19992, 44.81688], [5.20019, 44.81691], [5.20031, 44.81665], [5.2, 44.81653], [5.1998, 44.81672]]]}}, {"type": "Feature", "properties": {"type": "artificialise", "ha": 0.1}, "geometry": {"type": "Polygon", "coordinates": [[[5.20469, 44.81843], [5.20484, 44.81864], [5.20513, 44.81854], [5.20496, 44.81832], [5.20469, 44.81843]]]}}, {"type": "Feature", "properties": {"type": "artificialise", "ha": 0.2}, "geometry": {"type": "Polygon", "coordinates": [[[5.2015, 44.82956], [5.20166, 44.82977], [5.20252, 44.82941], [5.20229, 44.82921], [5.2015, 44.82956]]]}}, {"type": "Feature", "properties": {"type": "artificialise", "ha": 0.4}, "geometry": {"type": "Polygon", "coordinates": [[[5.20638, 44.82939], [5.20613, 44.82957], [5.20569, 44.8296], [5.20563, 44.82976], [5.20592, 44.82997], [5.20613, 44.82996], [5.20623, 44.83012], [5.20652, 44.83012], [5.20664, 44.82947], [5.20638, 44.82939]]]}}, {"type": "Feature", "properties": {"type": "artificialise", "ha": 0.1}, "geometry": {"type": "Polygon", "coordinates": [[[5.19613, 44.83847], [5.19582, 44.83835], [5.19568, 44.83856], [5.196, 44.83866], [5.19613, 44.83847]]]}}, {"type": "Feature", "properties": {"type": "artificialise", "ha": 0.1}, "geometry": {"type": "Polygon", "coordinates": [[[5.198, 44.84209], [5.19825, 44.84188], [5.19797, 44.84172], [5.19773, 44.84195], [5.198, 44.84209]]]}}, {"type": "Feature", "properties": {"type": "artificialise", "ha": 0.1}, "geometry": {"type": "Polygon", "coordinates": [[[5.20338, 44.84676], [5.2038, 44.84672], [5.20372, 44.84647], [5.20331, 44.84654], [5.20338, 44.84676]]]}}, {"type": "Feature", "properties": {"type": "artificialise", "ha": 0.1}, "geometry": {"type": "Polygon", "coordinates": [[[5.20176, 44.85588], [5.20175, 44.85563], [5.20131, 44.8556], [5.20139, 44.85589], [5.20176, 44.85588]]]}}, {"type": "Feature", "properties": {"type": "artificialise", "ha": 0.1}, "geometry": {"type": "Polygon", "coordinates": [[[5.20435, 44.86164], [5.20452, 44.86139], [5.2042, 44.86129], [5.20406, 44.86156], [5.20435, 44.86164]]]}}, {"type": "Feature", "properties": {"type": "artificialise", "ha": 0.1}, "geometry": {"type": "Polygon", "coordinates": [[[5.21326, 44.80212], [5.21358, 44.80222], [5.21375, 44.80195], [5.21337, 44.80188], [5.21326, 44.80212]]]}}, {"type": "Feature", "properties": {"type": "artificialise", "ha": 0.1}, "geometry": {"type": "Polygon", "coordinates": [[[5.21313, 44.80453], [5.2135, 44.80435], [5.21341, 44.80417], [5.21321, 44.80413], [5.21292, 44.80436], [5.21313, 44.80453]]]}}, {"type": "Feature", "properties": {"type": "artificialise", "ha": 0.1}, "geometry": {"type": "Polygon", "coordinates": [[[5.21421, 44.80609], [5.21455, 44.80611], [5.2146, 44.80582], [5.21422, 44.80584], [5.21421, 44.80609]]]}}, {"type": "Feature", "properties": {"type": "artificialise", "ha": 0.2}, "geometry": {"type": "Polygon", "coordinates": [[[5.21604, 44.81077], [5.21648, 44.81091], [5.21663, 44.81056], [5.21637, 44.8104], [5.21615, 44.81042], [5.21604, 44.81077]]]}}, {"type": "Feature", "properties": {"type": "artificialise", "ha": 0.1}, "geometry": {"type": "Polygon", "coordinates": [[[5.2177, 44.81293], [5.21732, 44.81308], [5.21753, 44.81331], [5.21789, 44.81314], [5.2177, 44.81293]]]}}, {"type": "Feature", "properties": {"type": "artificialise", "ha": 0.1}, "geometry": {"type": "Polygon", "coordinates": [[[5.21345, 44.83033], [5.21368, 44.83042], [5.21397, 44.83013], [5.21373, 44.82999], [5.21344, 44.83018], [5.21345, 44.83033]]]}}, {"type": "Feature", "properties": {"type": "artificialise", "ha": 0.1}, "geometry": {"type": "Polygon", "coordinates": [[[5.21645, 44.84326], [5.21645, 44.8435], [5.21684, 44.84352], [5.21691, 44.84334], [5.21678, 44.84324], [5.21645, 44.84326]]]}}, {"type": "Feature", "properties": {"type": "artificialise", "ha": 0.1}, "geometry": {"type": "Polygon", "coordinates": [[[5.21815, 44.84912], [5.21832, 44.8489], [5.21801, 44.84877], [5.21786, 44.84902], [5.21815, 44.84912]]]}}, {"type": "Feature", "properties": {"type": "artificialise", "ha": 0.1}, "geometry": {"type": "Polygon", "coordinates": [[[5.21463, 44.84982], [5.21499, 44.84973], [5.21487, 44.8495], [5.2145, 44.8496], [5.21463, 44.84982]]]}}, {"type": "Feature", "properties": {"type": "artificialise", "ha": 0.1}, "geometry": {"type": "Polygon", "coordinates": [[[5.21815, 44.85113], [5.21777, 44.85112], [5.21776, 44.85142], [5.21816, 44.8514], [5.21815, 44.85113]]]}}, {"type": "Feature", "properties": {"type": "artificialise", "ha": 0.1}, "geometry": {"type": "Polygon", "coordinates": [[[5.21771, 44.85374], [5.21785, 44.85357], [5.21775, 44.85338], [5.21749, 44.85333], [5.21725, 44.85348], [5.2175, 44.85374], [5.21771, 44.85374]]]}}, {"type": "Feature", "properties": {"type": "artificialise", "ha": 0.6}, "geometry": {"type": "Polygon", "coordinates": [[[5.22144, 44.85424], [5.2215, 44.85447], [5.22185, 44.85472], [5.22212, 44.85465], [5.22213, 44.85479], [5.22246, 44.85502], [5.22268, 44.85501], [5.22292, 44.85482], [5.22288, 44.85469], [5.22255, 44.85446], [5.22235, 44.85448], [5.222, 44.85411], [5.22163, 44.85409], [5.22144, 44.85424]]]}}, {"type": "Feature", "properties": {"type": "artificialise", "ha": 0.1}, "geometry": {"type": "Polygon", "coordinates": [[[5.21715, 44.85673], [5.21743, 44.85657], [5.21721, 44.85638], [5.21693, 44.85655], [5.21715, 44.85673]]]}}, {"type": "Feature", "properties": {"type": "artificialise", "ha": 0.1}, "geometry": {"type": "Polygon", "coordinates": [[[5.21925, 44.86372], [5.21895, 44.86389], [5.21917, 44.86407], [5.21946, 44.86388], [5.21925, 44.86372]]]}}, {"type": "Feature", "properties": {"type": "artificialise", "ha": 0.2}, "geometry": {"type": "Polygon", "coordinates": [[[5.22155, 44.86451], [5.22153, 44.86481], [5.22167, 44.86491], [5.2221, 44.8648], [5.22185, 44.86441], [5.22155, 44.86451]]]}}, {"type": "Feature", "properties": {"type": "artificialise", "ha": 0.1}, "geometry": {"type": "Polygon", "coordinates": [[[5.22152, 44.86576], [5.22154, 44.86603], [5.22194, 44.86602], [5.22188, 44.86573], [5.22152, 44.86576]]]}}, {"type": "Feature", "properties": {"type": "artificialise", "ha": 0.1}, "geometry": {"type": "Polygon", "coordinates": [[[5.21447, 44.87492], [5.21415, 44.8749], [5.21413, 44.87514], [5.21447, 44.87514], [5.21447, 44.87492]]]}}, {"type": "Feature", "properties": {"type": "artificialise", "ha": 0.2}, "geometry": {"type": "Polygon", "coordinates": [[[5.22213, 44.87467], [5.22188, 44.87479], [5.22183, 44.87502], [5.22199, 44.87515], [5.22231, 44.87516], [5.22251, 44.8748], [5.22213, 44.87467]]]}}, {"type": "Feature", "properties": {"type": "artificialise", "ha": 0.3}, "geometry": {"type": "Polygon", "coordinates": [[[5.2203, 44.87556], [5.22001, 44.87563], [5.2201, 44.87626], [5.22077, 44.87616], [5.22059, 44.87571], [5.2203, 44.87556]]]}}, {"type": "Feature", "properties": {"type": "artificialise", "ha": 0.1}, "geometry": {"type": "Polygon", "coordinates": [[[5.22105, 44.87704], [5.22146, 44.87703], [5.22145, 44.87668], [5.22115, 44.87666], [5.22101, 44.87676], [5.22105, 44.87704]]]}}, {"type": "Feature", "properties": {"type": "artificialise", "ha": 0.4}, "geometry": {"type": "Polygon", "coordinates": [[[5.23247, 44.89851], [5.23317, 44.8981], [5.23001, 44.89899], [5.23015, 44.89911], [5.23247, 44.89851]]]}}, {"type": "Feature", "properties": {"type": "artificialise", "ha": 0.1}, "geometry": {"type": "Polygon", "coordinates": [[[5.23508, 44.79421], [5.23503, 44.79397], [5.23468, 44.79401], [5.23477, 44.79425], [5.23508, 44.79421]]]}}, {"type": "Feature", "properties": {"type": "artificialise", "ha": 0.1}, "geometry": {"type": "Polygon", "coordinates": [[[5.22143, 44.79526], [5.22162, 44.79545], [5.22224, 44.79521], [5.22204, 44.79501], [5.22143, 44.79526]]]}}, {"type": "Feature", "properties": {"type": "artificialise", "ha": 0.1}, "geometry": {"type": "Polygon", "coordinates": [[[5.22255, 44.7955], [5.22242, 44.79529], [5.22213, 44.79539], [5.22229, 44.79559], [5.22255, 44.7955]]]}}, {"type": "Feature", "properties": {"type": "artificialise", "ha": 0.2}, "geometry": {"type": "Polygon", "coordinates": [[[5.22225, 44.79609], [5.22193, 44.79614], [5.22189, 44.7966], [5.2222, 44.79665], [5.2224, 44.79633], [5.22225, 44.79609]]]}}, {"type": "Feature", "properties": {"type": "artificialise", "ha": 0.1}, "geometry": {"type": "Polygon", "coordinates": [[[5.22465, 44.79998], [5.22445, 44.7998], [5.22419, 44.79994], [5.22442, 44.80012], [5.22465, 44.79998]]]}}, {"type": "Feature", "properties": {"type": "artificialise", "ha": 0.4}, "geometry": {"type": "Polygon", "coordinates": [[[5.22692, 44.80032], [5.22676, 44.80056], [5.22687, 44.80097], [5.22709, 44.80109], [5.22765, 44.80064], [5.22716, 44.80031], [5.22692, 44.80032]]]}}, {"type": "Feature", "properties": {"type": "artificialise", "ha": 0.1}, "geometry": {"type": "Polygon", "coordinates": [[[5.22409, 44.80149], [5.22378, 44.80165], [5.22401, 44.80188], [5.22433, 44.80168], [5.22409, 44.80149]]]}}, {"type": "Feature", "properties": {"type": "artificialise", "ha": 0.1}, "geometry": {"type": "Polygon", "coordinates": [[[5.23107, 44.8048], [5.23076, 44.80477], [5.23053, 44.80511], [5.2309, 44.80521], [5.23116, 44.80492], [5.23107, 44.8048]]]}}, {"type": "Feature", "properties": {"type": "artificialise", "ha": 0.1}, "geometry": {"type": "Polygon", "coordinates": [[[5.23325, 44.8074], [5.23332, 44.80714], [5.23305, 44.80712], [5.23293, 44.80735], [5.23325, 44.8074]]]}}, {"type": "Feature", "properties": {"type": "artificialise", "ha": 0.3}, "geometry": {"type": "Polygon", "coordinates": [[[5.22129, 44.80794], [5.2217, 44.80787], [5.2218, 44.80774], [5.22165, 44.80755], [5.22136, 44.80762], [5.22076, 44.80754], [5.22056, 44.80767], [5.22059, 44.80781], [5.22129, 44.80794]]]}}, {"type": "Feature", "properties": {"type": "artificialise", "ha": 0.2}, "geometry": {"type": "Polygon", "coordinates": [[[5.23115, 44.80851], [5.23096, 44.80829], [5.23055, 44.8084], [5.23037, 44.80858], [5.23057, 44.80881], [5.23081, 44.80879], [5.23115, 44.80851]]]}}, {"type": "Feature", "properties": {"type": "artificialise", "ha": 0.1}, "geometry": {"type": "Polygon", "coordinates": [[[5.2339, 44.81265], [5.23422, 44.81265], [5.23422, 44.81239], [5.23387, 44.81243], [5.2339, 44.81265]]]}}, {"type": "Feature", "properties": {"type": "artificialise", "ha": 0.1}, "geometry": {"type": "Polygon", "coordinates": [[[5.223, 44.81546], [5.22269, 44.81558], [5.22286, 44.81577], [5.22317, 44.81565], [5.223, 44.81546]]]}}, {"type": "Feature", "properties": {"type": "artificialise", "ha": 0.1}, "geometry": {"type": "Polygon", "coordinates": [[[5.22509, 44.81847], [5.22465, 44.81857], [5.22475, 44.81885], [5.22521, 44.81878], [5.22509, 44.81847]]]}}, {"type": "Feature", "properties": {"type": "artificialise", "ha": 0.1}, "geometry": {"type": "Polygon", "coordinates": [[[5.22555, 44.81929], [5.22576, 44.81944], [5.22637, 44.81912], [5.22614, 44.81894], [5.22555, 44.81929]]]}}, {"type": "Feature", "properties": {"type": "artificialise", "ha": 0.2}, "geometry": {"type": "Polygon", "coordinates": [[[5.22307, 44.81926], [5.22293, 44.81936], [5.22294, 44.8197], [5.22313, 44.81988], [5.22349, 44.81977], [5.22333, 44.81929], [5.22307, 44.81926]]]}}, {"type": "Feature", "properties": {"type": "artificialise", "ha": 0.1}, "geometry": {"type": "Polygon", "coordinates": [[[5.22101, 44.82121], [5.22084, 44.82103], [5.22058, 44.82115], [5.22078, 44.82134], [5.22101, 44.82121]]]}}, {"type": "Feature", "properties": {"type": "artificialise", "ha": 0.1}, "geometry": {"type": "Polygon", "coordinates": [[[5.22403, 44.82307], [5.22404, 44.82284], [5.22369, 44.82282], [5.22372, 44.82307], [5.22403, 44.82307]]]}}, {"type": "Feature", "properties": {"type": "artificialise", "ha": 0.1}, "geometry": {"type": "Polygon", "coordinates": [[[5.22866, 44.82778], [5.22896, 44.82791], [5.22916, 44.82768], [5.22881, 44.82756], [5.22866, 44.82778]]]}}, {"type": "Feature", "properties": {"type": "artificialise", "ha": 0.1}, "geometry": {"type": "Polygon", "coordinates": [[[5.22769, 44.84765], [5.22737, 44.84767], [5.22739, 44.84794], [5.22774, 44.84788], [5.22769, 44.84765]]]}}, {"type": "Feature", "properties": {"type": "artificialise", "ha": 0.1}, "geometry": {"type": "Polygon", "coordinates": [[[5.22907, 44.85034], [5.22939, 44.85016], [5.22913, 44.84994], [5.22883, 44.85015], [5.22907, 44.85034]]]}}, {"type": "Feature", "properties": {"type": "artificialise", "ha": 0.1}, "geometry": {"type": "Polygon", "coordinates": [[[5.22764, 44.85099], [5.22786, 44.85118], [5.22813, 44.85102], [5.22788, 44.85083], [5.22764, 44.85099]]]}}, {"type": "Feature", "properties": {"type": "artificialise", "ha": 0.2}, "geometry": {"type": "Polygon", "coordinates": [[[5.22922, 44.85218], [5.22976, 44.85203], [5.22976, 44.85186], [5.22946, 44.85178], [5.22929, 44.8515], [5.22899, 44.8516], [5.22922, 44.85218]]]}}, {"type": "Feature", "properties": {"type": "artificialise", "ha": 0.6}, "geometry": {"type": "Polygon", "coordinates": [[[5.22195, 44.8527], [5.22179, 44.85279], [5.22207, 44.85335], [5.2212, 44.85275], [5.22104, 44.85281], [5.22223, 44.85359], [5.22237, 44.85347], [5.22215, 44.85314], [5.22274, 44.85319], [5.22305, 44.85335], [5.22326, 44.85324], [5.22319, 44.85302], [5.22287, 44.85299], [5.22246, 44.85275], [5.22195, 44.8527]]]}}, {"type": "Feature", "properties": {"type": "artificialise", "ha": 0.1}, "geometry": {"type": "Polygon", "coordinates": [[[5.23669, 44.85383], [5.23699, 44.85399], [5.23721, 44.85379], [5.23689, 44.85363], [5.23669, 44.85383]]]}}, {"type": "Feature", "properties": {"type": "artificialise", "ha": 0.1}, "geometry": {"type": "Polygon", "coordinates": [[[5.2463, 44.86286], [5.24631, 44.86261], [5.24592, 44.86261], [5.24597, 44.86287], [5.2463, 44.86286]]]}}, {"type": "Feature", "properties": {"type": "artificialise", "ha": 0.1}, "geometry": {"type": "Polygon", "coordinates": [[[5.2294, 44.86945], [5.22912, 44.8696], [5.22932, 44.86979], [5.2296, 44.86962], [5.2294, 44.86945]]]}}, {"type": "Feature", "properties": {"type": "artificialise", "ha": 0.4}, "geometry": {"type": "Polygon", "coordinates": [[[5.22245, 44.87113], [5.22225, 44.87134], [5.22251, 44.87151], [5.22281, 44.8714], [5.22271, 44.87113], [5.22281, 44.87094], [5.22318, 44.87088], [5.22318, 44.87065], [5.22253, 44.87059], [5.22235, 44.87095], [5.22245, 44.87113]]]}}, {"type": "Feature", "properties": {"type": "artificialise", "ha": 0.1}, "geometry": {"type": "Polygon", "coordinates": [[[5.24029, 44.87875], [5.24006, 44.8786], [5.23981, 44.87881], [5.24011, 44.87895], [5.24029, 44.87875]]]}}, {"type": "Feature", "properties": {"type": "artificialise", "ha": 0.1}, "geometry": {"type": "Polygon", "coordinates": [[[5.23916, 44.88259], [5.23905, 44.8824], [5.2385, 44.88247], [5.23855, 44.8827], [5.23894, 44.88273], [5.23916, 44.88259]]]}}, {"type": "Feature", "properties": {"type": "artificialise", "ha": 0.2}, "geometry": {"type": "Polygon", "coordinates": [[[5.22543, 44.88568], [5.22571, 44.88559], [5.22578, 44.8854], [5.22562, 44.88518], [5.2253, 44.88519], [5.22518, 44.88557], [5.22543, 44.88568]]]}}, {"type": "Feature", "properties": {"type": "eau", "ha": 41.1}, "geometry": {"type": "Polygon", "coordinates": [[[5.09127, 44.7138], [5.09234, 44.71411], [5.09233, 44.71441], [5.09191, 44.71473], [5.09197, 44.71497], [5.09249, 44.71541], [5.09374, 44.71609], [5.09384, 44.71691], [5.09469, 44.71821], [5.0959, 44.71906], [5.09659, 44.71924], [5.09727, 44.71963], [5.09751, 44.71994], [5.09791, 44.71995], [5.0981, 44.72007], [5.09824, 44.7204], [5.09795, 44.72067], [5.09789, 44.721], [5.09813, 44.72151], [5.09846, 44.72163], [5.09949, 44.72128], [5.09983, 44.72139], [5.10011, 44.72134], [5.10178, 44.72211], [5.10353, 44.72231], [5.10365, 44.72251], [5.10313, 44.72306], [5.10306, 44.72379], [5.10435, 44.7248], [5.10465, 44.72561], [5.10489, 44.72587], [5.10544, 44.72612], [5.1065, 44.72623], [5.10791, 44.72655], [5.10839, 44.72722], [5.10929, 44.72798], [5.11019, 44.72824], [5.1106, 44.728], [5.1114, 44.72812], [5.11174, 44.72875], [5.11234, 44.72923], [5.11353, 44.72964], [5.11397, 44.72995], [5.11543, 44.73027], [5.11657, 44.7303], [5.11758, 44.73072], [5.11781, 44.73092], [5.1175, 44.73119], [5.11739, 44.73159], [5.11894, 44.73308], [5.11989, 44.73461], [5.12041, 44.73475], [5.12179, 44.73474], [5.12183, 44.73586], [5.12241, 44.73682], [5.12241, 44.73716], [5.12211, 44.7377], [5.12214, 44.73814], [5.12236, 44.73835], [5.12333, 44.73835], [5.12392, 44.73856], [5.12393, 44.73981], [5.12496, 44.74083], [5.12556, 44.7411], [5.12616, 44.74162], [5.12614, 44.74201], [5.12641, 44.74242], [5.12609, 44.7433], [5.12511, 44.74403], [5.12558, 44.74558], [5.1251, 44.7469], [5.12614, 44.74702], [5.12685, 44.74658], [5.12698, 44.74738], [5.12642, 44.74783], [5.12653, 44.74827], [5.12728, 44.74862], [5.12823, 44.74938], [5.12895, 44.74958], [5.1304, 44.75027], [5.13033, 44.75132], [5.12939, 44.75208], [5.12931, 44.75252], [5.13014, 44.75317], [5.13183, 44.75409], [5.132, 44.75431], [5.132, 44.75482], [5.1325, 44.75564], [5.13357, 44.75598], [5.13424, 44.75641], [5.13438, 44.757], [5.13462, 44.75711], [5.13483, 44.75759], [5.13431, 44.75821], [5.13433, 44.75837], [5.13485, 44.75858], [5.13581, 44.75869], [5.1369, 44.75858], [5.13716, 44.75859], [5.1372, 44.75866], [5.13685, 44.75859], [5.13676, 44.75882], [5.13676, 44.75871], [5.13655, 44.75869], [5.13611, 44.75946], [5.13631, 44.75954], [5.13629, 44.75964], [5.13693, 44.7598], [5.13735, 44.75892], [5.13866, 44.75986], [5.13808, 44.76029], [5.13797, 44.76061], [5.13926, 44.76135], [5.13857, 44.7617], [5.13833, 44.76195], [5.1383, 44.76227], [5.13858, 44.76269], [5.13835, 44.76363], [5.13852, 44.76394], [5.13975, 44.76478], [5.1394, 44.76548], [5.13842, 44.76585], [5.13791, 44.76636], [5.1376, 44.76745], [5.13823, 44.76815], [5.13808, 44.76939], [5.13842, 44.76966], [5.13934, 44.76979], [5.1402, 44.77061], [5.14004, 44.77105], [5.14012, 44.77132], [5.14157, 44.77239], [5.14167, 44.77264], [5.14132, 44.7731], [5.14199, 44.77362], [5.14331, 44.77402], [5.14479, 44.7738], [5.14517, 44.77387], [5.14533, 44.77404], [5.14462, 44.77521], [5.14552, 44.77647], [5.14425, 44.77725], [5.14411, 44.77779], [5.14605, 44.779], [5.14652, 44.77913], [5.14725, 44.77908], [5.1475, 44.77971], [5.14852, 44.7804], [5.14891, 44.78116], [5.14878, 44.78236], [5.1476, 44.7847], [5.14773, 44.78473], [5.14804, 44.78444], [5.14812, 44.78457], [5.14864, 44.78464], [5.14912, 44.78491], [5.14998, 44.78496], [5.15083, 44.7853], [5.152, 44.78618], [5.15251, 44.78699], [5.15396, 44.78858], [5.15381, 44.78897], [5.15391, 44.78912], [5.15429, 44.78946], [5.15513, 44.78964], [5.15539, 44.78985], [5.15567, 44.79071], [5.15595, 44.79107], [5.15745, 44.79127], [5.15774, 44.79155], [5.16029, 44.793], [5.16078, 44.79348], [5.16052, 44.79387], [5.1606, 44.79442], [5.16027, 44.79501], [5.16025, 44.79549], [5.16043, 44.79584], [5.16095, 44.79604], [5.16366, 44.79666], [5.16374, 44.79718], [5.16407, 44.79756], [5.16514, 44.79783], [5.16701, 44.79937], [5.16804, 44.79953], [5.16864, 44.79947], [5.16903, 44.79959], [5.16959, 44.80034], [5.17051, 44.8009], [5.17009, 44.80164], [5.17011, 44.80209], [5.17037, 44.80236], [5.17073, 44.8025], [5.17248, 44.80258], [5.17301, 44.80271], [5.17444, 44.80405], [5.17458, 44.80437], [5.17566, 44.80459], [5.17611, 44.80487], [5.17607, 44.80462], [5.17506, 44.80408], [5.17669, 44.80386], [5.17671, 44.80373], [5.17575, 44.80389], [5.17469, 44.80388], [5.17379, 44.80325], [5.17321, 44.80252], [5.17056, 44.80221], [5.17038, 44.80186], [5.1708, 44.80111], [5.17075, 44.80086], [5.17013, 44.80042], [5.16986, 44.79991], [5.16907, 44.79919], [5.16876, 44.79904], [5.16836, 44.79923], [5.16707, 44.7991], [5.1666, 44.79844], [5.16599, 44.79819], [5.16458, 44.79667], [5.16381, 44.79612], [5.16349, 44.79607], [5.16267, 44.79622], [5.16211, 44.79602], [5.16118, 44.79592], [5.16059, 44.79568], [5.16053, 44.7955], [5.16095, 44.79483], [5.16087, 44.79419], [5.16117, 44.79374], [5.16109, 44.79331], [5.15937, 44.79215], [5.15782, 44.79137], [5.1577, 44.79116], [5.15718, 44.79096], [5.15604, 44.79078], [5.15549, 44.78963], [5.15432, 44.78912], [5.15415, 44.78844], [5.15329, 44.78736], [5.15266, 44.78686], [5.15217, 44.78604], [5.1505, 44.78488], [5.14918, 44.78458], [5.14817, 44.78408], [5.14907, 44.78227], [5.14913, 44.78107], [5.14896, 44.78062], [5.14858, 44.78016], [5.14779, 44.77967], [5.14749, 44.77899], [5.14697, 44.77878], [5.14662, 44.77891], [5.14622, 44.77883], [5.14435, 44.77773], [5.14438, 44.77749], [5.14474, 44.77712], [5.14577, 44.77654], [5.14574, 44.77627], [5.14492, 44.77519], [5.14556, 44.77444], [5.14563, 44.77393], [5.1454, 44.77372], [5.14491, 44.7736], [5.14331, 44.77383], [5.14311, 44.77376], [5.14338, 44.77373], [5.14339, 44.77357], [5.14308, 44.77357], [5.14299, 44.77371], [5.14193, 44.77329], [5.14163, 44.77302], [5.142, 44.77277], [5.14188, 44.77237], [5.14124, 44.77177], [5.14041, 44.77128], [5.14071, 44.77099], [5.14053, 44.77051], [5.13968, 44.76966], [5.13838, 44.76933], [5.13885, 44.76821], [5.13797, 44.76725], [5.13835, 44.76636], [5.13998, 44.76549], [5.1401, 44.76491], [5.13992, 44.76455], [5.1386, 44.76365], [5.13889, 44.76275], [5.13856, 44.76219], [5.1386, 44.76202], [5.13882, 44.76178], [5.13971, 44.76137], [5.13837, 44.76044], [5.13879, 44.76012], [5.13887, 44.75972], [5.13759, 44.75885], [5.13738, 44.75843], [5.13663, 44.75837], [5.13582, 44.75848], [5.13464, 44.75825], [5.13522, 44.75764], [5.13526, 44.75741], [5.13513, 44.75715], [5.13477, 44.75694], [5.13447, 44.75632], [5.1338, 44.75587], [5.13278, 44.75547], [5.13228, 44.75477], [5.13207, 44.75402], [5.13136, 44.7535], [5.12997, 44.75278], [5.12959, 44.75236], [5.13064, 44.75141], [5.1306, 44.75012], [5.12951, 44.74946], [5.12841, 44.74919], [5.12725, 44.74823], [5.12686, 44.74805], [5.12732, 44.74735], [5.12726, 44.74653], [5.12711, 44.74636], [5.12666, 44.74627], [5.12642, 44.74658], [5.12605, 44.74676], [5.12571, 44.74676], [5.1254, 44.74662], [5.12583, 44.74575], [5.12541, 44.74413], [5.12575, 44.74378], [5.12711, 44.74318], [5.12728, 44.74284], [5.12681, 44.74221], [5.12651, 44.74144], [5.12574, 44.74086], [5.12515, 44.74063], [5.1243, 44.7399], [5.12415, 44.73959], [5.12412, 44.73842], [5.12358, 44.73818], [5.12235, 44.73805], [5.1227, 44.73723], [5.12271, 44.7368], [5.12203, 44.73581], [5.12215, 44.73528], [5.122, 44.73462], [5.12025, 44.73446], [5.11992, 44.73433], [5.11954, 44.73347], [5.11791, 44.73168], [5.11811, 44.7309], [5.1176, 44.73043], [5.11637, 44.73004], [5.11451, 44.72985], [5.11392, 44.72942], [5.11244, 44.72909], [5.11164, 44.72794], [5.11087, 44.72774], [5.11018, 44.72782], [5.11003, 44.72796], [5.10964, 44.7279], [5.10885, 44.72739], [5.10809, 44.72638], [5.10741, 44.72618], [5.10602, 44.72605], [5.10518, 44.72583], [5.10489, 44.72556], [5.10464, 44.72478], [5.10331, 44.72367], [5.1034, 44.72322], [5.10409, 44.72262], [5.10396, 44.72229], [5.10319, 44.722], [5.10176, 44.72191], [5.10007, 44.72113], [5.0983, 44.72126], [5.09831, 44.7208], [5.09866, 44.72041], [5.09836, 44.7198], [5.09665, 44.71894], [5.09605, 44.71881], [5.09537, 44.71837], [5.09421, 44.71688], [5.09405, 44.71597], [5.09231, 44.71493], [5.09229, 44.71476], [5.09272, 44.7144], [5.09263, 44.71405], [5.09146, 44.71353], [5.09123, 44.71302], [5.09093, 44.71332], [5.09127, 44.7138]], [[5.1267, 44.74314], [5.12648, 44.74328], [5.12657, 44.74296], [5.1267, 44.74314]], [[5.13822, 44.76063], [5.13817, 44.76052], [5.13859, 44.76082], [5.13822, 44.76063]], [[5.17487, 44.80409], [5.17522, 44.80437], [5.17471, 44.80428], [5.17487, 44.80409]]]}}, {"type": "Feature", "properties": {"type": "eau", "ha": 0.1}, "geometry": {"type": "Polygon", "coordinates": [[[5.08958, 44.7166], [5.0899, 44.71646], [5.08972, 44.71626], [5.08944, 44.71639], [5.08958, 44.7166]]]}}, {"type": "Feature", "properties": {"type": "eau", "ha": 0.1}, "geometry": {"type": "Polygon", "coordinates": [[[5.12563, 44.73832], [5.12538, 44.73829], [5.12522, 44.73856], [5.12543, 44.73863], [5.12572, 44.73845], [5.12563, 44.73832]]]}}, {"type": "Feature", "properties": {"type": "eau", "ha": 0.6}, "geometry": {"type": "Polygon", "coordinates": [[[5.11603, 44.78317], [5.11563, 44.78339], [5.11549, 44.78385], [5.11564, 44.78409], [5.11662, 44.78402], [5.11637, 44.78332], [5.11603, 44.78317]]]}}, {"type": "Feature", "properties": {"type": "eau", "ha": 0.1}, "geometry": {"type": "Polygon", "coordinates": [[[5.11515, 44.78388], [5.11494, 44.78401], [5.11497, 44.78428], [5.11512, 44.78427], [5.11531, 44.78395], [5.11515, 44.78388]]]}}, {"type": "Feature", "properties": {"type": "eau", "ha": 0.1}, "geometry": {"type": "Polygon", "coordinates": [[[5.14649, 44.77121], [5.14651, 44.77134], [5.14744, 44.77151], [5.14674, 44.77108], [5.14649, 44.77121]]]}}, {"type": "Feature", "properties": {"type": "eau", "ha": 0.1}, "geometry": {"type": "Polygon", "coordinates": [[[5.14021, 44.77213], [5.14038, 44.77241], [5.14069, 44.77232], [5.1405, 44.77203], [5.14021, 44.77213]]]}}, {"type": "Feature", "properties": {"type": "eau", "ha": 0.2}, "geometry": {"type": "Polygon", "coordinates": [[[5.12994, 44.78568], [5.13003, 44.78591], [5.13079, 44.78588], [5.13072, 44.78557], [5.13011, 44.78555], [5.12994, 44.78568]]]}}, {"type": "Feature", "properties": {"type": "eau", "ha": 0.1}, "geometry": {"type": "Polygon", "coordinates": [[[5.14063, 44.786], [5.14046, 44.78589], [5.13994, 44.78605], [5.14014, 44.78625], [5.14059, 44.78617], [5.14063, 44.786]]]}}, {"type": "Feature", "properties": {"type": "eau", "ha": 0.1}, "geometry": {"type": "Polygon", "coordinates": [[[5.14471, 44.79792], [5.14429, 44.79802], [5.14459, 44.79831], [5.14488, 44.79826], [5.14471, 44.79792]]]}}, {"type": "Feature", "properties": {"type": "eau", "ha": 0.2}, "geometry": {"type": "Polygon", "coordinates": [[[5.19401, 44.77165], [5.19446, 44.77182], [5.19459, 44.77138], [5.19394, 44.7713], [5.19401, 44.77165]]]}}, {"type": "Feature", "properties": {"type": "eau", "ha": 0.2}, "geometry": {"type": "Polygon", "coordinates": [[[5.22475, 44.8205], [5.2248, 44.82037], [5.22437, 44.82023], [5.22394, 44.82036], [5.22397, 44.82051], [5.22475, 44.8205]]]}}, {"type": "Feature", "properties": {"type": "eau", "ha": 0.1}, "geometry": {"type": "Polygon", "coordinates": [[[5.2216, 44.86716], [5.22123, 44.86727], [5.22165, 44.86772], [5.22186, 44.86764], [5.2216, 44.86716]]]}}, {"type": "Feature", "properties": {"type": "eau", "ha": 0.4}, "geometry": {"type": "Polygon", "coordinates": [[[5.1797, 44.87468], [5.181, 44.87456], [5.18087, 44.87416], [5.17963, 44.8743], [5.1797, 44.87468]]]}}, {"type": "Feature", "properties": {"type": "eau", "ha": 0.1}, "geometry": {"type": "Polygon", "coordinates": [[[5.20198, 44.87597], [5.20224, 44.87605], [5.20238, 44.87572], [5.20211, 44.87575], [5.20198, 44.87597]]]}}]}