{"type": "FeatureCollection", "features": [{"type": "Feature", "properties": {"nom": "Ruisseau des Pensions", "importance": 5}, "geometry": {"type": "LineString", "coordinates": [[4.8941, 44.73926], [4.89543, 44.74183], [4.8949, 44.74598], [4.8969, 44.74862]]}}, {"type": "Feature", "properties": {"nom": "Ravin de la Combe", "importance": 5}, "geometry": {"type": "LineString", "coordinates": [[5.54845, 44.52466], [5.55492, 44.52457], [5.56109, 44.52645], [5.56198, 44.52751], [5.56423, 44.52782], [5.56501, 44.52863]]}}, {"type": "Feature", "properties": {"nom": "Ruisseau de Combe Noire", "importance": 5}, "geometry": {"type": "LineString", "coordinates": [[5.23378, 44.7044], [5.24092, 44.70103], [5.24305, 44.69882], [5.2441, 44.69578]]}}, {"type": "Feature", "properties": {"nom": "Ruisseau de Trachetieu", "importance": 5}, "geometry": {"type": "LineString", "coordinates": [[5.17986, 44.66128], [5.18162, 44.66912], [5.18149, 44.67178], [5.17938, 44.67584], [5.1806, 44.67791], [5.18043, 44.68013], [5.17619, 44.68543], [5.17351, 44.6873], [5.17266, 44.6925]]}}, {"type": "Feature", "properties": {"nom": "Ruisseau de Charau", "importance": 5}, "geometry": {"type": "LineString", "coordinates": [[5.60302, 44.66065], [5.60325, 44.65776], [5.59663, 44.65262], [5.59846, 44.64994], [5.59769, 44.64602], [5.59502, 44.64245], [5.59554, 44.63852], [5.59431, 44.63503], [5.59538, 44.634], [5.59424, 44.63245], [5.59053, 44.63154]]}}, {"type": "Feature", "properties": {"nom": "Ruisseau de Font Longe", "importance": 5}, "geometry": {"type": "LineString", "coordinates": [[5.59195, 44.53628], [5.59251, 44.53517], [5.59198, 44.53155], [5.59005, 44.53069], [5.58747, 44.52812], [5.58575, 44.52888], [5.58408, 44.5283], [5.58275, 44.52859], [5.58113, 44.52663], [5.57865, 44.52631], [5.57688, 44.52509], [5.56938, 44.52404]]}}, {"type": "Feature", "properties": {"nom": "Ruisseau des Combes", "importance": 5}, "geometry": {"type": "LineString", "coordinates": [[5.1732, 44.85768], [5.17079, 44.85744], [5.16757, 44.85445], [5.16393, 44.85284], [5.16437, 44.85114], [5.16733, 44.84999], [5.16789, 44.8487], [5.16639, 44.84708], [5.16363, 44.84558], [5.16109, 44.84131], [5.14999, 44.82996], [5.14985, 44.82399], [5.14933, 44.82267], [5.14773, 44.82152], [5.14631, 44.81634]]}}, {"type": "Feature", "properties": {"nom": "la Courance", "importance": 5}, "geometry": {"type": "LineString", "coordinates": [[5.21463, 44.62846], [5.2155, 44.62987], [5.21817, 44.63016], [5.22714, 44.6295], [5.23275, 44.62763], [5.23702, 44.62477], [5.24227, 44.62414], [5.24382, 44.62474], [5.24845, 44.62256], [5.25077, 44.62241], [5.25149, 44.62097], [5.25247, 44.62063], [5.25499, 44.62116], [5.25824, 44.6244], [5.26021, 44.62453], [5.26064, 44.62555], [5.26192, 44.6261], [5.26208, 44.62798], [5.26417, 44.62889], [5.26969, 44.63485], [5.27979, 44.63719], [5.28104, 44.63663], [5.28257, 44.63738], [5.28667, 44.63675], [5.28747, 44.63758], [5.28932, 44.63681], [5.2905, 44.63768]]}}, {"type": "Feature", "properties": {"nom": "Font du V\u00e8ge", "importance": 5}, "geometry": {"type": "LineString", "coordinates": [[5.50187, 44.55668], [5.49672, 44.56004]]}}, {"type": "Feature", "properties": {"nom": "la Brette", "importance": 5}, "geometry": {"type": "MultiLineString", "coordinates": [[[5.31194, 44.59783], [5.31322, 44.59905], [5.31331, 44.60178], [5.31565, 44.60541], [5.31494, 44.60613], [5.31537, 44.6077], [5.31317, 44.60943], [5.31644, 44.61091], [5.31689, 44.61177], [5.31548, 44.61269], [5.31309, 44.61162], [5.31219, 44.61234], [5.31234, 44.61503], [5.31066, 44.61603], [5.31079, 44.61727], [5.30974, 44.6173], [5.30808, 44.61877], [5.30867, 44.62104], [5.30717, 44.62134], [5.30699, 44.62273]], [[5.30828, 44.56689], [5.30776, 44.57186], [5.31013, 44.5755], [5.3094, 44.57579], [5.30985, 44.57824], [5.30803, 44.58277], [5.30861, 44.58491], [5.30732, 44.58551], [5.30668, 44.58788], [5.30806, 44.58969], [5.30768, 44.59074], [5.30927, 44.59236], [5.30795, 44.59364], [5.31172, 44.59731]], [[5.31172, 44.59731], [5.31194, 44.59783]], [[5.31172, 44.59731], [5.31185, 44.59772], [5.31194, 44.59783]]]}}, {"type": "Feature", "properties": {"nom": "l'Izarette", "importance": 5}, "geometry": {"type": "LineString", "coordinates": [[5.29074, 44.80332], [5.29442, 44.79955], [5.29931, 44.79763], [5.30224, 44.79421], [5.30913, 44.78951], [5.30984, 44.7881], [5.31368, 44.78751], [5.31497, 44.7848], [5.31604, 44.78418], [5.31809, 44.77869], [5.32042, 44.77716], [5.32095, 44.77045], [5.32041, 44.76879], [5.31892, 44.76939], [5.31797, 44.76914]]}}, {"type": "Feature", "properties": {"nom": "Ruisseau de Blayne", "importance": 5}, "geometry": {"type": "LineString", "coordinates": [[5.09637, 44.67181], [5.09539, 44.67441], [5.09526, 44.67882], [5.09633, 44.68122], [5.09975, 44.68321], [5.10013, 44.6856], [5.09795, 44.68835], [5.09958, 44.6914], [5.09914, 44.69303], [5.09996, 44.6942], [5.09865, 44.69726], [5.09748, 44.69776], [5.09656, 44.70126], [5.09716, 44.70221], [5.09632, 44.7027], [5.09576, 44.70665]]}}, {"type": "Feature", "properties": {"nom": "l'Esconavette", "importance": 5}, "geometry": {"type": "LineString", "coordinates": [[5.3655, 44.67267], [5.37133, 44.67267], [5.37433, 44.67457], [5.38034, 44.67475], [5.38397, 44.67798], [5.38777, 44.67772], [5.38906, 44.67839], [5.38983, 44.67992], [5.39524, 44.68229]]}}, {"type": "Feature", "properties": {"nom": "le Riou", "importance": 5}, "geometry": {"type": "LineString", "coordinates": [[5.27673, 44.61611], [5.27659, 44.61372], [5.27884, 44.61084], [5.28724, 44.60896], [5.29401, 44.60642]]}}, {"type": "Feature", "properties": {"nom": "Ruisseau de Chauranne", "importance": 4}, "geometry": {"type": "LineString", "coordinates": [[5.5846, 44.56029], [5.57436, 44.56444], [5.5717, 44.56491], [5.56366, 44.56938], [5.55983, 44.57022], [5.55784, 44.5698]]}}, {"type": "Feature", "properties": {"nom": "Ruisseau de Meyrosse", "importance": 5}, "geometry": {"type": "LineString", "coordinates": [[5.46116, 44.80443], [5.45897, 44.80736], [5.4581, 44.81092], [5.45095, 44.81294], [5.44696, 44.81557], [5.4375, 44.81502], [5.42683, 44.81265], [5.42569, 44.81125], [5.42182, 44.80946], [5.41556, 44.80491], [5.41329, 44.80094], [5.40972, 44.79841], [5.40808, 44.79423], [5.40647, 44.79326], [5.40708, 44.79263], [5.40555, 44.79026], [5.40715, 44.78919], [5.40888, 44.78536], [5.41095, 44.78335], [5.41059, 44.7809], [5.40927, 44.77999], [5.40997, 44.77846], [5.40764, 44.77701], [5.4082, 44.77605], [5.40046, 44.77238], [5.39844, 44.7694], [5.39483, 44.76803], [5.39315, 44.76623], [5.39136, 44.76644], [5.38607, 44.76468], [5.38544, 44.76303], [5.38366, 44.76194], [5.38418, 44.76059], [5.38333, 44.76064], [5.38323, 44.75961], [5.38169, 44.75902], [5.38218, 44.75804], [5.3791, 44.75649], [5.37891, 44.75544], [5.37471, 44.75355], [5.37336, 44.75208], [5.37455, 44.75103], [5.37282, 44.75063], [5.37222, 44.74876]]}}, {"type": "Feature", "properties": {"nom": "Ruisseau de Combe Armand", "importance": 5}, "geometry": {"type": "LineString", "coordinates": [[5.24417, 44.7201], [5.25038, 44.71903], [5.25934, 44.71959], [5.2659, 44.71884], [5.26654, 44.71813]]}}, {"type": "Feature", "properties": {"nom": "Comane", "importance": 5}, "geometry": {"type": "LineString", "coordinates": [[5.41393, 44.83109], [5.40949, 44.8282], [5.4033, 44.82863], [5.40189, 44.82751], [5.40055, 44.82255], [5.39837, 44.82064], [5.39639, 44.81656], [5.39631, 44.81422], [5.39732, 44.81217], [5.39643, 44.81122], [5.39687, 44.81034], [5.39517, 44.80935], [5.39434, 44.8063], [5.3889, 44.79953], [5.38328, 44.79601], [5.38326, 44.79548], [5.37831, 44.79511], [5.37758, 44.7944], [5.37434, 44.79384], [5.37302, 44.79432], [5.37097, 44.79384], [5.36587, 44.79027], [5.36565, 44.78709], [5.36761, 44.78472], [5.36646, 44.78258], [5.36502, 44.78198], [5.36612, 44.78067], [5.3643, 44.77907], [5.36308, 44.77896], [5.36352, 44.77762], [5.36169, 44.77643], [5.36192, 44.77507], [5.36084, 44.77326], [5.35817, 44.77132], [5.35683, 44.77145], [5.356, 44.7702], [5.35643, 44.76937], [5.35484, 44.7691], [5.35225, 44.76733], [5.35005, 44.76821], [5.34634, 44.76774], [5.3442, 44.7669], [5.34062, 44.76375]]}}, {"type": "Feature", "properties": {"nom": "Ruisseau de Jullianne", "importance": 5}, "geometry": {"type": "LineString", "coordinates": [[5.56444, 44.47551], [5.55988, 44.48462], [5.56068, 44.48582], [5.56218, 44.48571], [5.56181, 44.48618], [5.56258, 44.48697], [5.56126, 44.49573], [5.56493, 44.4991], [5.5669, 44.50213], [5.57404, 44.50382], [5.57576, 44.50548]]}}, {"type": "Feature", "properties": {"nom": "Ruisseau de Vach\u00e8res", "importance": 5}, "geometry": {"type": "LineString", "coordinates": [[5.24561, 44.78653], [5.24751, 44.78642], [5.25076, 44.7877], [5.25553, 44.78643], [5.2614, 44.78714], [5.26425, 44.7903], [5.26868, 44.79251]]}}, {"type": "Feature", "properties": {"nom": "Chandel", "importance": 5}, "geometry": {"type": "LineString", "coordinates": [[5.55221, 44.58057], [5.55911, 44.579]]}}, {"type": "Feature", "properties": {"nom": "Bial Chassard (Ravin)", "importance": 5}, "geometry": {"type": "LineString", "coordinates": [[5.49317, 44.53596], [5.49427, 44.53791], [5.49805, 44.53921], [5.50343, 44.53912], [5.50645, 44.53821]]}}, {"type": "Feature", "properties": {"nom": "Ruisseau de Millassoles", "importance": 5}, "geometry": {"type": "LineString", "coordinates": [[5.04637, 44.69875], [5.04822, 44.7019], [5.04739, 44.70454], [5.04807, 44.7092], [5.04748, 44.71561]]}}, {"type": "Feature", "properties": {"nom": "la Dr\u00f4me", "importance": 4}, "geometry": {"type": "MultiLineString", "coordinates": [[[4.80301, 44.76695], [4.80122, 44.7666]], [[4.81534, 44.77134], [4.81194, 44.77063]], [[4.84344, 44.76453], [4.84283, 44.76577]], [[4.89502, 44.75355], [4.89394, 44.75454], [4.88781, 44.75533]], [[4.90618, 44.75126], [4.90153, 44.75243]], [[4.90618, 44.75126], [4.90487, 44.75105]], [[4.90977, 44.75014], [4.90618, 44.75126]], [[4.91259, 44.7497], [4.91079, 44.75027], [4.91002, 44.75013]], [[4.91259, 44.7497], [4.91135, 44.74985]], [[4.91665, 44.74868], [4.91259, 44.7497]], [[4.91727, 44.74822], [4.91947, 44.74743], [4.91862, 44.74825], [4.917, 44.74868], [4.91665, 44.74868]], [[4.91727, 44.74822], [4.91665, 44.74868]], [[4.91767, 44.74772], [4.91727, 44.74822]], [[4.92641, 44.74611], [4.92294, 44.74715], [4.92077, 44.74707]], [[4.93712, 44.74328], [4.9367, 44.74361]], [[4.93884, 44.74296], [4.93687, 44.74358]], [[4.94175, 44.74174], [4.93922, 44.74285]], [[4.9452, 44.74204], [4.9435, 44.74124]], [[4.9519, 44.73989], [4.95015, 44.74094]], [[4.95296, 44.73881], [4.95152, 44.73988]], [[4.95281, 44.73718], [4.95301, 44.73777]], [[4.95281, 44.73718], [4.95302, 44.73856]], [[4.95295, 44.73688], [4.95281, 44.73718]], [[4.95439, 44.73602], [4.95295, 44.73688]], [[4.95368, 44.73653], [4.95295, 44.73688]], [[4.95717, 44.73535], [4.95622, 44.7355]], [[4.95761, 44.73477], [4.9567, 44.73537]], [[4.95761, 44.73477], [4.95803, 44.73524]], [[4.96002, 44.73367], [4.9582, 44.73402], [4.95761, 44.73477]], [[4.95942, 44.73455], [4.9589, 44.73513]], [[4.95942, 44.73455], [4.95968, 44.73495]], [[4.96002, 44.73367], [4.95942, 44.73455]], [[4.96189, 44.73302], [4.96002, 44.73367]], [[4.96151, 44.73365], [4.96121, 44.73494], [4.96015, 44.73512]], [[4.96719, 44.73259], [4.96296, 44.73267]], [[4.97275, 44.73162], [4.96614, 44.73145], [4.96406, 44.73206]], [[4.96887, 44.7329], [4.96719, 44.73259]], [[4.96793, 44.73228], [4.96719, 44.73259]], [[4.9685, 44.73258], [4.96829, 44.73262], [4.96757, 44.73257], [4.96719, 44.73259]], [[4.96887, 44.7329], [4.9685, 44.73258]], [[4.96881, 44.73242], [4.9685, 44.73258]], [[4.96962, 44.73307], [4.96887, 44.7329]], [[4.97984, 44.7329], [4.97784, 44.7332], [4.97613, 44.73267], [4.97416, 44.73364], [4.96962, 44.73307]], [[4.97049, 44.73252], [4.96962, 44.73307]], [[4.97984, 44.7329], [4.97705, 44.73245]], [[4.98292, 44.73191], [4.97984, 44.7329]], [[4.98737, 44.73184], [4.98356, 44.73197]], [[4.98737, 44.73184], [4.98637, 44.73156]], [[4.99355, 44.73121], [4.98737, 44.73184]], [[5.00414, 44.72983], [5.00089, 44.72993]], [[5.01215, 44.72833], [5.01019, 44.72835]], [[5.01356, 44.72839], [5.01141, 44.72816]], [[5.04046, 44.71833], [5.03757, 44.71999]], [[5.0492, 44.71508], [5.04649, 44.71603]], [[5.07551, 44.71499], [5.07318, 44.71459]], [[5.08432, 44.70948], [5.08364, 44.7093], [5.08266, 44.7101]], [[5.094, 44.70619], [5.09202, 44.70655]], [[5.0964, 44.70659], [5.094, 44.70619]], [[5.0946, 44.70665], [5.094, 44.70619]], [[5.10935, 44.70506], [5.10831, 44.70524]], [[5.12476, 44.69561], [5.12085, 44.69637]], [[5.13545, 44.69539], [5.13206, 44.69544]], [[5.13626, 44.69539], [5.13545, 44.69539]], [[5.13777, 44.69622], [5.13545, 44.69539]], [[5.14291, 44.69685], [5.14129, 44.69738]], [[5.14848, 44.69749], [5.14355, 44.69641]], [[5.16071, 44.69468], [5.15372, 44.69709]], [[5.16412, 44.69525], [5.16303, 44.69407], [5.15759, 44.69661]], [[5.16649, 44.69509], [5.16526, 44.69581], [5.16412, 44.69525]], [[5.16412, 44.69525], [5.16435, 44.69488]], [[5.16868, 44.69378], [5.16711, 44.69493]], [[5.17444, 44.69403], [5.17353, 44.69296]], [[5.1771, 44.69432], [5.1749, 44.69443]], [[5.2023, 44.69647], [5.20094, 44.69605]], [[5.21995, 44.68907], [5.21762, 44.69034]], [[5.22849, 44.68744], [5.22411, 44.68697]], [[5.23808, 44.68989], [5.23487, 44.68728]], [[5.23902, 44.69205], [5.23763, 44.68962]], [[5.24203, 44.69464], [5.24081, 44.69425]], [[5.24203, 44.69464], [5.24131, 44.69455]], [[5.2441, 44.69578], [5.24203, 44.69464]], [[5.2526, 44.69692], [5.25097, 44.69637], [5.2487, 44.69693], [5.24456, 44.69663], [5.24366, 44.69575]], [[5.2526, 44.69692], [5.25104, 44.69746]], [[5.25582, 44.69741], [5.2526, 44.69692]], [[5.25846, 44.69803], [5.2554, 44.69746]], [[5.26197, 44.6992], [5.26158, 44.69866], [5.26035, 44.69805], [5.25786, 44.69768]], [[5.26197, 44.6992], [5.26146, 44.69902]], [[5.26364, 44.74848], [5.26508, 44.74519]], [[5.26278, 44.70042], [5.26197, 44.6992]], [[5.26646, 44.75557], [5.26476, 44.75383]], [[5.26491, 44.75206], [5.26469, 44.75076]], [[5.26569, 44.7039], [5.26472, 44.70238], [5.26391, 44.70227]], [[5.26607, 44.70427], [5.26491, 44.70419], [5.26438, 44.70334]], [[5.26934, 44.75969], [5.26873, 44.75769], [5.2675, 44.75691]], [[5.267, 44.71904], [5.26676, 44.71746]], [[5.2686, 44.72258], [5.26654, 44.7206], [5.26696, 44.71974]], [[5.26696, 44.71974], [5.267, 44.71904]], [[5.26696, 44.71974], [5.26727, 44.71955], [5.267, 44.71904]], [[5.26846, 44.70592], [5.2679, 44.70499], [5.26636, 44.70451]], [[5.26785, 44.73949], [5.26914, 44.73841]], [[5.26949, 44.76682], [5.26977, 44.7642]], [[5.26764, 44.71457], [5.26747, 44.71442]], [[5.26759, 44.71526], [5.26747, 44.71442]], [[5.26747, 44.71442], [5.26833, 44.71348]], [[5.26779, 44.72119], [5.26823, 44.72088]], [[5.26827, 44.7204], [5.26806, 44.71968]], [[5.26816, 44.72197], [5.26814, 44.72145]], [[5.26991, 44.76529], [5.27087, 44.76371], [5.26989, 44.761]], [[5.26891, 44.7228], [5.26814, 44.72145]], [[5.26814, 44.72145], [5.26823, 44.72088]], [[5.26823, 44.72088], [5.26827, 44.7204]], [[5.26823, 44.72088], [5.26831, 44.72075], [5.26827, 44.7204]], [[5.26912, 44.73739], [5.26892, 44.73592]], [[5.26912, 44.73739], [5.26882, 44.73668], [5.26892, 44.73592]], [[5.26892, 44.73592], [5.26897, 44.73525]], [[5.26897, 44.73525], [5.26922, 44.73431]], [[5.26897, 44.73525], [5.27004, 44.73409]], [[5.26949, 44.72651], [5.26854, 44.72458]], [[5.26854, 44.72458], [5.2686, 44.72258]], [[5.26854, 44.72458], [5.26906, 44.72373]], [[5.26853, 44.71303], [5.26807, 44.71237]], [[5.26845, 44.7133], [5.26807, 44.71237]], [[5.26807, 44.71237], [5.26822, 44.71202]], [[5.26919, 44.73818], [5.26912, 44.73739]], [[5.26881, 44.72268], [5.2686, 44.72258]], [[5.26864, 44.71238], [5.26822, 44.71202]], [[5.26822, 44.71202], [5.26834, 44.71169]], [[5.2683, 44.71371], [5.26833, 44.71348]], [[5.26833, 44.71348], [5.26845, 44.7133]], [[5.26922, 44.73431], [5.26976, 44.73178]], [[5.26922, 44.73431], [5.2703, 44.73309]], [[5.26864, 44.71238], [5.26834, 44.71169]], [[5.26834, 44.71169], [5.2702, 44.70871]], [[5.26845, 44.7133], [5.26853, 44.71303]], [[5.26853, 44.71303], [5.26864, 44.71238]], [[5.27021, 44.72855], [5.26921, 44.7278]], [[5.26975, 44.73073], [5.26856, 44.7288], [5.26921, 44.7278]], [[5.26921, 44.7278], [5.26929, 44.72761]], [[5.27003, 44.72801], [5.26929, 44.72761]], [[5.26929, 44.72761], [5.26946, 44.72701]], [[5.26991, 44.72727], [5.26946, 44.72701]], [[5.26946, 44.72701], [5.26949, 44.72651]], [[5.26991, 44.72676], [5.26949, 44.72651]], [[5.27016, 44.73215], [5.26977, 44.73156]], [[5.26998, 44.7322], [5.27016, 44.73215]], [[5.26991, 44.72727], [5.27026, 44.72735], [5.27018, 44.72705]], [[5.27003, 44.72801], [5.26991, 44.72727]], [[5.27018, 44.72705], [5.26991, 44.72676]], [[5.26991, 44.72676], [5.27009, 44.7253]], [[5.27009, 44.7253], [5.26983, 44.72454]], [[5.27016, 44.73215], [5.27053, 44.73236], [5.27021, 44.72855]], [[5.27021, 44.72855], [5.27003, 44.72801]], [[5.27018, 44.72705], [5.27009, 44.7253]], [[5.27688, 44.767], [5.27488, 44.76823]], [[5.27958, 44.76538], [5.27788, 44.76632]], [[5.28249, 44.76441], [5.2804, 44.76508]], [[5.28357, 44.76444], [5.28249, 44.76441]], [[5.28648, 44.76363], [5.28249, 44.76441]], [[5.29102, 44.76219], [5.2898, 44.76265]], [[5.30354, 44.76309], [5.29957, 44.76403]], [[5.30675, 44.76456], [5.30387, 44.76315]], [[5.31029, 44.76716], [5.30738, 44.76509]], [[5.33037, 44.76697], [5.32498, 44.76732]], [[5.3352, 44.76602], [5.33278, 44.76602], [5.33073, 44.76685]], [[5.3352, 44.76602], [5.33421, 44.76631]], [[5.33689, 44.76566], [5.3352, 44.76602]], [[5.37132, 44.74858], [5.36898, 44.7483]], [[5.38207, 44.73825], [5.38225, 44.73914]], [[5.38207, 44.73825], [5.38213, 44.73967]], [[5.38306, 44.73668], [5.38207, 44.73825]], [[5.38218, 44.73992], [5.38269, 44.74343]], [[5.38237, 44.73882], [5.38236, 44.7402]], [[5.38277, 44.74359], [5.38375, 44.74453], [5.3828, 44.74581]], [[5.38446, 44.7357], [5.38322, 44.73634]], [[5.38556, 44.7357], [5.38446, 44.7357]], [[5.3867, 44.73458], [5.38446, 44.7357]], [[5.38697, 44.73387], [5.38734, 44.73495], [5.38636, 44.73543]], [[5.38758, 44.73201], [5.38735, 44.73263]], [[5.38758, 44.73201], [5.38749, 44.73217]], [[5.38773, 44.73028], [5.38758, 44.73201]], [[5.39113, 44.72805], [5.38937, 44.72946]], [[5.39113, 44.72805], [5.39104, 44.72822]], [[5.39164, 44.72753], [5.39113, 44.72805]], [[5.3925, 44.72736], [5.39199, 44.72756], [5.39164, 44.72753]], [[5.39367, 44.72569], [5.39344, 44.72677], [5.39164, 44.72753]], [[5.3953, 44.72004], [5.39497, 44.72226]], [[5.39502, 44.71701], [5.39561, 44.71772]], [[5.39388, 44.68624], [5.39413, 44.68759]], [[5.39388, 44.68624], [5.39347, 44.68678], [5.39413, 44.68759]], [[5.39515, 44.68372], [5.39388, 44.68624]], [[5.39413, 44.68759], [5.39433, 44.68789]], [[5.39433, 44.68789], [5.39499, 44.68829], [5.39512, 44.6888]], [[5.39433, 44.68789], [5.39493, 44.68888]], [[5.39493, 44.68888], [5.39502, 44.68894]], [[5.39493, 44.68888], [5.3936, 44.69063], [5.39515, 44.69285], [5.39676, 44.69384]], [[5.3962, 44.71155], [5.39646, 44.71232]], [[5.39602, 44.68755], [5.39532, 44.68964]], [[5.39691, 44.71442], [5.39644, 44.715]], [[5.39646, 44.71232], [5.39691, 44.71389]], [[5.39656, 44.71088], [5.39646, 44.71232]], [[5.39561, 44.68177], [5.39536, 44.68295]], [[5.3954, 44.68349], [5.3962, 44.68473]], [[5.3959, 44.69115], [5.39582, 44.69155]], [[5.3956, 44.68527], [5.39602, 44.68755]], [[5.3959, 44.69115], [5.39602, 44.69156]], [[5.39658, 44.68937], [5.3959, 44.69115]], [[5.39602, 44.69156], [5.39594, 44.69174]], [[5.39668, 44.68966], [5.39602, 44.69156]], [[5.3962, 44.68127], [5.39561, 44.68177]], [[5.3962, 44.68127], [5.3959, 44.68156], [5.39561, 44.68177]], [[5.39624, 44.6927], [5.39743, 44.6936]], [[5.39657, 44.68703], [5.39602, 44.68755]], [[5.3961, 44.68431], [5.3962, 44.68473]], [[5.39636, 44.68336], [5.39609, 44.68345], [5.39598, 44.68376], [5.396, 44.68411], [5.3961, 44.68431]], [[5.39616, 44.68387], [5.3961, 44.68431]], [[5.39636, 44.68336], [5.39616, 44.68387]], [[5.39636, 44.68336], [5.39702, 44.68212], [5.39616, 44.68387]], [[5.3962, 44.68473], [5.39714, 44.68614]], [[5.39793, 44.67967], [5.3962, 44.68127]], [[5.39648, 44.6878], [5.39653, 44.68891]], [[5.39657, 44.68703], [5.39648, 44.6878]], [[5.3971, 44.6876], [5.39648, 44.6878]], [[5.39653, 44.68891], [5.39658, 44.68937]], [[5.3971, 44.68845], [5.39653, 44.68891]], [[5.39658, 44.68937], [5.39668, 44.68966]], [[5.39824, 44.71111], [5.39758, 44.71103]], [[5.39714, 44.68614], [5.39657, 44.68703]], [[5.39668, 44.68966], [5.39832, 44.69158], [5.39775, 44.69243]], [[5.3971, 44.688], [5.3971, 44.68845]], [[5.3974, 44.68826], [5.3971, 44.68845]], [[5.3971, 44.688], [5.3974, 44.68826]], [[5.3971, 44.6876], [5.3971, 44.688]], [[5.39721, 44.68747], [5.3971, 44.6876]], [[5.39758, 44.69389], [5.39745, 44.69424]], [[5.39743, 44.6936], [5.39758, 44.69389]], [[5.39775, 44.69243], [5.39743, 44.6936]], [[5.39714, 44.68614], [5.39721, 44.68747]], [[5.39721, 44.68747], [5.3974, 44.68826]], [[5.39758, 44.69389], [5.3988, 44.6955]], [[5.3974, 44.68826], [5.39723, 44.68934], [5.40006, 44.69144], [5.39971, 44.69302], [5.40073, 44.69603]], [[5.39775, 44.69243], [5.39832, 44.69377]], [[5.39793, 44.67967], [5.39751, 44.68189]], [[5.39832, 44.69377], [5.39905, 44.6944]], [[5.39832, 44.69377], [5.39852, 44.69415]], [[5.39852, 44.69415], [5.39905, 44.6944]], [[5.39852, 44.69415], [5.4001, 44.69637]], [[5.39854, 44.67921], [5.39793, 44.67967]], [[5.4, 44.70919], [5.39932, 44.71058]], [[5.4, 44.70919], [5.39955, 44.71003]], [[5.39905, 44.6944], [5.40073, 44.69603]], [[5.39934, 44.69606], [5.40001, 44.69701]], [[5.40013, 44.70878], [5.4, 44.70919]], [[5.40034, 44.67873], [5.39915, 44.67883]], [[5.40001, 44.69701], [5.40025, 44.69719]], [[5.40001, 44.69701], [5.40023, 44.69861]], [[5.40023, 44.69861], [5.40058, 44.69946]], [[5.40023, 44.69861], [5.40034, 44.69927], [5.40058, 44.69946]], [[5.40107, 44.67707], [5.3994, 44.67865]], [[5.40025, 44.69719], [5.401, 44.69774]], [[5.40025, 44.69719], [5.40109, 44.69805]], [[5.40058, 44.69946], [5.40091, 44.70017]], [[5.40073, 44.69603], [5.40095, 44.69733]], [[5.40115, 44.69852], [5.40109, 44.69972]], [[5.40132, 44.70241], [5.40198, 44.703]], [[5.40132, 44.70241], [5.40133, 44.70265], [5.40198, 44.703]], [[5.40134, 44.70131], [5.40132, 44.70241]], [[5.40191, 44.67725], [5.4013, 44.67841], [5.40058, 44.67884], [5.40034, 44.67873]], [[5.40065, 44.67824], [5.40034, 44.67873]], [[5.40198, 44.703], [5.40211, 44.70403]], [[5.40248, 44.70666], [5.40219, 44.70702]], [[5.40243, 44.7028], [5.40217, 44.70375]], [[5.40107, 44.67707], [5.40111, 44.67767], [5.40191, 44.67725]], [[5.40145, 44.67649], [5.40107, 44.67707]], [[5.4021, 44.67615], [5.40145, 44.67649]], [[5.40179, 44.67639], [5.40145, 44.67649]], [[5.40179, 44.67639], [5.40155, 44.67727]], [[5.40255, 44.67615], [5.40179, 44.67639]], [[5.40276, 44.67548], [5.40184, 44.67618]], [[5.4022, 44.67708], [5.40191, 44.67725]], [[5.40255, 44.67615], [5.4021, 44.67615]], [[5.40276, 44.67548], [5.4021, 44.67615]], [[5.40417, 44.67515], [5.40255, 44.67615]], [[5.40513, 44.67329], [5.40276, 44.67548]], [[5.40513, 44.67329], [5.40505, 44.6741]], [[5.40625, 44.67208], [5.40513, 44.67329]], [[5.40625, 44.67208], [5.40632, 44.67222]], [[5.41066, 44.66838], [5.40794, 44.66928], [5.40625, 44.67208]], [[5.40916, 44.66978], [5.40871, 44.67004]], [[5.41032, 44.66987], [5.40932, 44.66977]], [[5.41045, 44.66989], [5.41006, 44.67012]], [[5.41124, 44.66895], [5.41059, 44.66979]], [[5.41151, 44.66751], [5.41074, 44.66811]], [[5.41084, 44.6664], [5.41115, 44.66717]], [[5.41151, 44.66751], [5.41124, 44.66895]], [[5.4117, 44.66817], [5.41124, 44.66895]], [[5.41194, 44.66643], [5.41151, 44.66751]], [[5.41192, 44.66696], [5.4117, 44.66817]], [[5.41192, 44.66696], [5.41214, 44.66727], [5.4117, 44.66817]], [[5.41194, 44.66643], [5.41192, 44.66696]], [[5.41368, 44.66099], [5.41194, 44.66643]], [[5.4223, 44.64986], [5.42171, 44.65016]], [[5.42198, 44.64953], [5.42173, 44.65009]], [[5.42329, 44.64858], [5.42198, 44.64953]], [[5.42238, 44.64947], [5.42198, 44.64953]], [[5.42344, 44.64614], [5.42347, 44.64707]], [[5.42647, 44.64312], [5.42558, 44.6429], [5.42374, 44.64391], [5.42344, 44.64614]], [[5.42443, 44.6447], [5.42344, 44.64614]], [[5.4264, 44.6435], [5.42454, 44.64451]], [[5.42606, 44.64436], [5.42457, 44.64483]], [[5.42694, 44.64383], [5.42674, 44.64392]], [[5.427, 44.64282], [5.42694, 44.64383]], [[5.4277, 44.642], [5.42694, 44.64383]], [[5.44031, 44.62678], [5.44067, 44.62753], [5.43904, 44.62989], [5.43674, 44.63052], [5.43737, 44.63243]], [[5.45918, 44.6011], [5.45881, 44.60131]], [[5.46159, 44.60088], [5.46181, 44.60047], [5.4601, 44.59991]], [[5.62655, 44.51184], [5.62276, 44.51205]], [[5.08897, 44.70779], [5.08957, 44.70774], [5.08988, 44.70747], [5.08931, 44.70739], [5.08897, 44.70779]]]}}, {"type": "Feature", "properties": {"nom": "Ruisseau de Boulc", "importance": 5}, "geometry": {"type": "LineString", "coordinates": [[5.55993, 44.64826], [5.55909, 44.64928], [5.55905, 44.6536], [5.55642, 44.65871], [5.55319, 44.66014], [5.55142, 44.65978], [5.54987, 44.66049], [5.54825, 44.66038], [5.54425, 44.66308], [5.54437, 44.66451], [5.54625, 44.66649]]}}, {"type": "Feature", "properties": {"nom": "la Barnavette", "importance": 5}, "geometry": {"type": "LineString", "coordinates": [[5.35686, 44.65748], [5.36108, 44.65835], [5.36467, 44.65764], [5.36757, 44.65879], [5.36932, 44.65854], [5.36999, 44.65783], [5.3727, 44.65878], [5.37391, 44.66021], [5.37741, 44.66133], [5.37898, 44.66112], [5.38076, 44.6624], [5.38256, 44.66285], [5.38523, 44.66248], [5.38638, 44.66317], [5.38958, 44.66337]]}}, {"type": "Feature", "properties": {"nom": "Ruisseau d'Archiane", "importance": 5}, "geometry": {"type": "LineString", "coordinates": [[5.50549, 44.74496], [5.50755, 44.7438], [5.50755, 44.74228], [5.50883, 44.74122], [5.50958, 44.73574], [5.511, 44.73371], [5.51751, 44.72965], [5.5195, 44.72655], [5.52144, 44.72678], [5.52389, 44.72508], [5.52514, 44.72343], [5.52557, 44.72081], [5.52501, 44.72017], [5.52807, 44.71707], [5.52867, 44.71461], [5.52893, 44.71066], [5.52772, 44.70602], [5.52916, 44.70394], [5.5262, 44.69992], [5.52373, 44.69858], [5.52241, 44.69299], [5.52078, 44.69233], [5.5184, 44.6885], [5.51568, 44.68752]]}}, {"type": "Feature", "properties": {"nom": "Vaudonne", "importance": 5}, "geometry": {"type": "LineString", "coordinates": [[5.3793, 44.81035], [5.3833, 44.80507], [5.38289, 44.79545]]}}, {"type": "Feature", "properties": {"nom": "Rec Oiseau", "importance": 5}, "geometry": {"type": "LineString", "coordinates": [[5.34458, 44.73016], [5.34233, 44.73295], [5.34234, 44.73809], [5.34141, 44.73958], [5.33952, 44.7407], [5.33996, 44.74286], [5.33868, 44.74595], [5.33504, 44.74959]]}}, {"type": "Feature", "properties": {"nom": "Ruisseau de Sareymond", "importance": 5}, "geometry": {"type": "LineString", "coordinates": [[5.5985, 44.75308], [5.5954, 44.75223], [5.58985, 44.74823], [5.58573, 44.74627], [5.58101, 44.74524], [5.57942, 44.7441], [5.57916, 44.74263], [5.578, 44.74178], [5.57461, 44.74196], [5.57094, 44.74119], [5.56806, 44.7417], [5.56222, 44.7398], [5.55819, 44.7394], [5.55335, 44.73609], [5.55167, 44.73261], [5.54962, 44.73234]]}}, {"type": "Feature", "properties": {"nom": "Ruisseau Viopis", "importance": 5}, "geometry": {"type": "LineString", "coordinates": [[5.32605, 44.71709], [5.32136, 44.7169], [5.31471, 44.71504], [5.31002, 44.7152], [5.30344, 44.71881], [5.30102, 44.72112], [5.29568, 44.72293], [5.2909, 44.72384], [5.28521, 44.72406], [5.28492, 44.72467]]}}, {"type": "Feature", "properties": {"nom": "Rif Miscon", "importance": 5}, "geometry": {"type": "LineString", "coordinates": [[5.50124, 44.61647], [5.49001, 44.61318], [5.48731, 44.61168], [5.48593, 44.61165], [5.48385, 44.60998], [5.47891, 44.60981], [5.47836, 44.60903], [5.47696, 44.60875], [5.47587, 44.60523], [5.47367, 44.60375], [5.47155, 44.60401], [5.46865, 44.60339], [5.46725, 44.60241], [5.46359, 44.60202]]}}, {"type": "Feature", "properties": {"nom": "Ruisseau de Rourebel", "importance": 5}, "geometry": {"type": "LineString", "coordinates": [[5.22212, 44.71063], [5.22126, 44.70646], [5.21957, 44.70393], [5.22084, 44.69316], [5.21949, 44.69198], [5.219, 44.69008]]}}, {"type": "Feature", "properties": {"nom": "Ruisseau de la Vialette", "importance": 5}, "geometry": {"type": "LineString", "coordinates": [[5.42424, 44.70616], [5.42058, 44.70382], [5.41669, 44.70439], [5.4115, 44.70346], [5.40847, 44.70432], [5.40717, 44.70356], [5.40233, 44.70364]]}}, {"type": "Feature", "properties": {"nom": "Ruisseau de Riaille", "importance": 5}, "geometry": {"type": "LineString", "coordinates": [[4.97338, 44.78403], [4.97115, 44.78278], [4.96933, 44.77906], [4.96733, 44.77748], [4.96374, 44.77645], [4.96, 44.77621], [4.95274, 44.77156], [4.94858, 44.76313], [4.94093, 44.75227], [4.93687, 44.74358]]}}, {"type": "Feature", "properties": {"nom": "le Rieu Sec", "importance": 5}, "geometry": {"type": "LineString", "coordinates": [[5.15066, 44.80522], [5.1514, 44.79979], [5.14639, 44.79744], [5.14613, 44.79618], [5.14489, 44.79553], [5.14481, 44.79291], [5.14364, 44.79227], [5.14805, 44.78427]]}}, {"type": "Feature", "properties": {"nom": "Ruisseau de Borne", "importance": 5}, "geometry": {"type": "LineString", "coordinates": [[5.59085, 44.71663], [5.58664, 44.71241], [5.58627, 44.70968], [5.58471, 44.7083], [5.58558, 44.70568], [5.58487, 44.70448], [5.58706, 44.70254], [5.58722, 44.69856], [5.58412, 44.69563], [5.58199, 44.69076], [5.57955, 44.68995], [5.57927, 44.68873], [5.57835, 44.68861]]}}, {"type": "Feature", "properties": {"nom": "Ruisseau des Beaumondes", "importance": 5}, "geometry": {"type": "LineString", "coordinates": [[5.3873, 44.64945], [5.38794, 44.65091], [5.39135, 44.65266], [5.39241, 44.65674], [5.38955, 44.66308], [5.3925, 44.6689], [5.39215, 44.66955], [5.39409, 44.67119], [5.39776, 44.67152], [5.39991, 44.67297], [5.40184, 44.67618]]}}, {"type": "Feature", "properties": {"nom": "Ruisseau de P\u00e9mya", "importance": 5}, "geometry": {"type": "LineString", "coordinates": [[5.26141, 44.59114], [5.26124, 44.58624], [5.26294, 44.58437], [5.26326, 44.58224], [5.26498, 44.58058], [5.26879, 44.57905], [5.27151, 44.57871], [5.27365, 44.57679], [5.2774, 44.57692]]}}, {"type": "Feature", "properties": {"nom": "Ruisseau de Br\u00e9z\u00e8s", "importance": 5}, "geometry": {"type": "LineString", "coordinates": [[5.54357, 44.51705], [5.54965, 44.51479], [5.5518, 44.51273], [5.55998, 44.50916], [5.56533, 44.50482]]}}, {"type": "Feature", "properties": {"nom": "le Riousset", "importance": 5}, "geometry": {"type": "LineString", "coordinates": [[5.21726, 44.74848], [5.21468, 44.74623], [5.21601, 44.74498], [5.21536, 44.7439], [5.2138, 44.74291], [5.21299, 44.74078], [5.21105, 44.73905], [5.2112, 44.73832], [5.20938, 44.73759], [5.20836, 44.73047], [5.20908, 44.72732], [5.20658, 44.72724], [5.20632, 44.72554], [5.20448, 44.72531], [5.20377, 44.72454], [5.20226, 44.7249], [5.20236, 44.72116], [5.20113, 44.72001], [5.20173, 44.71839], [5.2008, 44.71767], [5.20195, 44.71649], [5.20153, 44.71597], [5.1976, 44.71561], [5.19885, 44.71471], [5.19802, 44.71382], [5.19766, 44.71084], [5.19621, 44.70988], [5.19662, 44.70803], [5.19589, 44.70692], [5.19752, 44.70321], [5.19693, 44.70108], [5.19526, 44.70009], [5.19627, 44.69753], [5.19463, 44.69523]]}}, {"type": "Feature", "properties": {"nom": "Ruisseau du Lavoir", "importance": 5}, "geometry": {"type": "LineString", "coordinates": [[5.35223, 44.5519], [5.348, 44.54976], [5.34419, 44.5466], [5.33972, 44.54417], [5.33616, 44.54317], [5.33352, 44.54349], [5.33269, 44.54272], [5.32671, 44.54208], [5.32193, 44.54341], [5.32081, 44.54425]]}}, {"type": "Feature", "properties": {"nom": "Ruisseau des Boidans", "importance": 5}, "geometry": {"type": "LineString", "coordinates": [[5.48398, 44.67152], [5.47932, 44.67224], [5.46974, 44.67092], [5.46711, 44.67145], [5.46148, 44.67144], [5.45389, 44.67493], [5.45125, 44.67557], [5.45022, 44.6767], [5.45033, 44.67954], [5.44896, 44.68128]]}}, {"type": "Feature", "properties": {"nom": "le Cont\u00e8cle", "importance": 5}, "geometry": {"type": "LineString", "coordinates": [[5.22439, 44.64551], [5.22232, 44.64819], [5.22229, 44.65014], [5.22364, 44.65198], [5.22359, 44.65446], [5.2247, 44.65622], [5.22313, 44.65863], [5.2192, 44.66117], [5.215, 44.66231], [5.21009, 44.66564], [5.20528, 44.66644], [5.20493, 44.66798], [5.20007, 44.67152], [5.19841, 44.67359], [5.19663, 44.67416], [5.1967, 44.67507], [5.19529, 44.67621], [5.19574, 44.67952], [5.19979, 44.68652], [5.19893, 44.68769], [5.19936, 44.68943], [5.20282, 44.69262], [5.2039, 44.69283]]}}, {"type": "Feature", "properties": {"nom": "Ruisseau des All\u00e9es", "importance": 5}, "geometry": {"type": "LineString", "coordinates": [[5.40225, 44.72002], [5.40019, 44.72042], [5.39908, 44.72196], [5.39522, 44.72361]]}}, {"type": "Feature", "properties": {"nom": "Ruisseau d'Aucelon", "importance": 5}, "geometry": {"type": "LineString", "coordinates": [[5.34691, 44.62896], [5.3465, 44.6282], [5.34443, 44.62861], [5.3431, 44.62758], [5.34099, 44.62782], [5.33511, 44.62591], [5.33307, 44.62613], [5.3324, 44.62401], [5.33001, 44.62335], [5.3261, 44.62446], [5.32418, 44.62384], [5.32277, 44.62461], [5.32097, 44.6243], [5.32043, 44.62354], [5.31843, 44.62423], [5.31504, 44.62303], [5.31269, 44.62372], [5.31175, 44.62322], [5.30984, 44.6255], [5.30819, 44.62526], [5.30704, 44.62594]]}}, {"type": "Feature", "properties": {"nom": "Ruisseau de la Doux", "importance": 5}, "geometry": {"type": "LineString", "coordinates": [[5.46199, 44.7309], [5.45802, 44.72944], [5.45745, 44.72559], [5.45508, 44.72385], [5.45493, 44.72281], [5.45233, 44.72159], [5.45033, 44.72178], [5.44896, 44.72257], [5.44841, 44.72191], [5.44573, 44.72152], [5.44469, 44.72051], [5.44267, 44.7208], [5.43981, 44.72007], [5.43674, 44.71847], [5.43625, 44.71657], [5.43311, 44.71463], [5.43226, 44.71326], [5.42821, 44.71187], [5.42651, 44.71007], [5.42106, 44.70968], [5.41921, 44.71033], [5.41801, 44.71001], [5.41705, 44.71072], [5.41195, 44.70924], [5.40718, 44.70598], [5.40248, 44.70666]]}}, {"type": "Feature", "properties": {"nom": "le B\u00e8s", "importance": 4}, "geometry": {"type": "MultiLineString", "coordinates": [[[5.40096, 44.67965], [5.39831, 44.68119]], [[5.39941, 44.67993], [5.39861, 44.68012]], [[5.40126, 44.67959], [5.39928, 44.67917]], [[5.40026, 44.67971], [5.39992, 44.68001], [5.39941, 44.67993]], [[5.40026, 44.67971], [5.39941, 44.67993]], [[5.40004, 44.67897], [5.39974, 44.6789]], [[5.40096, 44.67965], [5.40026, 44.67971]], [[5.40122, 44.67927], [5.40043, 44.67902]], [[5.40104, 44.67905], [5.40058, 44.67884]], [[5.40126, 44.67959], [5.40096, 44.67965]], [[5.40163, 44.67949], [5.40122, 44.67927]], [[5.40151, 44.67915], [5.40122, 44.67927]], [[5.40163, 44.67949], [5.40126, 44.67959]], [[5.40205, 44.67939], [5.40163, 44.67949]], [[5.40336, 44.67942], [5.40205, 44.67939]], [[5.40302, 44.679], [5.40205, 44.67939]], [[5.40336, 44.67942], [5.40302, 44.679]], [[5.40355, 44.67887], [5.40302, 44.679]], [[5.40355, 44.67887], [5.40304, 44.6787]], [[5.40523, 44.67946], [5.40336, 44.67942]], [[5.40368, 44.67889], [5.40355, 44.67887]], [[5.40465, 44.67897], [5.40368, 44.67889]], [[5.40408, 44.67861], [5.40368, 44.67889]], [[5.40528, 44.67867], [5.40368, 44.67849]], [[5.40465, 44.67897], [5.40447, 44.67881]], [[5.40515, 44.67938], [5.40465, 44.67897]], [[5.40523, 44.67946], [5.40515, 44.67938]], [[5.40781, 44.67876], [5.40515, 44.67938]], [[5.40964, 44.67915], [5.40716, 44.68004], [5.40523, 44.67946]], [[5.41141, 44.67925], [5.4112, 44.67973], [5.41015, 44.67943]], [[5.41825, 44.67811], [5.41483, 44.67758], [5.41298, 44.67904]], [[5.41915, 44.67829], [5.41825, 44.67811]], [[5.42161, 44.67768], [5.41988, 44.67746], [5.41825, 44.67811]], [[5.41942, 44.67853], [5.41834, 44.67847]], [[5.41942, 44.67853], [5.41934, 44.67832]], [[5.42076, 44.67832], [5.42048, 44.67877], [5.41942, 44.67853]], [[5.42833, 44.67948], [5.42767, 44.67975], [5.42697, 44.67851], [5.42541, 44.67844], [5.42447, 44.67724]], [[5.42892, 44.67845], [5.42729, 44.67884]], [[5.43094, 44.6791], [5.42892, 44.67845]], [[5.43094, 44.6791], [5.43033, 44.67844], [5.42945, 44.67841], [5.42892, 44.67845]], [[5.43042, 44.67951], [5.42934, 44.67936]], [[5.43094, 44.6791], [5.43111, 44.67944]], [[5.4377, 44.68231], [5.43666, 44.68181]], [[5.4398, 44.68158], [5.43876, 44.68229]], [[5.44263, 44.68162], [5.44023, 44.68145]], [[5.44827, 44.68168], [5.44721, 44.68221]], [[5.44827, 44.68168], [5.44791, 44.6818]], [[5.45014, 44.68162], [5.44827, 44.68168]], [[5.44951, 44.68134], [5.4487, 44.68137]], [[5.45014, 44.68162], [5.44974, 44.68142]], [[5.45158, 44.68169], [5.45014, 44.68162]], [[5.45652, 44.68273], [5.45553, 44.68263]], [[5.45684, 44.68288], [5.45652, 44.68273]], [[5.45985, 44.68357], [5.45792, 44.6827], [5.45652, 44.68273]], [[5.51016, 44.68943], [5.50863, 44.68985]], [[5.51526, 44.68768], [5.51423, 44.68821], [5.51227, 44.68818]], [[5.51467, 44.68781], [5.51336, 44.68788]]]}}, {"type": "Feature", "properties": {"nom": "Ruisseau des Auberts", "importance": 5}, "geometry": {"type": "LineString", "coordinates": [[5.19487, 44.66269], [5.19518, 44.66278]]}}, {"type": "Feature", "properties": {"nom": "la Roanne", "importance": 4}, "geometry": {"type": "MultiLineString", "coordinates": [[[5.25943, 44.69601], [5.25786, 44.69768]], [[5.26051, 44.68793], [5.26162, 44.68956]], [[5.26366, 44.67966], [5.26212, 44.67916], [5.26149, 44.67984]], [[5.26862, 44.52303], [5.26949, 44.52298]], [[5.28124, 44.66113], [5.27991, 44.66109], [5.2797, 44.66062]]]}}, {"type": "Feature", "properties": {"nom": "Ruisseau de Plainie", "importance": 5}, "geometry": {"type": "LineString", "coordinates": [[5.59394, 44.73068], [5.59473, 44.72924]]}}, {"type": "Feature", "properties": {"nom": "Ruisseau de Pas Lovas", "importance": 5}, "geometry": {"type": "LineString", "coordinates": [[5.31834, 44.74356], [5.3145, 44.74244], [5.31076, 44.74242]]}}, {"type": "Feature", "properties": {"nom": "la Sure", "importance": 5}, "geometry": {"type": "MultiLineString", "coordinates": [[[5.26014, 44.80613], [5.26035, 44.80524]], [[5.26163, 44.81525], [5.26095, 44.81379]], [[5.26219, 44.80867], [5.26118, 44.80716]], [[5.262, 44.81513], [5.26198, 44.81498], [5.26152, 44.8144]], [[5.262, 44.81513], [5.26167, 44.81485]], [[5.2619, 44.81605], [5.262, 44.81513]], [[5.26237, 44.81618], [5.262, 44.81513]], [[5.26232, 44.81698], [5.26241, 44.81682]], [[5.26274, 44.81733], [5.26263, 44.81668], [5.26237, 44.81618]], [[5.26241, 44.81682], [5.26237, 44.81618]], [[5.26274, 44.81733], [5.26241, 44.81682]], [[5.26372, 44.81891], [5.26274, 44.81733]], [[5.26383, 44.79888], [5.26397, 44.79852]], [[5.2682, 44.82437], [5.26765, 44.82376]], [[5.29061, 44.83865], [5.29017, 44.83808]], [[5.29304, 44.76926], [5.29345, 44.76904]], [[5.30155, 44.84898], [5.30178, 44.84861]], [[5.30229, 44.85018], [5.30186, 44.8498]]]}}, {"type": "Feature", "properties": {"nom": "Ruisseau du Soulier", "importance": 5}, "geometry": {"type": "LineString", "coordinates": [[5.29846, 44.7404], [5.29949, 44.73903]]}}, {"type": "Feature", "properties": {"nom": "la Dr\u00f4me", "importance": 5}, "geometry": {"type": "MultiLineString", "coordinates": [[[5.65286, 44.50126], [5.64802, 44.50427], [5.64545, 44.50839], [5.64262, 44.51081], [5.64154, 44.51103], [5.63976, 44.51363], [5.63469, 44.51323], [5.63127, 44.51118], [5.62271, 44.51268], [5.62266, 44.51203], [5.6171, 44.51168], [5.6108, 44.50953], [5.60916, 44.5098], [5.60384, 44.50814], [5.59974, 44.50788], [5.59573, 44.50626], [5.59219, 44.50306], [5.58737, 44.50116], [5.58439, 44.5017], [5.58341, 44.50126], [5.58066, 44.50152], [5.57432, 44.50683], [5.57485, 44.51097], [5.57277, 44.51319], [5.57355, 44.51517], [5.57293, 44.51616], [5.57391, 44.51679], [5.5736, 44.51958], [5.56997, 44.52262], [5.56888, 44.5263], [5.56745, 44.5265], [5.56681, 44.52754], [5.56616, 44.52751], [5.566, 44.52868], [5.56406, 44.52926], [5.56308, 44.53083], [5.56166, 44.53151], [5.56048, 44.5342], [5.55928, 44.53425], [5.55829, 44.53592], [5.55223, 44.53811], [5.5488, 44.53836], [5.54825, 44.53928], [5.54596, 44.53966], [5.54382, 44.54198], [5.54317, 44.54409], [5.54191, 44.54422], [5.54049, 44.54754], [5.53779, 44.54797], [5.53287, 44.55135], [5.52938, 44.55226], [5.52466, 44.55256], [5.52351, 44.55479], [5.51602, 44.55982], [5.51477, 44.56146], [5.51364, 44.5614], [5.5108, 44.56396], [5.50606, 44.56631], [5.50544, 44.56728], [5.50146, 44.56764], [5.50247, 44.56978], [5.4991, 44.57285], [5.49276, 44.57432], [5.48394, 44.5798], [5.47749, 44.58267], [5.47648, 44.58475], [5.4769, 44.58884], [5.47286, 44.58957], [5.47188, 44.59143], [5.4688, 44.5922], [5.46777, 44.59808], [5.46584, 44.60036], [5.46305, 44.60207], [5.4601, 44.59991], [5.4593, 44.60004], [5.45863, 44.60187], [5.45509, 44.60377], [5.45033, 44.60972], [5.44502, 44.61116], [5.4467, 44.61409], [5.44415, 44.61792], [5.44475, 44.62019], [5.44243, 44.62164], [5.44359, 44.62366], [5.44042, 44.62607], [5.438, 44.63003], [5.43679, 44.62985], [5.43611, 44.63043], [5.43758, 44.63274], [5.43633, 44.63648], [5.43077, 44.64051], [5.42822, 44.6411], [5.42647, 44.64312], [5.42655, 44.64416], [5.42443, 44.64461], [5.42517, 44.64591], [5.42351, 44.64697], [5.42379, 44.6481], [5.42033, 44.65097], [5.42053, 44.65445], [5.41876, 44.65866], [5.41333, 44.66126], [5.41396, 44.66394], [5.41087, 44.66634], [5.41056, 44.66984], [5.40868, 44.66983], [5.40775, 44.67044], [5.40405, 44.67576], [5.39854, 44.67921], [5.39816, 44.68146], [5.39536, 44.68295], [5.39501, 44.68898], [5.39608, 44.69352], [5.40095, 44.69733], [5.40091, 44.70017], [5.40258, 44.70298], [5.40223, 44.70692], [5.40033, 44.70836], [5.39907, 44.71083], [5.3968, 44.71069], [5.39623, 44.71121], [5.39691, 44.71442], [5.39479, 44.71653], [5.39582, 44.71839], [5.39486, 44.72126], [5.39516, 44.7238], [5.39025, 44.72964], [5.38789, 44.7299], [5.38659, 44.73522], [5.38322, 44.73634], [5.38213, 44.73961], [5.3828, 44.74581], [5.37555, 44.74861], [5.36876, 44.74832], [5.36626, 44.74979], [5.36318, 44.75018], [5.3626, 44.75097], [5.36312, 44.75279], [5.35783, 44.7544], [5.35479, 44.75826], [5.35197, 44.75874], [5.34781, 44.7612], [5.34278, 44.76251], [5.33644, 44.76595], [5.33198, 44.76708], [5.33058, 44.76686], [5.32915, 44.76812], [5.32394, 44.76716], [5.31797, 44.76914], [5.315, 44.76807], [5.31096, 44.76756], [5.30439, 44.76323], [5.30209, 44.76302], [5.29804, 44.76431], [5.2915, 44.7621], [5.2798, 44.76529], [5.27488, 44.76823], [5.26956, 44.7675], [5.26991, 44.76076], [5.2644, 44.7533], [5.26473, 44.75092], [5.26358, 44.74893], [5.26447, 44.74601], [5.26654, 44.74305], [5.26724, 44.74003], [5.26894, 44.73905], [5.27026, 44.73626], [5.26975, 44.73073], [5.27026, 44.72735], [5.27124, 44.72604], [5.26784, 44.72176], [5.26806, 44.71968], [5.26676, 44.71746], [5.26806, 44.71396], [5.26997, 44.71338], [5.27142, 44.71088], [5.27033, 44.70956], [5.26977, 44.70695], [5.26438, 44.70334], [5.26316, 44.7008], [5.26021, 44.69832], [5.25582, 44.69741], [5.25189, 44.69778], [5.24757, 44.69629], [5.24302, 44.69566], [5.2402, 44.69386], [5.23821, 44.69002], [5.23492, 44.6873], [5.23145, 44.68858], [5.22711, 44.68692], [5.22159, 44.68733], [5.2191, 44.69004], [5.21504, 44.69141], [5.21254, 44.68946], [5.20535, 44.69082], [5.2035, 44.6919], [5.20441, 44.69445], [5.20245, 44.69647], [5.19754, 44.69546], [5.18774, 44.69458], [5.18274, 44.69283], [5.17519, 44.69448], [5.17353, 44.69296], [5.17155, 44.6923], [5.16977, 44.69279], [5.16735, 44.69491], [5.16543, 44.69514], [5.16149, 44.69442], [5.157, 44.69691], [5.15082, 44.69764], [5.14884, 44.69764], [5.14762, 44.6963], [5.14487, 44.69564], [5.14204, 44.6975], [5.13971, 44.69711], [5.13532, 44.69505], [5.13245, 44.69528], [5.12879, 44.69686], [5.12671, 44.69558], [5.1235, 44.69564], [5.11905, 44.69739], [5.11886, 44.69816], [5.12074, 44.69998], [5.12103, 44.70119], [5.11786, 44.70326], [5.1151, 44.70336], [5.1133, 44.70194], [5.11209, 44.70186], [5.11071, 44.70434], [5.10892, 44.70538], [5.10574, 44.70472], [5.10149, 44.70495], [5.09764, 44.70659], [5.09202, 44.70655], [5.07881, 44.71175], [5.07571, 44.71495], [5.06722, 44.7125], [5.06081, 44.71169], [5.05902, 44.71247], [5.05785, 44.71474], [5.05304, 44.714], [5.0487, 44.7152], [5.04063, 44.71824], [5.03557, 44.72143], [5.02396, 44.72643], [5.01853, 44.72782], [5.01116, 44.72817], [5.00445, 44.72979], [4.99946, 44.72984], [4.99582, 44.731], [4.99026, 44.73104], [4.98397, 44.73197], [4.97983, 44.73154], [4.97658, 44.73246], [4.97453, 44.73103], [4.97049, 44.73252], [4.96406, 44.73206], [4.96189, 44.73302], [4.96044, 44.73504], [4.95641, 44.73542], [4.95381, 44.73638], [4.95262, 44.73943], [4.95102, 44.74], [4.94973, 44.74149], [4.94536, 44.74206], [4.94328, 44.74128], [4.93977, 44.74282], [4.93047, 44.74453], [4.92831, 44.74575], [4.92378, 44.7462], [4.91571, 44.74842], [4.91335, 44.7484], [4.91135, 44.74985], [4.9079, 44.75013], [4.9033, 44.75142], [4.90105, 44.75273], [4.89683, 44.75293], [4.8913, 44.75489], [4.88847, 44.75488], [4.88045, 44.75692], [4.87952, 44.75769], [4.87934, 44.75933], [4.87717, 44.76], [4.87304, 44.75997], [4.86833, 44.75867], [4.86653, 44.75974], [4.86388, 44.75978], [4.86249, 44.76084], [4.8552, 44.76086], [4.85398, 44.76159], [4.84988, 44.76077], [4.84638, 44.762], [4.84273, 44.76583], [4.83111, 44.76605], [4.82718, 44.76896], [4.8203, 44.77011], [4.81637, 44.77156], [4.81175, 44.77054], [4.8104, 44.76804], [4.80792, 44.76657], [4.80206, 44.76705], [4.79999, 44.76635]], [[4.79975, 44.76639], [4.79182, 44.76884]]]}}, {"type": "Feature", "properties": {"nom": "Ruisseau de Pierron", "importance": 5}, "geometry": {"type": "LineString", "coordinates": [[5.4901, 44.64739], [5.48881, 44.64968], [5.48473, 44.65153], [5.48294, 44.65386], [5.48007, 44.65424], [5.47316, 44.65711], [5.46868, 44.65726], [5.4634, 44.65646], [5.45536, 44.6603], [5.45161, 44.66392]]}}, {"type": "Feature", "properties": {"nom": "Ruisseau de Poutilli\u00e8re", "importance": 5}, "geometry": {"type": "LineString", "coordinates": [[5.61971, 44.60252], [5.61455, 44.60444], [5.61222, 44.60491], [5.61038, 44.60449], [5.60614, 44.60185], [5.60517, 44.5979], [5.60324, 44.59636], [5.60291, 44.59307], [5.59315, 44.58828], [5.59074, 44.5888], [5.58733, 44.58835]]}}, {"type": "Feature", "properties": {"nom": "Ruisseau de Comberoufle", "importance": 5}, "geometry": {"type": "LineString", "coordinates": [[5.2042, 44.87021], [5.2042, 44.8726], [5.20222, 44.87558], [5.20021, 44.88264], [5.19926, 44.88315], [5.19498, 44.88326], [5.19284, 44.88057], [5.19158, 44.88043], [5.18978, 44.87894], [5.18927, 44.87761], [5.19002, 44.87273], [5.18878, 44.86511], [5.18987, 44.86367], [5.18898, 44.86169], [5.19021, 44.86101], [5.18878, 44.85891], [5.19, 44.85688], [5.19153, 44.85615], [5.19071, 44.85296]]}}, {"type": "Feature", "properties": {"nom": "Ruisseau de Darne", "importance": 5}, "geometry": {"type": "LineString", "coordinates": [[5.51084, 44.80309], [5.51108, 44.80347]]}}, {"type": "Feature", "properties": {"nom": "Ruisseau de Courence", "importance": 5}, "geometry": {"type": "LineString", "coordinates": [[5.20034, 44.62321], [5.20476, 44.62679], [5.21463, 44.62846]]}}, {"type": "Feature", "properties": {"nom": "la Sye", "importance": 5}, "geometry": {"type": "LineString", "coordinates": [[5.09856, 44.80037], [5.09459, 44.79854], [5.09362, 44.79737], [5.08929, 44.78885], [5.08883, 44.78481], [5.08303, 44.78068], [5.08266, 44.77704], [5.08059, 44.77362], [5.08154, 44.76891], [5.08043, 44.767], [5.08062, 44.76349], [5.07912, 44.76107], [5.07769, 44.76026], [5.07634, 44.75738], [5.07539, 44.75729], [5.07439, 44.7538], [5.07289, 44.75289], [5.07328, 44.75226], [5.07177, 44.7521], [5.07141, 44.74894], [5.06998, 44.74775], [5.07065, 44.74674], [5.06842, 44.74417], [5.06848, 44.74268], [5.06761, 44.74224], [5.06823, 44.73897], [5.06955, 44.73764], [5.06879, 44.73053], [5.06813, 44.73072], [5.06714, 44.72836], [5.06485, 44.72686], [5.06468, 44.72333], [5.06193, 44.7206], [5.0622, 44.71995], [5.06069, 44.71925], [5.06045, 44.71716], [5.05918, 44.71657], [5.05813, 44.71452]]}}, {"type": "Feature", "properties": {"nom": "B\u00e9al du Collet", "importance": 5}, "geometry": {"type": "LineString", "coordinates": [[5.60564, 44.51368], [5.60356, 44.5112], [5.59963, 44.50882], [5.59453, 44.50875], [5.59042, 44.50728], [5.58734, 44.50554], [5.58341, 44.50126]]}}, {"type": "Feature", "properties": {"nom": "Ruisseau de Chardouan", "importance": 5}, "geometry": {"type": "LineString", "coordinates": [[4.87675, 44.73346], [4.87761, 44.73411], [4.87814, 44.73652], [4.88417, 44.74229], [4.88719, 44.74781], [4.88825, 44.75195]]}}, {"type": "Feature", "properties": {"nom": "Ravin de Montchaud", "importance": 5}, "geometry": {"type": "LineString", "coordinates": [[4.8627, 44.72121], [4.86874, 44.72883], [4.87363, 44.73081], [4.87675, 44.73346]]}}, {"type": "Feature", "properties": {"nom": "Ruisseau des Gravelles", "importance": 5}, "geometry": {"type": "LineString", "coordinates": [[5.17986, 44.66128], [5.18162, 44.67097], [5.17944, 44.6755], [5.18062, 44.67804], [5.17971, 44.68159]]}}, {"type": "Feature", "properties": {"nom": "Ruisseau de Freyssinet", "importance": 5}, "geometry": {"type": "LineString", "coordinates": [[5.62318, 44.53375], [5.62558, 44.53292], [5.62636, 44.53192], [5.62466, 44.52904], [5.6216, 44.52628], [5.62137, 44.52242], [5.61823, 44.52049], [5.61491, 44.51545], [5.61052, 44.51542], [5.60847, 44.514], [5.60564, 44.51368]]}}, {"type": "Feature", "properties": {"nom": "Ruisseau de la Gar\u00e7aude", "importance": 5}, "geometry": {"type": "LineString", "coordinates": [[5.16914, 44.70912], [5.17004, 44.70702], [5.17229, 44.70588], [5.17388, 44.70386], [5.17387, 44.70265], [5.17647, 44.70068], [5.17849, 44.70008], [5.17906, 44.69779], [5.1779, 44.69415]]}}, {"type": "Feature", "properties": {"nom": "Ruisseau de Font P\u00e9rot", "importance": 5}, "geometry": {"type": "LineString", "coordinates": [[5.10104, 44.81116], [5.09787, 44.80502], [5.09741, 44.80182], [5.09856, 44.80037]]}}, {"type": "Feature", "properties": {"nom": "Ruisseau de l'Amenli\u00e8re", "importance": 5}, "geometry": {"type": "LineString", "coordinates": [[5.38909, 44.53829], [5.38941, 44.54133], [5.39159, 44.54433], [5.39461, 44.54653], [5.39493, 44.54848], [5.39763, 44.55005], [5.39891, 44.55387], [5.40377, 44.55553], [5.4062, 44.55853], [5.40603, 44.55965], [5.40702, 44.5601], [5.40843, 44.56424], [5.40864, 44.5686], [5.40798, 44.56976], [5.40887, 44.57157]]}}, {"type": "Feature", "properties": {"nom": "le B\u00e8s", "importance": 5}, "geometry": {"type": "LineString", "coordinates": [[5.64042, 44.65241], [5.63758, 44.6557], [5.63732, 44.65748], [5.63425, 44.66316], [5.62523, 44.66766], [5.62375, 44.66975], [5.62211, 44.67044], [5.61587, 44.67058], [5.61309, 44.67147], [5.59918, 44.684], [5.59715, 44.68448], [5.59377, 44.68375], [5.58854, 44.68528], [5.58687, 44.68698], [5.58119, 44.68706], [5.57835, 44.68861], [5.57737, 44.68767], [5.57573, 44.6873], [5.57362, 44.6831], [5.57073, 44.68184], [5.57056, 44.68101], [5.56775, 44.67949], [5.56709, 44.67848], [5.56611, 44.67857], [5.56465, 44.67712], [5.5623, 44.6765], [5.56179, 44.67394], [5.56003, 44.67371], [5.5543, 44.66881], [5.54695, 44.66567], [5.54481, 44.66806], [5.54317, 44.66763], [5.53997, 44.6701], [5.53488, 44.67256], [5.53528, 44.67487], [5.53114, 44.6763], [5.53053, 44.67756], [5.52609, 44.68027], [5.52318, 44.68005], [5.52219, 44.68066], [5.52016, 44.68236], [5.51981, 44.68434], [5.51666, 44.68596], [5.51568, 44.68752], [5.51206, 44.68825], [5.50838, 44.68995], [5.50804, 44.69065], [5.50453, 44.69014], [5.50004, 44.69158], [5.48948, 44.69333], [5.48326, 44.69304], [5.48215, 44.69013], [5.4781, 44.68942], [5.47648, 44.68804], [5.4699, 44.68523], [5.46196, 44.68419], [5.46083, 44.6835], [5.45858, 44.68376], [5.45718, 44.68293], [5.45069, 44.68132], [5.44896, 44.68128], [5.447, 44.68225], [5.44433, 44.68135], [5.4414, 44.6818], [5.44023, 44.68145], [5.43788, 44.68236], [5.43282, 44.67966], [5.42825, 44.67945], [5.42663, 44.67775], [5.42455, 44.6772], [5.42314, 44.6778], [5.42189, 44.67759], [5.42059, 44.67839], [5.41561, 44.67852], [5.41421, 44.67914], [5.41015, 44.67943], [5.40886, 44.6786], [5.40368, 44.67849], [5.40184, 44.67915], [5.39961, 44.67902], [5.39854, 44.67984]]}}, {"type": "Feature", "properties": {"nom": "Ruisseau du Tuile", "importance": 5}, "geometry": {"type": "LineString", "coordinates": [[5.60559, 44.72907], [5.6109, 44.72474], [5.61105, 44.72236], [5.61015, 44.72146]]}}, {"type": "Feature", "properties": {"nom": "Ruisseau de Raffignac", "importance": 5}, "geometry": {"type": "LineString", "coordinates": [[5.45161, 44.66392], [5.44628, 44.66371], [5.43807, 44.66682], [5.4329, 44.67201], [5.43033, 44.67844]]}}, {"type": "Feature", "properties": {"nom": "Corbi\u00e8re", "importance": 5}, "geometry": {"type": "LineString", "coordinates": [[5.19071, 44.85296], [5.19151, 44.85247], [5.19183, 44.85057], [5.19027, 44.8473], [5.18916, 44.84697], [5.18999, 44.84542], [5.18893, 44.8442], [5.18931, 44.84205]]}}, {"type": "Feature", "properties": {"nom": "Ruisseau de Trachetieu", "importance": 5}, "geometry": {"type": "LineString", "coordinates": [[5.17971, 44.68159], [5.17806, 44.68255], [5.17619, 44.68543], [5.17351, 44.6873], [5.17266, 44.6925]]}}, {"type": "Feature", "properties": {"nom": "Ruisseau de Bourdiole", "importance": 5}, "geometry": {"type": "LineString", "coordinates": [[5.40887, 44.57157], [5.40929, 44.57406], [5.41043, 44.57479], [5.4104, 44.57635], [5.41122, 44.57711], [5.40957, 44.57906], [5.4097, 44.58349], [5.41321, 44.58602], [5.41303, 44.58716]]}}, {"type": "Feature", "properties": {"nom": "Ravin du Bournous", "importance": 5}, "geometry": {"type": "LineString", "coordinates": [[5.28917, 44.61258], [5.29654, 44.61211]]}}, {"type": "Feature", "properties": {"nom": "le Maravel", "importance": 4}, "geometry": {"type": "LineString", "coordinates": [[5.58733, 44.58835], [5.58446, 44.58928], [5.57971, 44.58863], [5.57609, 44.59039], [5.57302, 44.59076], [5.56841, 44.59024], [5.56133, 44.58677], [5.56107, 44.58505], [5.55858, 44.58093], [5.56026, 44.5746], [5.5578, 44.57099], [5.5575, 44.56882], [5.55668, 44.56814], [5.55256, 44.56754], [5.54791, 44.56598], [5.54708, 44.56472], [5.54556, 44.56424], [5.5461, 44.56336], [5.54239, 44.56118], [5.54128, 44.55903], [5.54257, 44.55689], [5.53999, 44.55415], [5.53984, 44.55276], [5.5387, 44.55229], [5.53718, 44.54875]]}}, {"type": "Feature", "properties": {"nom": "Ruisseau des Gravas", "importance": 5}, "geometry": {"type": "LineString", "coordinates": [[5.49063, 44.68145], [5.49309, 44.68404]]}}, {"type": "Feature", "properties": {"nom": "Ruisseau de Peyrache", "importance": 5}, "geometry": {"type": "LineString", "coordinates": [[5.55091, 44.64347], [5.55612, 44.64118]]}}, {"type": "Feature", "properties": {"nom": "Ruisseau de Marcousse", "importance": 5}, "geometry": {"type": "LineString", "coordinates": [[5.34829, 44.68591], [5.34994, 44.68347], [5.35457, 44.6827], [5.35678, 44.68079], [5.3579, 44.68059], [5.35875, 44.67844], [5.36061, 44.67702], [5.36114, 44.67444], [5.3655, 44.67267]]}}, {"type": "Feature", "properties": {"nom": "Ruisseau de l'Aye", "importance": 5}, "geometry": {"type": "LineString", "coordinates": [[5.36286, 44.66442], [5.36614, 44.66149], [5.3689, 44.66155], [5.37841, 44.66348], [5.3816, 44.6626]]}}, {"type": "Feature", "properties": {"nom": "Ruisseau de Joffre", "importance": 5}, "geometry": {"type": "LineString", "coordinates": [[5.38063, 44.64313], [5.38512, 44.64729], [5.38626, 44.64754], [5.3873, 44.64945]]}}, {"type": "Feature", "properties": {"nom": "B\u00e9al de la Vigne", "importance": 5}, "geometry": {"type": "LineString", "coordinates": [[5.55979, 44.51327], [5.55869, 44.50984]]}}, {"type": "Feature", "properties": {"nom": "Ruisseau de Bouillanne", "importance": 5}, "geometry": {"type": "LineString", "coordinates": [[5.3668, 44.81693], [5.36628, 44.81081], [5.36294, 44.80443], [5.36107, 44.79893], [5.3624, 44.79566], [5.36358, 44.79434], [5.36572, 44.79351], [5.36719, 44.79131]]}}, {"type": "Feature", "properties": {"nom": "Ruisseau de Riosset", "importance": 5}, "geometry": {"type": "LineString", "coordinates": [[4.89208, 44.70894], [4.89465, 44.71089], [4.89743, 44.71172], [4.89796, 44.71442], [4.89938, 44.71579], [4.89708, 44.71948], [4.90038, 44.72269], [4.90065, 44.72512], [4.90232, 44.72623], [4.90307, 44.72817], [4.90285, 44.73177], [4.90409, 44.73367], [4.90403, 44.73829], [4.90245, 44.74098], [4.90324, 44.74191], [4.90245, 44.74348], [4.90384, 44.74741]]}}, {"type": "Feature", "properties": {"nom": "Ruisseau de Mujean", "importance": 5}, "geometry": {"type": "LineString", "coordinates": [[5.52841, 44.64566], [5.53667, 44.64444], [5.5411, 44.64576], [5.54544, 44.64813], [5.54978, 44.64812]]}}, {"type": "Feature", "properties": {"nom": "Ruisseau d'Aiguebelle", "importance": 5}, "geometry": {"type": "LineString", "coordinates": [[5.23712, 44.77094], [5.24195, 44.77114], [5.24486, 44.77062], [5.24889, 44.77124], [5.25217, 44.77064]]}}, {"type": "Feature", "properties": {"nom": "Ruisseau du Merle", "importance": 5}, "geometry": {"type": "LineString", "coordinates": [[5.34973, 44.75038], [5.35431, 44.75139], [5.35783, 44.7544]]}}, {"type": "Feature", "properties": {"nom": "Ravin du Fournet", "importance": 5}, "geometry": {"type": "LineString", "coordinates": [[5.5636, 44.54893], [5.56032, 44.54375], [5.56045, 44.54165], [5.5581, 44.54003], [5.5561, 44.53688]]}}, {"type": "Feature", "properties": {"nom": "Ruisseau de la Nielle", "importance": 5}, "geometry": {"type": "LineString", "coordinates": [[5.22751, 44.67429], [5.22915, 44.67684], [5.23236, 44.6795], [5.23228, 44.68013]]}}, {"type": "Feature", "properties": {"nom": "Ruisseau de Larras", "importance": 5}, "geometry": {"type": "LineString", "coordinates": [[5.23167, 44.66855], [5.23211, 44.67229], [5.23514, 44.67561], [5.23414, 44.67899]]}}, {"type": "Feature", "properties": {"nom": "Ravin de Montchaud", "importance": 5}, "geometry": {"type": "LineString", "coordinates": [[5.02768, 44.66958], [5.02574, 44.67135], [5.02089, 44.67147], [5.01926, 44.67234]]}}, {"type": "Feature", "properties": {"nom": "Ravin des Lombards", "importance": 5}, "geometry": {"type": "LineString", "coordinates": [[4.99978, 44.65736], [5.00018, 44.65878], [4.99916, 44.66096], [4.9975, 44.66235], [4.99738, 44.66372]]}}, {"type": "Feature", "properties": {"nom": "Ravin de Laye", "importance": 5}, "geometry": {"type": "LineString", "coordinates": [[4.98105, 44.66185], [4.98218, 44.66476], [4.98195, 44.66613], [4.98473, 44.67015], [4.98472, 44.67129], [4.98705, 44.67255]]}}, {"type": "Feature", "properties": {"nom": "Ravin de Brame-Faim", "importance": 5}, "geometry": {"type": "LineString", "coordinates": [[4.96272, 44.66547], [4.96817, 44.67056], [4.9688, 44.67231], [4.96755, 44.67475], [4.96835, 44.67828]]}}, {"type": "Feature", "properties": {"nom": "Ravin de Combeaux", "importance": 5}, "geometry": {"type": "LineString", "coordinates": [[5.00568, 44.6457], [5.00507, 44.64835], [5.00751, 44.65048], [5.00933, 44.6572]]}}, {"type": "Feature", "properties": {"nom": "Ruisseau de Ba\u00efn", "importance": 5}, "geometry": {"type": "MultiLineString", "coordinates": [[[5.4849, 44.63872], [5.48271, 44.63923], [5.48147, 44.63906], [5.48311, 44.6387], [5.4849, 44.63872]], [[5.49192, 44.62987], [5.49082, 44.63038], [5.49086, 44.6319], [5.49, 44.63265], [5.49073, 44.63571], [5.49002, 44.63703], [5.488, 44.63837], [5.4849, 44.63872]]]}}, {"type": "Feature", "properties": {"nom": "Ravin des Combes", "importance": 5}, "geometry": {"type": "LineString", "coordinates": [[5.56196, 44.55345], [5.55518, 44.55007], [5.55047, 44.54892], [5.54659, 44.54649], [5.54222, 44.5461], [5.54147, 44.54654]]}}, {"type": "Feature", "properties": {"nom": "Bial de l'Ours", "importance": 5}, "geometry": {"type": "LineString", "coordinates": [[5.50189, 44.52479], [5.50251, 44.52767], [5.50403, 44.52914], [5.50681, 44.5301]]}}, {"type": "Feature", "properties": {"nom": "Ravin de Combe Noire", "importance": 5}, "geometry": {"type": "LineString", "coordinates": [[5.61956, 44.50283], [5.61058, 44.50678], [5.60969, 44.50972]]}}, {"type": "Feature", "properties": {"nom": "Canal du Moulin", "importance": 5}, "geometry": {"type": "MultiLineString", "coordinates": [[[4.98273, 44.73383], [4.98434, 44.73703], [4.98217, 44.73796], [4.9799, 44.74125], [4.97749, 44.74266], [4.97252, 44.74374], [4.97097, 44.74327], [4.96842, 44.74446], [4.96841, 44.74535], [4.96333, 44.74449], [4.94947, 44.74919], [4.94788, 44.74894], [4.94158, 44.75052], [4.93944, 44.752], [4.94093, 44.75492], [4.93919, 44.75545], [4.94022, 44.76134], [4.93429, 44.76375], [4.91946, 44.76324], [4.91763, 44.76279], [4.91605, 44.76001], [4.91377, 44.76042], [4.91083, 44.76008], [4.9066, 44.76151], [4.90665, 44.76238], [4.90235, 44.76435], [4.89492, 44.76323], [4.89469, 44.76251], [4.88872, 44.76213], [4.88317, 44.75862], [4.87965, 44.75998], [4.87974, 44.76157], [4.87605, 44.76132], [4.86927, 44.76307], [4.86233, 44.76304], [4.85653, 44.7638], [4.84885, 44.7672], [4.83829, 44.76791], [4.83179, 44.77071], [4.82975, 44.771], [4.82744, 44.77016], [4.82024, 44.7724]], [[4.81874, 44.77243], [4.81851, 44.77243]]]}}, {"type": "Feature", "properties": {"nom": "Ruisseau de Beaunette", "importance": 5}, "geometry": {"type": "LineString", "coordinates": [[4.93907, 44.70758], [4.94065, 44.70901], [4.94087, 44.71078], [4.93844, 44.71317], [4.93805, 44.7158], [4.93356, 44.71819], [4.92963, 44.72246], [4.92965, 44.72471], [4.92855, 44.72688], [4.93026, 44.73176], [4.92872, 44.73468], [4.92857, 44.73757], [4.92662, 44.73834], [4.92414, 44.73837]]}}, {"type": "Feature", "properties": {"nom": "Ruisseau de Saint-Pierre", "importance": 5}, "geometry": {"type": "LineString", "coordinates": [[4.95073, 44.70724], [4.95325, 44.71623], [4.95207, 44.72399], [4.95239, 44.7264]]}}, {"type": "Feature", "properties": {"nom": "Ravin de Taillat", "importance": 5}, "geometry": {"type": "LineString", "coordinates": [[4.87956, 44.71499], [4.87888, 44.71779], [4.87629, 44.72074], [4.87662, 44.73189], [4.87608, 44.73288]]}}, {"type": "Feature", "properties": {"nom": "Ravin de l'Abreuvoir", "importance": 5}, "geometry": {"type": "LineString", "coordinates": [[5.34469, 44.64239], [5.34652, 44.63995], [5.34691, 44.63557], [5.34406, 44.6319], [5.34691, 44.62896]]}}, {"type": "Feature", "properties": {"nom": "Ravin de la Raini\u00e8re", "importance": 5}, "geometry": {"type": "LineString", "coordinates": [[5.33648, 44.64201], [5.33485, 44.63874], [5.33443, 44.63459], [5.33261, 44.63464]]}}, {"type": "Feature", "properties": {"nom": "Ravin de Marais", "importance": 5}, "geometry": {"type": "LineString", "coordinates": [[5.20313, 44.62296], [5.20871, 44.62735]]}}, {"type": "Feature", "properties": {"nom": "Ravin des Croutons", "importance": 5}, "geometry": {"type": "LineString", "coordinates": [[5.31885, 44.6192], [5.31727, 44.6186], [5.31433, 44.6195], [5.31391, 44.62095], [5.31189, 44.62172], [5.31289, 44.62364]]}}, {"type": "Feature", "properties": {"nom": "Ravin de Cornille", "importance": 5}, "geometry": {"type": "LineString", "coordinates": [[5.31851, 44.63412], [5.31776, 44.6263], [5.3207, 44.62404]]}}, {"type": "Feature", "properties": {"nom": "Ravin de Souilla", "importance": 5}, "geometry": {"type": "LineString", "coordinates": [[5.21846, 44.61893], [5.21459, 44.62415], [5.21463, 44.62846]]}}, {"type": "Feature", "properties": {"nom": "Ruisseau de la Combe", "importance": 5}, "geometry": {"type": "LineString", "coordinates": [[5.21963, 44.61139], [5.22161, 44.61298], [5.22223, 44.61573], [5.22909, 44.61899], [5.23242, 44.61913], [5.23586, 44.61712], [5.2409, 44.61741], [5.24188, 44.6197], [5.24135, 44.62243], [5.24227, 44.62414]]}}, {"type": "Feature", "properties": {"nom": "Ravin de Broch\u00e9ron", "importance": 5}, "geometry": {"type": "LineString", "coordinates": [[5.28061, 44.62318], [5.29078, 44.62695], [5.29636, 44.62748], [5.29838, 44.62863], [5.30208, 44.62897]]}}, {"type": "Feature", "properties": {"nom": "Ravin des Boutarys", "importance": 5}, "geometry": {"type": "LineString", "coordinates": [[5.24787, 44.58597], [5.25159, 44.58463], [5.25489, 44.58083], [5.26029, 44.57841], [5.26704, 44.57745], [5.26948, 44.57888]]}}, {"type": "Feature", "properties": {"nom": "Ravin de Baume Chart", "importance": 5}, "geometry": {"type": "LineString", "coordinates": [[5.35498, 44.61049], [5.35117, 44.61395], [5.35015, 44.6168], [5.34786, 44.61973], [5.34722, 44.6225]]}}, {"type": "Feature", "properties": {"nom": "Ruisseau des Beaumondes", "importance": 5}, "geometry": {"type": "LineString", "coordinates": [[5.37682, 44.64933], [5.37635, 44.65249], [5.38036, 44.65529], [5.38232, 44.66079], [5.38447, 44.6625]]}}, {"type": "Feature", "properties": {"nom": "la Chanarette", "importance": 5}, "geometry": {"type": "LineString", "coordinates": [[5.38778, 44.63411], [5.39136, 44.63438], [5.39484, 44.63562], [5.40198, 44.63514], [5.40467, 44.63578]]}}, {"type": "Feature", "properties": {"nom": "Ravin de Godune", "importance": 5}, "geometry": {"type": "LineString", "coordinates": [[5.33022, 44.61688], [5.32937, 44.61871], [5.32676, 44.6213], [5.32808, 44.624]]}}, {"type": "Feature", "properties": {"nom": "Ravin du Lionon", "importance": 5}, "geometry": {"type": "LineString", "coordinates": [[5.35743, 44.61412], [5.35144, 44.62083], [5.34722, 44.6225]]}}, {"type": "Feature", "properties": {"nom": "les Guitardes", "importance": 5}, "geometry": {"type": "LineString", "coordinates": [[5.3541, 44.62543], [5.35232, 44.62763], [5.35282, 44.63016]]}}, {"type": "Feature", "properties": {"nom": "Baume Fiart", "importance": 5}, "geometry": {"type": "LineString", "coordinates": [[5.36808, 44.63721], [5.36731, 44.63554], [5.36578, 44.63476], [5.35821, 44.6338], [5.35339, 44.63031]]}}, {"type": "Feature", "properties": {"nom": "Ravin de la Varzelle", "importance": 5}, "geometry": {"type": "LineString", "coordinates": [[5.24078, 44.57164], [5.24195, 44.57118], [5.24447, 44.57152], [5.25245, 44.57448], [5.25638, 44.57664], [5.25949, 44.57618], [5.26473, 44.57762]]}}, {"type": "Feature", "properties": {"nom": "Ravin de Coucourdier", "importance": 5}, "geometry": {"type": "LineString", "coordinates": [[5.37335, 44.61324], [5.37094, 44.61492], [5.36786, 44.61847], [5.36352, 44.62673]]}}, {"type": "Feature", "properties": {"nom": "Ravin de la Fontaine", "importance": 5}, "geometry": {"type": "LineString", "coordinates": [[5.38786, 44.6021], [5.38462, 44.60347], [5.37994, 44.60763], [5.37762, 44.61089], [5.37514, 44.61277], [5.37335, 44.61324]]}}, {"type": "Feature", "properties": {"nom": "Ravin de Cong\u00e9tadieu", "importance": 5}, "geometry": {"type": "LineString", "coordinates": [[5.37285, 44.59683], [5.37286, 44.59875], [5.37408, 44.59972], [5.37429, 44.60162], [5.3741, 44.60974], [5.37272, 44.6106], [5.3722, 44.61185], [5.37335, 44.61324]]}}, {"type": "Feature", "properties": {"nom": "Ravin de Chabriane", "importance": 5}, "geometry": {"type": "LineString", "coordinates": [[5.52656, 44.5693], [5.52, 44.56781], [5.5167, 44.56766], [5.51569, 44.56706]]}}, {"type": "Feature", "properties": {"nom": "Ravin de C\u00f4te Chaude", "importance": 5}, "geometry": {"type": "LineString", "coordinates": [[5.23901, 44.56957], [5.24259, 44.56775], [5.24427, 44.56523], [5.2456, 44.56497], [5.24736, 44.56355], [5.24786, 44.56207], [5.25147, 44.5588], [5.25286, 44.55849], [5.25356, 44.55726]]}}, {"type": "Feature", "properties": {"nom": "Ravin des Chapelets", "importance": 5}, "geometry": {"type": "LineString", "coordinates": [[5.24201, 44.51053], [5.24687, 44.51265], [5.25014, 44.51293], [5.25238, 44.51238], [5.2549, 44.51423]]}}, {"type": "Feature", "properties": {"nom": "Ravin de la Laide", "importance": 5}, "geometry": {"type": "LineString", "coordinates": [[5.32062, 44.5233], [5.32274, 44.52771], [5.32205, 44.53084], [5.32278, 44.53323]]}}, {"type": "Feature", "properties": {"nom": "Ravin de la Courroie", "importance": 5}, "geometry": {"type": "LineString", "coordinates": [[5.29776, 44.52519], [5.29528, 44.5247], [5.29361, 44.52362], [5.29226, 44.52364]]}}, {"type": "Feature", "properties": {"nom": "Ravin des C\u00f4tes", "importance": 5}, "geometry": {"type": "LineString", "coordinates": [[5.30963, 44.52409], [5.30803, 44.52519], [5.30598, 44.52383], [5.30548, 44.52248], [5.30307, 44.5219]]}}, {"type": "Feature", "properties": {"nom": "Ravin de Fortune", "importance": 5}, "geometry": {"type": "LineString", "coordinates": [[5.31282, 44.52912], [5.31172, 44.52772], [5.30859, 44.52661], [5.30803, 44.52519]]}}, {"type": "Feature", "properties": {"nom": "Ravin de Ferri\u00e8res", "importance": 5}, "geometry": {"type": "LineString", "coordinates": [[5.279, 44.51169], [5.27723, 44.51295], [5.27643, 44.51716], [5.27717, 44.51812]]}}, {"type": "Feature", "properties": {"nom": "Ravin de Guillondrix", "importance": 5}, "geometry": {"type": "LineString", "coordinates": [[5.51126, 44.49782], [5.5111, 44.49785]]}}, {"type": "Feature", "properties": {"nom": "Ravin des Chanaux", "importance": 5}, "geometry": {"type": "LineString", "coordinates": [[5.379, 44.54741], [5.3726, 44.54701], [5.36668, 44.54798], [5.36242, 44.54759]]}}, {"type": "Feature", "properties": {"nom": "Ravin du P\u00e9chier", "importance": 5}, "geometry": {"type": "LineString", "coordinates": [[5.39064, 44.55859], [5.39528, 44.56333], [5.40043, 44.5663], [5.40318, 44.56659]]}}, {"type": "Feature", "properties": {"nom": "Canal du Moulin", "importance": 5}, "geometry": {"type": "LineString", "coordinates": [[4.91619, 44.74019], [4.91356, 44.7423], [4.88536, 44.75307], [4.8809, 44.75278], [4.8796, 44.75361], [4.87734, 44.75333], [4.8725, 44.75478], [4.86895, 44.75848], [4.86349, 44.75914], [4.8567, 44.75827], [4.85447, 44.75741], [4.85055, 44.75886], [4.84736, 44.76128], [4.84219, 44.76346], [4.83749, 44.76266], [4.83616, 44.76371], [4.83286, 44.76449], [4.82943, 44.76199]]}}, {"type": "Feature", "properties": {"nom": "Ruisseau de Lardenne", "importance": 5}, "geometry": {"type": "LineString", "coordinates": [[5.24727, 44.85405], [5.24312, 44.85225], [5.24013, 44.85181], [5.23145, 44.85131], [5.23009, 44.85167], [5.22762, 44.85116], [5.22428, 44.85175], [5.21655, 44.85171]]}}, {"type": "Feature", "properties": {"nom": "Jean Bru", "importance": 5}, "geometry": {"type": "LineString", "coordinates": [[5.27267, 44.61942], [5.27296, 44.62373], [5.27439, 44.62648], [5.27418, 44.62837], [5.27185, 44.63199], [5.27194, 44.63538]]}}, {"type": "Feature", "properties": {"nom": "Ruisseau de Lambres", "importance": 5}, "geometry": {"type": "LineString", "coordinates": [[5.03639, 44.661], [5.03155, 44.66121], [5.02797, 44.66425], [5.02478, 44.66461], [5.01972, 44.6701], [5.01891, 44.67466], [5.01771, 44.67635], [5.01463, 44.67723], [5.01335, 44.67868], [5.01159, 44.67929], [5.01232, 44.68179], [5.00954, 44.68567], [5.00736, 44.68629], [5.00757, 44.68699], [5.00607, 44.68776], [5.00503, 44.69045], [5.00525, 44.69231], [5.00422, 44.69282], [5.00352, 44.69551], [5.00202, 44.69717], [5.00211, 44.69935], [5.00359, 44.70001], [5.0026, 44.70084], [5.00363, 44.70125], [5.00318, 44.70371], [5.00133, 44.70488], [5.00182, 44.70819], [4.99985, 44.70843], [4.99791, 44.71192], [4.99636, 44.71266], [4.99703, 44.71577], [4.99513, 44.71834], [4.99501, 44.72096], [4.99342, 44.72405], [4.99431, 44.7248], [4.99377, 44.72565], [4.98842, 44.72827], [4.9813, 44.72919], [4.9791, 44.72895]]}}, {"type": "Feature", "properties": {"nom": "Ruisseau de Merdarie", "importance": 5}, "geometry": {"type": "LineString", "coordinates": [[5.00747, 44.7758], [5.00592, 44.7726], [5.00168, 44.76926], [4.99686, 44.76665], [4.99095, 44.76593], [4.9897, 44.76504], [4.98697, 44.75997], [4.98074, 44.7556], [4.97986, 44.75226], [4.9802, 44.74727], [4.97806, 44.74434], [4.97627, 44.74422], [4.97568, 44.74328]]}}, {"type": "Feature", "properties": {"nom": "Ruisseau de la Baume", "importance": 5}, "geometry": {"type": "LineString", "coordinates": [[5.03575, 44.78449], [5.03203, 44.7827], [5.03016, 44.78013], [5.03034, 44.77692], [5.02835, 44.77248], [5.02899, 44.77146], [5.0265, 44.76843], [5.02659, 44.76714]]}}, {"type": "Feature", "properties": {"nom": "Ruisseau de Corneret", "importance": 5}, "geometry": {"type": "LineString", "coordinates": [[5.08453, 44.74114], [5.08124, 44.74172], [5.07979, 44.74122], [5.07857, 44.73986], [5.07534, 44.73539], [5.07378, 44.72867], [5.07189, 44.72831], [5.07077, 44.72872], [5.06843, 44.72762], [5.06649, 44.72785]]}}, {"type": "Feature", "properties": {"nom": "Ruisseau des Tessons", "importance": 5}, "geometry": {"type": "LineString", "coordinates": [[5.14733, 44.67689], [5.14552, 44.6771], [5.14519, 44.67839], [5.14248, 44.68024], [5.14014, 44.68291]]}}, {"type": "Feature", "properties": {"nom": "Ruisseau de Lioneton", "importance": 5}, "geometry": {"type": "LineString", "coordinates": [[5.1724, 44.6602], [5.17236, 44.66224], [5.17393, 44.66516], [5.17172, 44.66646], [5.1721, 44.66984], [5.16926, 44.6734], [5.16931, 44.67522], [5.16754, 44.67669], [5.16822, 44.67862], [5.1677, 44.67983], [5.1707, 44.68405], [5.17394, 44.68666]]}}, {"type": "Feature", "properties": {"nom": "Ruisseau de Sauzet", "importance": 5}, "geometry": {"type": "LineString", "coordinates": [[5.17035, 44.72233], [5.17052, 44.72101], [5.16935, 44.71881], [5.16445, 44.71628], [5.16226, 44.71405], [5.15841, 44.71218], [5.15783, 44.71116], [5.15507, 44.71085], [5.15326, 44.71236], [5.15202, 44.71258], [5.1517, 44.71374], [5.14995, 44.71421], [5.14755, 44.71311], [5.14111, 44.71236], [5.14022, 44.71176], [5.13634, 44.71178], [5.13193, 44.7093], [5.1198, 44.70923]]}}, {"type": "Feature", "properties": {"nom": "Ruisseau de Chaudenage", "importance": 5}, "geometry": {"type": "LineString", "coordinates": [[5.17681, 44.7295], [5.1769, 44.728], [5.17969, 44.72416], [5.18355, 44.72325], [5.18645, 44.72132], [5.18822, 44.71712], [5.19144, 44.71356], [5.19226, 44.71097], [5.19652, 44.7084]]}}, {"type": "Feature", "properties": {"nom": "Ruisseau de Bonavaux", "importance": 5}, "geometry": {"type": "LineString", "coordinates": [[5.18584, 44.66015], [5.18631, 44.66327], [5.18893, 44.66436], [5.1909, 44.6665], [5.18971, 44.6689], [5.18934, 44.67414], [5.19103, 44.67715], [5.19574, 44.67952]]}}, {"type": "Feature", "properties": {"nom": "Ruisseau des Vignes", "importance": 5}, "geometry": {"type": "LineString", "coordinates": [[5.26582, 44.64476], [5.26905, 44.64393], [5.27299, 44.64116], [5.27964, 44.63797], [5.28003, 44.63718]]}}, {"type": "Feature", "properties": {"nom": "Ruisseau de Volvent", "importance": 5}, "geometry": {"type": "LineString", "coordinates": [[5.33498, 44.52311], [5.33372, 44.52547], [5.33038, 44.52771], [5.32898, 44.53059], [5.32604, 44.5326], [5.32278, 44.53323], [5.31831, 44.53746], [5.31882, 44.5405], [5.31816, 44.54193], [5.32099, 44.54482], [5.31928, 44.54677], [5.31933, 44.5478], [5.32296, 44.55091], [5.32339, 44.55451], [5.32471, 44.55529], [5.32422, 44.55648], [5.32558, 44.56041], [5.32496, 44.56077], [5.32487, 44.56459], [5.32353, 44.5647], [5.32246, 44.5657], [5.32144, 44.56549], [5.32166, 44.56699], [5.31864, 44.57078], [5.31227, 44.57244], [5.30933, 44.57409]]}}, {"type": "Feature", "properties": {"nom": "Ruisseau de Pizette", "importance": 5}, "geometry": {"type": "LineString", "coordinates": [[4.85858, 44.74044], [4.86053, 44.74208], [4.86089, 44.74453], [4.86435, 44.75016], [4.86396, 44.75364], [4.86465, 44.75801], [4.86347, 44.75808], [4.86349, 44.75914]]}}, {"type": "Feature", "properties": {"nom": "Ruisseau de Saraillon", "importance": 5}, "geometry": {"type": "LineString", "coordinates": [[5.16659, 44.66655], [5.16402, 44.66965], [5.16447, 44.67237], [5.16103, 44.67536], [5.16036, 44.67945], [5.15882, 44.68213], [5.16063, 44.68421], [5.15822, 44.69095], [5.15848, 44.69556]]}}, {"type": "Feature", "properties": {"nom": "Ruisseau de Clabousac", "importance": 5}, "geometry": {"type": "LineString", "coordinates": [[5.20291, 44.76329], [5.201, 44.76281], [5.19869, 44.76117], [5.19604, 44.7612], [5.19312, 44.7599], [5.1908, 44.76007], [5.18146, 44.7656], [5.17928, 44.76525], [5.17768, 44.76618], [5.17374, 44.76709], [5.16938, 44.76721]]}}, {"type": "Feature", "properties": {"nom": "Ruisseau de Champ Roussin", "importance": 5}, "geometry": {"type": "LineString", "coordinates": [[5.24055, 44.64021], [5.23891, 44.64416], [5.23236, 44.64695], [5.22619, 44.64519], [5.22439, 44.64551]]}}, {"type": "Feature", "properties": {"nom": "Ruisseau des Bournieux", "importance": 5}, "geometry": {"type": "LineString", "coordinates": [[5.25562, 44.53307], [5.2558, 44.53706], [5.25879, 44.54024], [5.26026, 44.54081], [5.26102, 44.54375], [5.26398, 44.54752], [5.26479, 44.5478], [5.26576, 44.54727], [5.26915, 44.54868], [5.27145, 44.54849], [5.27319, 44.54958], [5.27612, 44.54999], [5.28045, 44.5534], [5.28401, 44.55495]]}}, {"type": "Feature", "properties": {"nom": "Ruisseau des Combes", "importance": 5}, "geometry": {"type": "LineString", "coordinates": [[5.31482, 44.53949], [5.3142, 44.54204], [5.3116, 44.54485], [5.3044, 44.54863], [5.30179, 44.55174], [5.30001, 44.55289], [5.29609, 44.5537], [5.29404, 44.55526], [5.28958, 44.55659], [5.28573, 44.5589]]}}, {"type": "Feature", "properties": {"nom": "le Valat Fauchier", "importance": 5}, "geometry": {"type": "LineString", "coordinates": [[5.24953, 44.66245], [5.25452, 44.65962], [5.25659, 44.65932], [5.26107, 44.65693], [5.26521, 44.65616]]}}, {"type": "Feature", "properties": {"nom": "la Roanne", "importance": 5}, "geometry": {"type": "LineString", "coordinates": [[5.28105, 44.49159], [5.28388, 44.4965], [5.28299, 44.49803], [5.28326, 44.50112], [5.28203, 44.50201], [5.28012, 44.50625], [5.27407, 44.50841], [5.26989, 44.50743], [5.26551, 44.50858], [5.2615, 44.50828], [5.25988, 44.50941], [5.25624, 44.51014], [5.2548, 44.51443], [5.25666, 44.51644], [5.26255, 44.518], [5.26382, 44.51982], [5.26563, 44.5204], [5.2668, 44.52236], [5.26993, 44.52295], [5.27114, 44.52378], [5.27249, 44.52366], [5.27381, 44.52485], [5.27531, 44.5247], [5.27534, 44.52565], [5.27754, 44.52783], [5.27947, 44.52848], [5.28124, 44.53155], [5.28048, 44.53369], [5.28273, 44.53471], [5.28254, 44.53724], [5.28357, 44.53917], [5.28275, 44.5401], [5.28483, 44.54116], [5.28331, 44.54474], [5.28435, 44.54766], [5.28363, 44.55245], [5.28425, 44.55653], [5.28619, 44.55997], [5.28297, 44.56213], [5.28378, 44.56523], [5.27943, 44.5669], [5.27742, 44.56843], [5.27577, 44.56853], [5.27521, 44.56932], [5.27563, 44.57268], [5.277, 44.5749], [5.27666, 44.57614], [5.27854, 44.57822], [5.27857, 44.57995], [5.27686, 44.58184], [5.27892, 44.58479], [5.2786, 44.58847], [5.28022, 44.59104], [5.2792, 44.59236], [5.27934, 44.5937], [5.28338, 44.59672], [5.2825, 44.59766], [5.28404, 44.59945], [5.28511, 44.60266], [5.28772, 44.60211], [5.29013, 44.60475], [5.29272, 44.60472], [5.29535, 44.60696], [5.29672, 44.61249], [5.2958, 44.6136], [5.29966, 44.61377], [5.30008, 44.61479], [5.30208, 44.61419], [5.30248, 44.61518], [5.29929, 44.61779], [5.29912, 44.6187], [5.30327, 44.6196], [5.30406, 44.61751], [5.30589, 44.61743], [5.30674, 44.61995], [5.30637, 44.622], [5.30801, 44.62371], [5.30671, 44.6244], [5.30704, 44.62594], [5.30315, 44.62632], [5.30511, 44.62854], [5.3035, 44.62819], [5.3029, 44.6289], [5.30158, 44.62899], [5.30132, 44.63112], [5.29666, 44.63101], [5.29557, 44.63291], [5.29578, 44.63487], [5.29344, 44.63534], [5.29193, 44.63729], [5.29046, 44.63773], [5.2915, 44.63894], [5.28842, 44.63998], [5.2911, 44.64054], [5.29372, 44.64354], [5.29045, 44.64649], [5.28745, 44.64786], [5.28646, 44.65329], [5.28301, 44.65423], [5.28388, 44.65895], [5.28124, 44.66113], [5.27715, 44.66031], [5.2774, 44.66348], [5.27244, 44.66416], [5.27182, 44.66525], [5.27216, 44.66717], [5.27036, 44.66911], [5.27129, 44.67143], [5.27037, 44.67188], [5.2702, 44.67304], [5.2671, 44.6735], [5.26688, 44.67472], [5.26512, 44.6764], [5.26624, 44.67892], [5.26527, 44.67955], [5.26097, 44.68011], [5.26168, 44.68228], [5.25856, 44.68485], [5.25962, 44.68544], [5.25926, 44.68627], [5.26162, 44.68952], [5.26003, 44.69211], [5.26113, 44.69396], [5.25786, 44.69768]]}}, {"type": "Feature", "properties": {"nom": "Ruisseau de la Pouterle", "importance": 5}, "geometry": {"type": "LineString", "coordinates": [[5.2691, 44.85836], [5.27754, 44.85209], [5.28176, 44.85147], [5.28412, 44.84999], [5.28696, 44.84388], [5.28656, 44.83985], [5.28911, 44.83715]]}}, {"type": "Feature", "properties": {"nom": "Ruisseau Vaudonne", "importance": 5}, "geometry": {"type": "LineString", "coordinates": [[5.37353, 44.82392], [5.37585, 44.82096], [5.37756, 44.82014], [5.3796, 44.81673], [5.37845, 44.81432], [5.37912, 44.81072], [5.3833, 44.80507], [5.38289, 44.79545]]}}, {"type": "Feature", "properties": {"nom": "Ruisseau de Rossas", "importance": 5}, "geometry": {"type": "LineString", "coordinates": [[5.51168, 44.50508], [5.51383, 44.50407], [5.51806, 44.50327], [5.52458, 44.50362], [5.5282, 44.50451], [5.53256, 44.50406], [5.53374, 44.50475], [5.54344, 44.5042], [5.54621, 44.50162], [5.55083, 44.50237], [5.55689, 44.50445], [5.56087, 44.50351], [5.56568, 44.50485], [5.57037, 44.50413], [5.57425, 44.50575], [5.57445, 44.50652]]}}, {"type": "Feature", "properties": {"nom": "Ruisseau de Luc", "importance": 5}, "geometry": {"type": "LineString", "coordinates": [[5.48073, 44.62715], [5.47537, 44.62434], [5.46775, 44.62374], [5.46496, 44.62122], [5.46502, 44.62028], [5.46274, 44.61768], [5.45735, 44.61556], [5.45165, 44.6165], [5.44778, 44.61946], [5.44477, 44.61985]]}}, {"type": "Feature", "properties": {"nom": "Ruisseau Chandel", "importance": 5}, "geometry": {"type": "LineString", "coordinates": [[5.53289, 44.59495], [5.5362, 44.59444], [5.54004, 44.5928], [5.54304, 44.58955], [5.54561, 44.5849], [5.54995, 44.58076], [5.55911, 44.579]]}}, {"type": "Feature", "properties": {"nom": "le Cont\u00e8cle", "importance": 5}, "geometry": {"type": "LineString", "coordinates": [[5.20633, 44.64404], [5.20863, 44.64407], [5.21067, 44.64171], [5.21876, 44.64125], [5.21994, 44.64192], [5.2243, 44.64507], [5.22236, 44.64802], [5.22226, 44.64984], [5.22364, 44.65198], [5.22359, 44.65446], [5.2247, 44.65622], [5.22303, 44.65872], [5.21933, 44.66111], [5.215, 44.66231], [5.21009, 44.66564], [5.20528, 44.66644], [5.20493, 44.66798], [5.20007, 44.67152], [5.19841, 44.67359], [5.19663, 44.67416], [5.1967, 44.67507], [5.19529, 44.67621], [5.19574, 44.67952], [5.19979, 44.68652], [5.19893, 44.68769], [5.19936, 44.68943], [5.20282, 44.69262], [5.2039, 44.69283]]}}, {"type": "Feature", "properties": {"nom": "B\u00e9al de la Ferri\u00e8re", "importance": 5}, "geometry": {"type": "LineString", "coordinates": [[5.63001, 44.53095], [5.62729, 44.52632], [5.62717, 44.52451], [5.6262, 44.52395], [5.62638, 44.52187], [5.62465, 44.52047], [5.62445, 44.51578], [5.62271, 44.51268]]}}, {"type": "Feature", "properties": {"nom": "Ruisseau de Sarreymond", "importance": 5}, "geometry": {"type": "LineString", "coordinates": [[5.624, 44.74914], [5.62344, 44.74662], [5.62181, 44.74548], [5.62058, 44.74551], [5.61706, 44.74673], [5.61421, 44.74993], [5.61195, 44.75082], [5.60494, 44.75157], [5.60251, 44.75117], [5.60027, 44.75262], [5.59821, 44.75307], [5.5954, 44.75223], [5.58985, 44.74823], [5.58573, 44.74627], [5.58101, 44.74524], [5.57942, 44.7441], [5.57916, 44.74263], [5.578, 44.74178], [5.57461, 44.74196], [5.57094, 44.74119], [5.56806, 44.7417], [5.56222, 44.7398], [5.55819, 44.7394], [5.55335, 44.73609], [5.55167, 44.73261], [5.54962, 44.73234]]}}, {"type": "Feature", "properties": {"nom": "Ruisseau de Blanc", "importance": 5}, "geometry": {"type": "LineString", "coordinates": [[5.09251, 44.69524], [5.09138, 44.69969], [5.09273, 44.70614]]}}, {"type": "Feature", "properties": {"nom": "B\u00e9al du Collet", "importance": 5}, "geometry": {"type": "LineString", "coordinates": [[5.62318, 44.53375], [5.62558, 44.53292], [5.62633, 44.53184], [5.62466, 44.52904], [5.6216, 44.52628], [5.62137, 44.52242], [5.61823, 44.52049], [5.61494, 44.51547], [5.61052, 44.51542], [5.60847, 44.514], [5.60588, 44.51383], [5.60356, 44.5112], [5.59963, 44.50882], [5.59453, 44.50875], [5.59042, 44.50728], [5.58734, 44.50554], [5.58341, 44.50126]]}}, {"type": "Feature", "properties": {"nom": "Ruisseau de la Doux", "importance": 5}, "geometry": {"type": "LineString", "coordinates": [[5.46199, 44.7309], [5.45802, 44.72944], [5.45745, 44.72559], [5.45508, 44.72385], [5.45493, 44.72281], [5.45233, 44.72159], [5.45033, 44.72178], [5.44896, 44.72257], [5.44841, 44.72191], [5.44573, 44.72152], [5.44469, 44.72051], [5.44267, 44.7208], [5.43981, 44.72007], [5.43674, 44.71847], [5.43625, 44.71657], [5.43311, 44.71463], [5.43226, 44.71326], [5.42821, 44.71187], [5.42651, 44.71007], [5.42106, 44.70968], [5.41921, 44.71033], [5.41801, 44.71001], [5.41705, 44.71072], [5.41195, 44.70924], [5.40718, 44.70598], [5.40229, 44.70639]]}}, {"type": "Feature", "properties": {"nom": "Ruisseau des All\u00e9es", "importance": 5}, "geometry": {"type": "LineString", "coordinates": [[5.43004, 44.72331], [5.41968, 44.71919], [5.41509, 44.72003], [5.41205, 44.71807], [5.41024, 44.71838], [5.40794, 44.71785], [5.40346, 44.71997], [5.40019, 44.72042], [5.39908, 44.72196], [5.39522, 44.72361]]}}, {"type": "Feature", "properties": {"nom": "Ruisseau des Caux", "importance": 5}, "geometry": {"type": "LineString", "coordinates": [[5.46663, 44.73068], [5.46535, 44.72834], [5.46601, 44.72491], [5.46433, 44.72228], [5.46572, 44.71671], [5.46941, 44.71254], [5.47606, 44.70962], [5.47659, 44.70568], [5.48047, 44.70115], [5.47998, 44.70013], [5.48069, 44.69818], [5.48303, 44.69666], [5.48274, 44.69475], [5.48372, 44.69316]]}}, {"type": "Feature", "properties": {"nom": "Ruisseau de la Vialette", "importance": 5}, "geometry": {"type": "LineString", "coordinates": [[5.43327, 44.70689], [5.42674, 44.70799], [5.42567, 44.70779], [5.42394, 44.70583], [5.42058, 44.70382], [5.41669, 44.70439], [5.4115, 44.70346], [5.40847, 44.70432], [5.40717, 44.70356], [5.40233, 44.70364]]}}, {"type": "Feature", "properties": {"nom": "Ruisseau des Boidans", "importance": 5}, "geometry": {"type": "LineString", "coordinates": [[5.52069, 44.64299], [5.51688, 44.64666], [5.51626, 44.64982], [5.51266, 44.65503], [5.51162, 44.66121], [5.51017, 44.66276], [5.49876, 44.66755], [5.49538, 44.67033], [5.49101, 44.67103], [5.48857, 44.67225], [5.48612, 44.67143], [5.47932, 44.67224], [5.46974, 44.67092], [5.46711, 44.67145], [5.46148, 44.67144], [5.45389, 44.67493], [5.45125, 44.67557], [5.45022, 44.6767], [5.45033, 44.67954], [5.44896, 44.68128]]}}, {"type": "Feature", "properties": {"nom": "Ruisseau des Chabertes", "importance": 5}, "geometry": {"type": "LineString", "coordinates": [[5.41757, 44.68997], [5.41997, 44.69216], [5.41862, 44.69343], [5.41426, 44.69337], [5.41125, 44.69569], [5.40648, 44.69699], [5.40142, 44.69953]]}}, {"type": "Feature", "properties": {"nom": "Bial de l'Ouis", "importance": 5}, "geometry": {"type": "LineString", "coordinates": [[5.49182, 44.53326], [5.49427, 44.53791], [5.49697, 44.539], [5.50067, 44.53927], [5.50473, 44.53895], [5.50645, 44.53821], [5.50785, 44.53841], [5.51199, 44.54104], [5.51413, 44.5415], [5.52004, 44.5469], [5.52116, 44.54945], [5.52512, 44.55238]]}}, {"type": "Feature", "properties": {"nom": "l'Esconavette", "importance": 5}, "geometry": {"type": "LineString", "coordinates": [[5.33055, 44.67367], [5.33782, 44.67472], [5.34171, 44.67368], [5.34876, 44.67377], [5.356, 44.6721], [5.35703, 44.67258], [5.37133, 44.67267], [5.37433, 44.67457], [5.38046, 44.6748], [5.38397, 44.67798], [5.38777, 44.67772], [5.38906, 44.67839], [5.38983, 44.67992], [5.39524, 44.68229]]}}, {"type": "Feature", "properties": {"nom": "Rif Charel", "importance": 5}, "geometry": {"type": "LineString", "coordinates": [[5.40051, 44.60907], [5.40505, 44.60883], [5.40823, 44.61131], [5.41251, 44.61196], [5.41487, 44.61102], [5.41668, 44.61109], [5.42132, 44.6124], [5.42629, 44.61478], [5.42754, 44.61709], [5.43224, 44.61988], [5.43338, 44.62194], [5.44057, 44.62591]]}}, {"type": "Feature", "properties": {"nom": "Rif Miscon", "importance": 5}, "geometry": {"type": "LineString", "coordinates": [[5.53322, 44.64081], [5.53143, 44.63294], [5.52719, 44.62989], [5.52657, 44.62737], [5.52367, 44.62417], [5.52118, 44.62344], [5.51895, 44.62157], [5.51726, 44.62137], [5.51399, 44.61955], [5.50903, 44.6192], [5.50244, 44.61664], [5.49951, 44.61623], [5.49001, 44.61318], [5.48731, 44.61168], [5.48593, 44.61165], [5.48385, 44.60998], [5.47891, 44.60981], [5.47836, 44.60903], [5.47696, 44.60875], [5.47587, 44.60523], [5.47367, 44.60375], [5.47155, 44.60401], [5.46865, 44.60339], [5.46725, 44.60241], [5.46359, 44.60202]]}}, {"type": "Feature", "properties": {"nom": "Ruisseau des Arenas", "importance": 5}, "geometry": {"type": "LineString", "coordinates": [[5.45233, 44.65397], [5.45008, 44.65676], [5.44584, 44.65865], [5.443, 44.65913], [5.44117, 44.66137], [5.43905, 44.66258], [5.43534, 44.66313], [5.43202, 44.66156], [5.42402, 44.66181], [5.42123, 44.66336], [5.41984, 44.66563], [5.4154, 44.66858], [5.41157, 44.66979], [5.41129, 44.67034], [5.40805, 44.67024]]}}, {"type": "Feature", "properties": {"nom": "Ruisseau des Beaumondes", "importance": 5}, "geometry": {"type": "LineString", "coordinates": [[5.38668, 44.64097], [5.38998, 44.64603], [5.38928, 44.64771], [5.3873, 44.64945], [5.38751, 44.6503], [5.39135, 44.65266], [5.39254, 44.65731], [5.38955, 44.66308], [5.3925, 44.6689], [5.39215, 44.66955], [5.39409, 44.67119], [5.39776, 44.67152], [5.39991, 44.67297], [5.40184, 44.67621]]}}, {"type": "Feature", "properties": {"nom": "Ruisseau d'Aucelon", "importance": 5}, "geometry": {"type": "LineString", "coordinates": [[5.38483, 44.62567], [5.38298, 44.62551], [5.38219, 44.62447], [5.37417, 44.62411], [5.36891, 44.62609], [5.36603, 44.62618], [5.35943, 44.62762], [5.35681, 44.62994], [5.35456, 44.62961], [5.35169, 44.63053], [5.3478, 44.62959], [5.3465, 44.6282], [5.34443, 44.62861], [5.3431, 44.62758], [5.34099, 44.62782], [5.33511, 44.62591], [5.33307, 44.62613], [5.3324, 44.62401], [5.33001, 44.62335], [5.3261, 44.62446], [5.32418, 44.62384], [5.32277, 44.62461], [5.32097, 44.6243], [5.32043, 44.62354], [5.31843, 44.62423], [5.31504, 44.62303], [5.31269, 44.62372], [5.31175, 44.62322], [5.30984, 44.6255], [5.30819, 44.62526], [5.30704, 44.62594]]}}, {"type": "Feature", "properties": {"nom": "Ruisseau de la Queue du Plat", "importance": 5}, "geometry": {"type": "LineString", "coordinates": [[5.51624, 44.59654], [5.5152, 44.59511], [5.51089, 44.59359], [5.50564, 44.58991], [5.50194, 44.58874], [5.50041, 44.58694], [5.49701, 44.58604], [5.49385, 44.58378], [5.49197, 44.58323], [5.4916, 44.58213], [5.4886, 44.58005], [5.48538, 44.57882]]}}, {"type": "Feature", "properties": {"nom": "Torrent de Ni\u00e8re Gourzine", "importance": 5}, "geometry": {"type": "LineString", "coordinates": [[5.48833, 44.5364], [5.48894, 44.53933], [5.48589, 44.54465], [5.48418, 44.54646], [5.48246, 44.54691], [5.48039, 44.54921], [5.48115, 44.5542], [5.47946, 44.55713], [5.47678, 44.55974], [5.4763, 44.56229], [5.47746, 44.56596], [5.47728, 44.56963], [5.48374, 44.57987]]}}, {"type": "Feature", "properties": {"nom": "Ruisseau de Rouisse", "importance": 5}, "geometry": {"type": "LineString", "coordinates": [[5.26599, 44.84711], [5.26892, 44.84399], [5.26941, 44.84148], [5.27325, 44.83562], [5.27416, 44.83527], [5.27626, 44.83105], [5.27751, 44.83012]]}}, {"type": "Feature", "properties": {"nom": "la Sure", "importance": 5}, "geometry": {"type": "LineString", "coordinates": [[5.30895, 44.8872], [5.30921, 44.88468], [5.30625, 44.88166], [5.30635, 44.8787], [5.30548, 44.87725], [5.30603, 44.87607], [5.30464, 44.87202], [5.3052, 44.87038], [5.30286, 44.86532], [5.30378, 44.8625], [5.30104, 44.85949], [5.29895, 44.85834], [5.30229, 44.85121], [5.3014, 44.84923], [5.30181, 44.84781], [5.30085, 44.84772], [5.30031, 44.84677], [5.29816, 44.84636], [5.29752, 44.84453], [5.29543, 44.84305], [5.29498, 44.84172], [5.29318, 44.8413], [5.28931, 44.83767], [5.28813, 44.83547], [5.28323, 44.83284], [5.28048, 44.83204], [5.2798, 44.83095], [5.27724, 44.83], [5.27512, 44.82865], [5.27491, 44.82786], [5.27266, 44.82709], [5.27106, 44.82577], [5.26882, 44.82535], [5.26243, 44.81744], [5.26065, 44.81222], [5.26232, 44.80886], [5.26012, 44.80622], [5.26035, 44.80237], [5.26393, 44.79883], [5.26537, 44.79569], [5.26786, 44.79379], [5.27096, 44.78999], [5.27096, 44.78793], [5.27187, 44.7872], [5.27141, 44.78497], [5.27354, 44.78343], [5.27271, 44.78095], [5.27507, 44.78023], [5.27951, 44.77474], [5.28101, 44.774], [5.2821, 44.77092], [5.28506, 44.77006], [5.29099, 44.77002], [5.29422, 44.76889], [5.29778, 44.76599], [5.29817, 44.76431]]}}, {"type": "Feature", "properties": {"nom": "la Gervanne", "importance": 5}, "geometry": {"type": "LineString", "coordinates": [[5.2308, 44.89656], [5.22714, 44.8913], [5.22479, 44.88458], [5.22285, 44.88355], [5.22175, 44.88068], [5.2221, 44.87837], [5.22053, 44.87457], [5.22221, 44.8716], [5.22189, 44.87035], [5.22105, 44.86997], [5.22185, 44.86762], [5.22027, 44.86583], [5.22127, 44.86056], [5.22052, 44.86003], [5.21996, 44.85476], [5.21887, 44.85308], [5.21525, 44.85117], [5.21373, 44.84952], [5.21076, 44.85045], [5.20814, 44.85], [5.20621, 44.84819], [5.20385, 44.84767], [5.20305, 44.84677], [5.19464, 44.84572], [5.1919, 44.84265], [5.18931, 44.84205], [5.1898, 44.84048], [5.18906, 44.83859], [5.18672, 44.83778], [5.18819, 44.83515], [5.18958, 44.83378], [5.19113, 44.8333], [5.19041, 44.83163], [5.19198, 44.83074], [5.19144, 44.82917], [5.19269, 44.82867], [5.19229, 44.8272], [5.19587, 44.82558], [5.19496, 44.82378], [5.19628, 44.82319], [5.19612, 44.82267], [5.19075, 44.81984], [5.19014, 44.81849], [5.18815, 44.81742], [5.18894, 44.81613], [5.18055, 44.812], [5.18031, 44.81076], [5.17878, 44.81005], [5.17755, 44.80817], [5.17562, 44.80783], [5.17659, 44.80614], [5.17563, 44.8047], [5.17318, 44.80267], [5.17046, 44.8023], [5.17062, 44.80089], [5.16888, 44.79923], [5.16699, 44.79921], [5.16507, 44.79736], [5.16385, 44.79712], [5.16378, 44.79638], [5.1605, 44.79578], [5.16083, 44.79334], [5.15751, 44.7912], [5.15594, 44.79089], [5.1509, 44.78525], [5.14805, 44.78427], [5.14874, 44.78053], [5.1473, 44.77898], [5.14423, 44.77775], [5.14562, 44.77649], [5.14478, 44.77521], [5.14546, 44.77393], [5.14172, 44.77328], [5.13982, 44.77001], [5.13824, 44.7694], [5.138, 44.76671], [5.13989, 44.76481], [5.13852, 44.76374], [5.13846, 44.76202], [5.13943, 44.76134], [5.13823, 44.76041], [5.13875, 44.75983], [5.13723, 44.75852], [5.13453, 44.75833], [5.13508, 44.75725], [5.13432, 44.7563], [5.12954, 44.75248], [5.13052, 44.75132], [5.13041, 44.75004], [5.12671, 44.74822], [5.12694, 44.74644], [5.12533, 44.74672], [5.12526, 44.7441], [5.1263, 44.74327], [5.12642, 44.74164], [5.12416, 44.73989], [5.12401, 44.73845], [5.12225, 44.73808], [5.12197, 44.73472], [5.1199, 44.73439], [5.11759, 44.73163], [5.11765, 44.73057], [5.11425, 44.72991], [5.11232, 44.72912], [5.11147, 44.72801], [5.10963, 44.72803], [5.10803, 44.72645], [5.10499, 44.72581], [5.10323, 44.72377], [5.10366, 44.72225], [5.0999, 44.7212], [5.09826, 44.72145], [5.09841, 44.72019], [5.09524, 44.71847], [5.0939, 44.71598], [5.09214, 44.71492], [5.0925, 44.71414], [5.09128, 44.71351], [5.09028, 44.7108], [5.08634, 44.70877]]}}, {"type": "Feature", "properties": {"nom": "Ruisseau des Glovins", "importance": 5}, "geometry": {"type": "LineString", "coordinates": [[5.24918, 44.85204], [5.24897, 44.84888], [5.25226, 44.84111], [5.25427, 44.84007], [5.25416, 44.83904], [5.25564, 44.83772], [5.25656, 44.83518], [5.2608, 44.8329], [5.262, 44.82964], [5.26636, 44.82304]]}}, {"type": "Feature", "properties": {"nom": "Ruisseau Corbi\u00e8re", "importance": 5}, "geometry": {"type": "LineString", "coordinates": [[5.2042, 44.87021], [5.2042, 44.8726], [5.20222, 44.87558], [5.20021, 44.88264], [5.19926, 44.88315], [5.19498, 44.88326], [5.19284, 44.88057], [5.19158, 44.88043], [5.18978, 44.87894], [5.18927, 44.87761], [5.19002, 44.87273], [5.18878, 44.86511], [5.18987, 44.86367], [5.18898, 44.86169], [5.19021, 44.86101], [5.18878, 44.85891], [5.19, 44.85688], [5.19153, 44.85615], [5.19071, 44.85296], [5.19151, 44.85247], [5.19183, 44.85057], [5.19027, 44.8473], [5.18916, 44.84697], [5.18999, 44.84542], [5.18893, 44.8442], [5.18931, 44.84205]]}}, {"type": "Feature", "properties": {"nom": "Ruisseau des Chapelains", "importance": 5}, "geometry": {"type": "LineString", "coordinates": [[5.17784, 44.7089], [5.18105, 44.70356], [5.18071, 44.70186], [5.18241, 44.69945], [5.18072, 44.69388], [5.17851, 44.69401]]}}, {"type": "Feature", "properties": {"nom": "Ruisseau de Vach\u00e8re", "importance": 5}, "geometry": {"type": "LineString", "coordinates": [[5.2306, 44.78635], [5.23386, 44.7861], [5.23872, 44.78407], [5.24138, 44.78556], [5.24547, 44.78653], [5.24751, 44.78642], [5.25061, 44.7877], [5.25553, 44.78643], [5.25851, 44.78659], [5.25906, 44.78713], [5.2614, 44.78714], [5.26425, 44.7903], [5.26868, 44.79251]]}}, {"type": "Feature", "properties": {"nom": "la Vaugelette", "importance": 5}, "geometry": {"type": "LineString", "coordinates": [[5.20162, 44.77793], [5.19872, 44.77826], [5.19562, 44.77799], [5.19469, 44.7773], [5.19304, 44.77775], [5.18925, 44.77741], [5.18323, 44.77286], [5.17821, 44.77361], [5.1749, 44.77336], [5.17166, 44.77109], [5.17151, 44.76987], [5.16938, 44.76721], [5.16471, 44.76669], [5.1614, 44.76254], [5.1573, 44.76088], [5.15446, 44.76153], [5.1522, 44.76008], [5.15063, 44.76008], [5.15015, 44.75918], [5.14831, 44.75883], [5.14854, 44.75811], [5.14516, 44.75574], [5.14076, 44.75457], [5.14019, 44.75343], [5.13491, 44.75414], [5.13354, 44.75586]]}}, {"type": "Feature", "properties": {"nom": "Ruisseau de Fonteuse", "importance": 5}, "geometry": {"type": "LineString", "coordinates": [[5.21263, 44.78491], [5.20649, 44.78522], [5.20438, 44.78665], [5.19952, 44.78614], [5.1968, 44.78773], [5.19196, 44.78825], [5.18885, 44.78964], [5.182, 44.79106], [5.17763, 44.79047], [5.173, 44.7886], [5.17091, 44.78834], [5.16897, 44.7908], [5.16768, 44.79142], [5.16217, 44.79076], [5.15952, 44.79238]]}}, {"type": "Feature", "properties": {"nom": "Ruisseau de Saint-Pierre", "importance": 5}, "geometry": {"type": "LineString", "coordinates": [[5.23625, 44.70637], [5.23861, 44.70594], [5.24335, 44.70626], [5.24803, 44.70456], [5.25058, 44.69743]]}}, {"type": "Feature", "properties": {"nom": "Ruisseau des Lots", "importance": 5}, "geometry": {"type": "LineString", "coordinates": [[5.22895, 44.76113], [5.23055, 44.75774], [5.23364, 44.75453], [5.23704, 44.75349], [5.23902, 44.75152], [5.24, 44.75233], [5.24281, 44.75264], [5.24403, 44.75361], [5.24789, 44.75343], [5.24977, 44.75433], [5.25225, 44.75367], [5.25567, 44.75384], [5.25687, 44.75478], [5.25782, 44.75377], [5.25941, 44.75364], [5.25941, 44.75225], [5.26089, 44.75193], [5.26365, 44.74925]]}}, {"type": "Feature", "properties": {"nom": "le Riousset", "importance": 5}, "geometry": {"type": "LineString", "coordinates": [[5.20546, 44.77883], [5.20603, 44.77627], [5.21159, 44.77403], [5.21495, 44.77331], [5.21746, 44.77026], [5.22151, 44.7674], [5.22168, 44.76583], [5.21999, 44.76333], [5.21979, 44.76026], [5.21825, 44.75825], [5.21886, 44.75501], [5.22018, 44.75275], [5.21833, 44.74897], [5.21468, 44.74623], [5.2159, 44.74465], [5.2138, 44.74291], [5.21299, 44.74078], [5.21105, 44.73905], [5.2112, 44.73832], [5.20938, 44.73759], [5.20836, 44.73047], [5.20908, 44.72732], [5.20658, 44.72724], [5.20632, 44.72554], [5.20448, 44.72531], [5.20377, 44.72454], [5.20226, 44.7249], [5.20236, 44.72116], [5.20113, 44.72001], [5.20173, 44.71839], [5.2008, 44.71767], [5.20195, 44.71649], [5.20153, 44.71597], [5.1976, 44.71561], [5.19885, 44.71471], [5.19802, 44.71382], [5.19766, 44.71084], [5.19621, 44.70988], [5.19662, 44.70803], [5.19589, 44.70692], [5.19752, 44.70321], [5.19693, 44.70108], [5.19526, 44.70009], [5.19627, 44.69753], [5.19463, 44.69523]]}}, {"type": "Feature", "properties": {"nom": "Ruisseau de la Nielle", "importance": 5}, "geometry": {"type": "LineString", "coordinates": [[5.21882, 44.67158], [5.21922, 44.67425], [5.2231, 44.67624], [5.2269, 44.67981], [5.23167, 44.68117], [5.23206, 44.68288], [5.23039, 44.68309], [5.2281, 44.68505], [5.22711, 44.68692]]}}, {"type": "Feature", "properties": {"nom": "le Riou", "importance": 5}, "geometry": {"type": "LineString", "coordinates": [[5.2767, 44.61704], [5.27659, 44.61372], [5.27884, 44.61084], [5.28724, 44.60896], [5.29411, 44.6064], [5.29547, 44.60717]]}}, {"type": "Feature", "properties": {"nom": "Ruisseau de P\u00e9mya", "importance": 5}, "geometry": {"type": "LineString", "coordinates": [[5.24515, 44.61034], [5.24621, 44.60743], [5.24584, 44.60647], [5.24823, 44.60256], [5.25251, 44.60124], [5.25542, 44.60156], [5.25695, 44.60007], [5.25754, 44.59632], [5.25901, 44.59384], [5.26038, 44.5933], [5.26152, 44.59185], [5.26088, 44.58759], [5.26387, 44.58156], [5.26785, 44.57939], [5.27151, 44.57871], [5.27365, 44.57679], [5.2774, 44.57692]]}}, {"type": "Feature", "properties": {"nom": "la Lance", "importance": 5}, "geometry": {"type": "LineString", "coordinates": [[5.24796, 44.53396], [5.24662, 44.53403], [5.2463, 44.53699], [5.24497, 44.53849], [5.24631, 44.54581], [5.25173, 44.54864], [5.25319, 44.55269], [5.25641, 44.55428], [5.26042, 44.55834], [5.26229, 44.55894], [5.26304, 44.56027], [5.26505, 44.56114], [5.26572, 44.56258], [5.26823, 44.5643], [5.27008, 44.56801], [5.27521, 44.57004]]}}, {"type": "Feature", "properties": {"nom": "Ruisseau de la Grenette", "importance": 5}, "geometry": {"type": "LineString", "coordinates": [[5.02222, 44.65097], [5.01647, 44.65214], [5.01191, 44.65646], [5.00884, 44.65745], [5.00584, 44.66086], [5.0071, 44.66276], [5.00475, 44.6645], [5.00321, 44.66471], [4.99961, 44.66339], [4.99565, 44.66442], [4.99502, 44.66718], [4.98744, 44.67099], [4.98694, 44.67301], [4.98538, 44.67423], [4.9798, 44.67513], [4.97997, 44.67645], [4.97861, 44.67834], [4.97614, 44.678], [4.97665, 44.67956], [4.97429, 44.67936], [4.97227, 44.67838], [4.97029, 44.67882], [4.96849, 44.67812], [4.96826, 44.67869], [4.96679, 44.67897], [4.96408, 44.67797], [4.96141, 44.67795], [4.95699, 44.6805], [4.95591, 44.68028], [4.95267, 44.68255], [4.9507, 44.68324], [4.9482, 44.68322], [4.94451, 44.68473], [4.94174, 44.68824], [4.93721, 44.69], [4.9368, 44.69162], [4.93488, 44.69178], [4.93161, 44.69761], [4.92955, 44.69899], [4.92867, 44.70348], [4.92739, 44.70461], [4.92737, 44.70699], [4.92625, 44.70812], [4.92597, 44.71476], [4.92336, 44.71782], [4.92482, 44.72355], [4.92328, 44.72514], [4.92139, 44.72581], [4.92142, 44.7282], [4.91943, 44.73174], [4.9206, 44.73351], [4.91888, 44.73585], [4.91624, 44.73765], [4.91644, 44.73971], [4.91462, 44.74527], [4.91323, 44.74818], [4.91217, 44.74889]]}}, {"type": "Feature", "properties": {"nom": "Ruisseau des Grands Chenaux", "importance": 5}, "geometry": {"type": "LineString", "coordinates": [[5.0842, 44.72654], [5.0834, 44.72226], [5.08028, 44.71706], [5.07746, 44.71514], [5.07571, 44.71495]]}}, {"type": "Feature", "properties": {"nom": "Ruisseau de l'Amandier", "importance": 5}, "geometry": {"type": "LineString", "coordinates": [[5.16889, 44.70293], [5.16782, 44.70124], [5.16846, 44.69623], [5.16735, 44.69491]]}}, {"type": "Feature", "properties": {"nom": "Ruisseau des Baches", "importance": 5}, "geometry": {"type": "LineString", "coordinates": [[5.17463, 44.78441], [5.16947, 44.78377], [5.16076, 44.77996], [5.15027, 44.78495]]}}, {"type": "Feature", "properties": {"nom": "Ruisseau de Milassoles", "importance": 5}, "geometry": {"type": "LineString", "coordinates": [[5.03767, 44.69337], [5.03956, 44.69392], [5.04076, 44.6956], [5.04403, 44.69694], [5.0478, 44.70073], [5.04748, 44.71561]]}}, {"type": "Feature", "properties": {"nom": "la Sye", "importance": 5}, "geometry": {"type": "LineString", "coordinates": [[5.10104, 44.81116], [5.09787, 44.80502], [5.09741, 44.80182], [5.09854, 44.80028], [5.09459, 44.79854], [5.09362, 44.79737], [5.08929, 44.78885], [5.08883, 44.78481], [5.08303, 44.78068], [5.08266, 44.77704], [5.08059, 44.77362], [5.08154, 44.76891], [5.08043, 44.767], [5.08062, 44.76349], [5.07912, 44.76107], [5.07769, 44.76026], [5.07634, 44.75738], [5.07539, 44.75729], [5.07439, 44.7538], [5.07289, 44.75289], [5.07328, 44.75226], [5.07177, 44.7521], [5.07141, 44.74894], [5.06998, 44.74775], [5.07065, 44.74674], [5.06842, 44.74417], [5.06848, 44.74268], [5.06761, 44.74224], [5.06823, 44.73897], [5.06955, 44.73764], [5.06879, 44.73053], [5.06813, 44.73072], [5.06714, 44.72836], [5.06485, 44.72686], [5.06468, 44.72333], [5.06193, 44.7206], [5.0622, 44.71995], [5.06069, 44.71925], [5.06045, 44.71716], [5.05918, 44.71657], [5.05813, 44.71452]]}}, {"type": "Feature", "properties": {"nom": "Ruisseau de Saint-Jean", "importance": 5}, "geometry": {"type": "LineString", "coordinates": [[5.17715, 44.71201], [5.18081, 44.71048], [5.18366, 44.70797], [5.18539, 44.70759], [5.18503, 44.70527], [5.18702, 44.70396], [5.18779, 44.70141], [5.18614, 44.69951], [5.18475, 44.6935]]}}, {"type": "Feature", "properties": {"nom": "Ruisseau de la Gardette", "importance": 5}, "geometry": {"type": "LineString", "coordinates": [[5.03151, 44.69135], [5.03359, 44.69252], [5.03388, 44.69353], [5.0333, 44.69594], [5.0322, 44.69683], [5.03242, 44.69921], [5.03145, 44.70102], [5.03347, 44.70473], [5.03348, 44.70911], [5.02717, 44.71956], [5.02776, 44.7245]]}}, {"type": "Feature", "properties": {"nom": "Ruisseau des Bois", "importance": 5}, "geometry": {"type": "LineString", "coordinates": [[5.07614, 44.68882], [5.0794, 44.69168], [5.08051, 44.69628], [5.08273, 44.69818], [5.08127, 44.70114], [5.08037, 44.7015], [5.08201, 44.7053], [5.08496, 44.70761], [5.08495, 44.7092]]}}, {"type": "Feature", "properties": {"nom": "Ruisseau des Gorces", "importance": 5}, "geometry": {"type": "LineString", "coordinates": [[5.13739, 44.66821], [5.13546, 44.66993], [5.1357, 44.67091], [5.13722, 44.67141], [5.13569, 44.67424], [5.13472, 44.67475], [5.13576, 44.6778], [5.13304, 44.68054], [5.13217, 44.6825], [5.13394, 44.68621], [5.13359, 44.68722], [5.13548, 44.69219], [5.13546, 44.6943]]}}, {"type": "Feature", "properties": {"nom": "Ruisseau de Beaufayn", "importance": 5}, "geometry": {"type": "LineString", "coordinates": [[5.35367, 44.72712], [5.35327, 44.72429], [5.35396, 44.72271], [5.35653, 44.72092], [5.35829, 44.72076], [5.3617, 44.72166], [5.36303, 44.72121], [5.36661, 44.72238], [5.37003, 44.72195], [5.37253, 44.72076], [5.3729, 44.7199], [5.37381, 44.7202], [5.37777, 44.7192], [5.38266, 44.71967], [5.38482, 44.72117], [5.38893, 44.72262], [5.3908, 44.72466], [5.39366, 44.72506]]}}, {"type": "Feature", "properties": {"nom": "Ruisseau de Raffignac", "importance": 5}, "geometry": {"type": "LineString", "coordinates": [[5.4901, 44.64739], [5.48881, 44.64968], [5.48497, 44.65136], [5.48261, 44.65399], [5.48007, 44.65424], [5.47316, 44.65711], [5.46868, 44.65726], [5.4634, 44.65646], [5.45536, 44.6603], [5.45161, 44.66392], [5.44803, 44.66412], [5.44651, 44.66367], [5.43879, 44.66637], [5.4329, 44.67201], [5.43033, 44.67844]]}}, {"type": "Feature", "properties": {"nom": "Ruisseau de Siare", "importance": 5}, "geometry": {"type": "LineString", "coordinates": [[5.31829, 44.70539], [5.31362, 44.70734], [5.31241, 44.70879], [5.30881, 44.71037], [5.30566, 44.71029], [5.29786, 44.7079], [5.29324, 44.7081], [5.29152, 44.70757], [5.28897, 44.70824], [5.28622, 44.70748], [5.2851, 44.70827], [5.28362, 44.708], [5.28119, 44.70999], [5.27629, 44.7116], [5.27539, 44.71295], [5.27233, 44.71355], [5.26993, 44.71286]]}}, {"type": "Feature", "properties": {"nom": "la Courance", "importance": 5}, "geometry": {"type": "LineString", "coordinates": [[5.20034, 44.62321], [5.20476, 44.62679], [5.20997, 44.62784], [5.21345, 44.62793], [5.21567, 44.62994], [5.22005, 44.63018], [5.2292, 44.62901], [5.23275, 44.62763], [5.23738, 44.62468], [5.24227, 44.62414], [5.24382, 44.62474], [5.24845, 44.62256], [5.25077, 44.62241], [5.25149, 44.62097], [5.25247, 44.62063], [5.25499, 44.62116], [5.25824, 44.6244], [5.26021, 44.62453], [5.26064, 44.62555], [5.26192, 44.6261], [5.26208, 44.62798], [5.26417, 44.62889], [5.26969, 44.63485], [5.27979, 44.63719], [5.28104, 44.63663], [5.28257, 44.63738], [5.28667, 44.63675], [5.28747, 44.63758], [5.28932, 44.63681], [5.2905, 44.63768]]}}, {"type": "Feature", "properties": {"nom": "le Rieu Sec", "importance": 5}, "geometry": {"type": "LineString", "coordinates": [[5.1594, 44.81994], [5.15659, 44.81953], [5.1545, 44.818], [5.14866, 44.81106], [5.15072, 44.80694], [5.15148, 44.8], [5.15085, 44.79916], [5.14639, 44.79744], [5.14613, 44.79618], [5.14489, 44.79553], [5.14481, 44.79291], [5.14364, 44.79223], [5.14582, 44.7893], [5.14631, 44.78647], [5.14805, 44.78427]]}}, {"type": "Feature", "properties": {"nom": "Ruisseau de Chardouan", "importance": 5}, "geometry": {"type": "LineString", "coordinates": [[4.8627, 44.72121], [4.86932, 44.72934], [4.87363, 44.73081], [4.87761, 44.73411], [4.87814, 44.73652], [4.88417, 44.74229], [4.88719, 44.74781], [4.88825, 44.75195]]}}, {"type": "Feature", "properties": {"nom": "la Lozi\u00e8re", "importance": 5}, "geometry": {"type": "LineString", "coordinates": [[5.06065, 44.77467], [5.05804, 44.77221], [5.05725, 44.76873], [5.05551, 44.76469], [5.05375, 44.76294], [5.05344, 44.76125], [5.0548, 44.75909], [5.05765, 44.75684], [5.05777, 44.75409], [5.05989, 44.75232], [5.06225, 44.74879], [5.06139, 44.74659], [5.06193, 44.74609], [5.05839, 44.74221], [5.05631, 44.73835], [5.05351, 44.7364], [5.05294, 44.73517], [5.04857, 44.73387], [5.04729, 44.73264], [5.04331, 44.73125], [5.04341, 44.73046], [5.04029, 44.72831], [5.04048, 44.72762], [5.03838, 44.72663], [5.03651, 44.72396], [5.03354, 44.72217]]}}, {"type": "Feature", "properties": {"nom": "Ruisseau des Brandins", "importance": 5}, "geometry": {"type": "LineString", "coordinates": [[5.14863, 44.66829], [5.1481, 44.6709], [5.14535, 44.67287], [5.14481, 44.67534], [5.14146, 44.67762], [5.13946, 44.67998], [5.13958, 44.68276], [5.14014, 44.68291], [5.13942, 44.6835], [5.139, 44.6869], [5.14002, 44.68829], [5.1391, 44.69276], [5.13688, 44.69409], [5.13293, 44.69453], [5.13063, 44.69584]]}}, {"type": "Feature", "properties": {"nom": "Cocause", "importance": 5}, "geometry": {"type": "LineString", "coordinates": [[5.39656, 44.78244], [5.39341, 44.77933], [5.385, 44.77723], [5.38228, 44.77503], [5.38175, 44.77383], [5.37837, 44.77216], [5.37617, 44.77178], [5.37247, 44.76752], [5.36719, 44.76663], [5.36446, 44.76523], [5.36209, 44.76362], [5.36005, 44.76096], [5.3553, 44.75783]]}}, {"type": "Feature", "properties": {"nom": "Ruisseau des Pendus", "importance": 5}, "geometry": {"type": "LineString", "coordinates": [[5.3955, 44.73735], [5.39217, 44.73696], [5.38925, 44.73573], [5.38618, 44.73556]]}}, {"type": "Feature", "properties": {"nom": "Canal des Moulins", "importance": 5}, "geometry": {"type": "LineString", "coordinates": [[4.93524, 44.73518], [4.93275, 44.73535], [4.92973, 44.73743], [4.92475, 44.73777], [4.92415, 44.73823], [4.92436, 44.74027], [4.91677, 44.7416], [4.91681, 44.7431], [4.9148, 44.74541], [4.91434, 44.7484]]}}, {"type": "Feature", "properties": {"nom": "Ruisseau de l'Echarene", "importance": 5}, "geometry": {"type": "LineString", "coordinates": [[5.20944, 44.70296], [5.20924, 44.69895], [5.20684, 44.6981], [5.20381, 44.69548]]}}, {"type": "Feature", "properties": {"nom": "Ravin des P\u00e9lissi\u00e8res", "importance": 5}, "geometry": {"type": "LineString", "coordinates": [[5.30919, 44.6381], [5.30722, 44.63662], [5.30249, 44.6375], [5.30071, 44.63669], [5.29862, 44.63715], [5.29659, 44.63865], [5.29159, 44.63873]]}}, {"type": "Feature", "properties": {"nom": "Ravin de l'Ostal", "importance": 5}, "geometry": {"type": "LineString", "coordinates": [[5.31285, 44.6363], [5.31104, 44.63095], [5.30835, 44.62928], [5.30644, 44.62946], [5.30467, 44.62877]]}}, {"type": "Feature", "properties": {"nom": "Ravin de Tavard", "importance": 5}, "geometry": {"type": "LineString", "coordinates": [[5.2812, 44.61868], [5.28455, 44.61796], [5.29005, 44.61855], [5.29375, 44.61829], [5.29581, 44.61724], [5.29823, 44.614]]}}, {"type": "Feature", "properties": {"nom": "Ravin des Barbiers", "importance": 5}, "geometry": {"type": "LineString", "coordinates": [[5.29343, 44.57166], [5.29114, 44.56929], [5.2866, 44.56628], [5.28381, 44.56517]]}}, {"type": "Feature", "properties": {"nom": "Ravin de Bernara", "importance": 5}, "geometry": {"type": "LineString", "coordinates": [[5.53021, 44.54133], [5.5375, 44.54822]]}}, {"type": "Feature", "properties": {"nom": "Ruisseau de Gaudune", "importance": 5}, "geometry": {"type": "LineString", "coordinates": [[5.33746, 44.65929], [5.34167, 44.65779], [5.34513, 44.65604], [5.34587, 44.65497], [5.34778, 44.65438], [5.35686, 44.65748]]}}, {"type": "Feature", "properties": {"nom": "Ruisseau de Boutifarde", "importance": 5}, "geometry": {"type": "LineString", "coordinates": [[5.33608, 44.60322], [5.3338, 44.6023], [5.32845, 44.60152], [5.32481, 44.59958], [5.31918, 44.59948], [5.31591, 44.60051], [5.31423, 44.60308]]}}, {"type": "Feature", "properties": {"nom": "Ruisseau des Fontaines", "importance": 5}, "geometry": {"type": "LineString", "coordinates": [[5.34794, 44.66475], [5.35272, 44.6639], [5.35724, 44.6609], [5.3615, 44.66103], [5.36737, 44.65875]]}}, {"type": "Feature", "properties": {"nom": "Ruisseau des P\u00e9rouses", "importance": 5}, "geometry": {"type": "LineString", "coordinates": [[5.36333, 44.82561], [5.35267, 44.82058], [5.3518, 44.81958], [5.35017, 44.81178], [5.34864, 44.80967], [5.3495, 44.806], [5.34455, 44.7996], [5.34663, 44.79334]]}}, {"type": "Feature", "properties": {"nom": "Ruisseau du Clot", "importance": 5}, "geometry": {"type": "LineString", "coordinates": [[5.42555, 44.72545], [5.42298, 44.72552], [5.41873, 44.727], [5.41773, 44.7265], [5.41459, 44.7268], [5.41219, 44.72518], [5.41204, 44.72328], [5.409, 44.7205], [5.40694, 44.72143], [5.40225, 44.72002]]}}, {"type": "Feature", "properties": {"nom": "Ruisseau de Valcroissant", "importance": 5}, "geometry": {"type": "LineString", "coordinates": [[5.4586, 44.74818], [5.4525, 44.74849], [5.44729, 44.7495], [5.43777, 44.74615], [5.42694, 44.74485], [5.42609, 44.74267], [5.42469, 44.74147], [5.42259, 44.74138], [5.42066, 44.74213], [5.41852, 44.74054], [5.41406, 44.74028], [5.40904, 44.73814], [5.40749, 44.73576], [5.40033, 44.73131], [5.39213, 44.72768]]}}, {"type": "Feature", "properties": {"nom": "Ruisseau de Ginayes", "importance": 5}, "geometry": {"type": "LineString", "coordinates": [[5.41931, 44.74856], [5.42112, 44.75292], [5.42029, 44.75648], [5.41727, 44.7598], [5.41816, 44.76299], [5.41732, 44.76496], [5.418, 44.76653], [5.41756, 44.76864], [5.41678, 44.76996], [5.41147, 44.77328]]}}, {"type": "Feature", "properties": {"nom": "Ruisseau du Chossa", "importance": 5}, "geometry": {"type": "LineString", "coordinates": [[5.45921, 44.7325], [5.44985, 44.73011], [5.44665, 44.7302], [5.44411, 44.73132], [5.44207, 44.73058], [5.44135, 44.72781], [5.44388, 44.72301], [5.44397, 44.72164], [5.4429, 44.7208]]}}, {"type": "Feature", "properties": {"nom": "Ruisseau d'Aiguebelle", "importance": 5}, "geometry": {"type": "LineString", "coordinates": [[5.59607, 44.57029], [5.59443, 44.57206], [5.59458, 44.57714], [5.59345, 44.57801], [5.59237, 44.58275], [5.5905, 44.58613], [5.58733, 44.58835]]}}, {"type": "Feature", "properties": {"nom": "Ruisseau de Balastier", "importance": 5}, "geometry": {"type": "LineString", "coordinates": [[4.89726, 44.69518], [4.89828, 44.69789], [4.8996, 44.69891], [4.89963, 44.70171], [4.90078, 44.70287], [4.90375, 44.70303], [4.90664, 44.70685], [4.90948, 44.70782], [4.91123, 44.70956], [4.9141, 44.71012], [4.9163, 44.70942]]}}, {"type": "Feature", "properties": {"nom": "Ruisseau de la Motte", "importance": 5}, "geometry": {"type": "LineString", "coordinates": [[4.85786, 44.73486], [4.85997, 44.73764], [4.86222, 44.73875], [4.8671, 44.73987], [4.87096, 44.74339], [4.87225, 44.75491]]}}, {"type": "Feature", "properties": {"nom": "Ruisseau de la Gardette", "importance": 5}, "geometry": {"type": "LineString", "coordinates": [[4.84893, 44.73359], [4.85085, 44.73665], [4.85141, 44.74019], [4.85048, 44.74283], [4.8516, 44.74663], [4.84833, 44.75333], [4.85067, 44.7577], [4.85055, 44.75886]]}}, {"type": "Feature", "properties": {"nom": "Ruisseau des Ponchottes", "importance": 5}, "geometry": {"type": "LineString", "coordinates": [[4.89649, 44.73316], [4.89907, 44.73682], [4.89812, 44.73883], [4.89936, 44.7431], [4.89815, 44.74523], [4.89489, 44.74594]]}}, {"type": "Feature", "properties": {"nom": "le Filan", "importance": 5}, "geometry": {"type": "LineString", "coordinates": [[4.9044, 44.68106], [4.90065, 44.68238], [4.89988, 44.68476], [4.90339, 44.68953], [4.90796, 44.69318], [4.90826, 44.69757], [4.91039, 44.69998], [4.91148, 44.70516], [4.91732, 44.71003], [4.91822, 44.71208], [4.91927, 44.71265], [4.92102, 44.71249], [4.92595, 44.71451]]}}, {"type": "Feature", "properties": {"nom": "Ruisseau de Maucol", "importance": 5}, "geometry": {"type": "LineString", "coordinates": [[4.98644, 44.64277], [4.98576, 44.65021], [4.98822, 44.65956], [4.99217, 44.66272], [4.99398, 44.66301], [4.99524, 44.66521]]}}, {"type": "Feature", "properties": {"nom": "Ruisseau de Colombet", "importance": 5}, "geometry": {"type": "LineString", "coordinates": [[4.95319, 44.66146], [4.9532, 44.66333], [4.95078, 44.66646], [4.95076, 44.67119], [4.94882, 44.67286], [4.94314, 44.6752], [4.943, 44.67649], [4.9414, 44.67778], [4.94102, 44.68006], [4.93732, 44.68247], [4.93693, 44.68627], [4.93779, 44.68895], [4.93876, 44.6893]]}}, {"type": "Feature", "properties": {"nom": "Ruisseau des Limites", "importance": 5}, "geometry": {"type": "LineString", "coordinates": [[5.06712, 44.69053], [5.06641, 44.69208], [5.06785, 44.69325], [5.06798, 44.69461], [5.06932, 44.6954], [5.06921, 44.69691], [5.07049, 44.69759], [5.0708, 44.69872], [5.06932, 44.7021], [5.06832, 44.71204], [5.06183, 44.71134], [5.06115, 44.7117]]}}, {"type": "Feature", "properties": {"nom": "Ruisseau de Costadon", "importance": 5}, "geometry": {"type": "LineString", "coordinates": [[5.0331, 44.748], [5.03032, 44.74772], [5.0286, 44.74821], [5.02446, 44.75096], [5.0234, 44.75248], [5.01919, 44.75334], [5.01121, 44.74991]]}}, {"type": "Feature", "properties": {"nom": "Ruisseau de Saint-Ferr\u00e9ol", "importance": 5}, "geometry": {"type": "LineString", "coordinates": [[5.02613, 44.70295], [5.02861, 44.70647], [5.02881, 44.70795], [5.02742, 44.71299], [5.02563, 44.71533], [5.02615, 44.71956]]}}, {"type": "Feature", "properties": {"nom": "Ruisseau de Chanterenard", "importance": 5}, "geometry": {"type": "LineString", "coordinates": [[5.04243, 44.75437], [5.04287, 44.74937], [5.04418, 44.74645], [5.04227, 44.74184], [5.04311, 44.73889], [5.04042, 44.73323], [5.04141, 44.73068], [5.04091, 44.72858]]}}, {"type": "Feature", "properties": {"nom": "Ruisseau de Combe Noire", "importance": 5}, "geometry": {"type": "LineString", "coordinates": [[5.12693, 44.81551], [5.12874, 44.80911], [5.12788, 44.80442], [5.12871, 44.80304], [5.13049, 44.8022], [5.13407, 44.79809], [5.14048, 44.79449], [5.14277, 44.79147], [5.14399, 44.79129]]}}, {"type": "Feature", "properties": {"nom": "Ruisseau de Fouillouse", "importance": 5}, "geometry": {"type": "LineString", "coordinates": [[5.19815, 44.65384], [5.19963, 44.65612], [5.20416, 44.6588], [5.20431, 44.66075], [5.20642, 44.66323], [5.20576, 44.66627]]}}, {"type": "Feature", "properties": {"nom": "Ruisseau des Baumes", "importance": 5}, "geometry": {"type": "LineString", "coordinates": [[5.23935, 44.65793], [5.2373, 44.65554], [5.23353, 44.65394], [5.2298, 44.65425], [5.22469, 44.65618]]}}, {"type": "Feature", "properties": {"nom": "Ruisseau de l'Escurel", "importance": 5}, "geometry": {"type": "LineString", "coordinates": [[5.1284, 44.72494], [5.12776, 44.72091], [5.12927, 44.71923], [5.12942, 44.71319]]}}, {"type": "Feature", "properties": {"nom": "Ruisseau des Auberts", "importance": 5}, "geometry": {"type": "LineString", "coordinates": [[5.18995, 44.6579], [5.19518, 44.66278], [5.19799, 44.66346], [5.19987, 44.66472], [5.20491, 44.66584], [5.20533, 44.66641]]}}, {"type": "Feature", "properties": {"nom": "Torrent des Novines", "importance": 5}, "geometry": {"type": "LineString", "coordinates": [[5.16345, 44.74954], [5.1595, 44.74811], [5.15536, 44.74756], [5.14922, 44.7503], [5.14607, 44.75046], [5.14417, 44.75213], [5.14019, 44.75343]]}}, {"type": "Feature", "properties": {"nom": "Ruisseau des Bellieux", "importance": 5}, "geometry": {"type": "LineString", "coordinates": [[5.20728, 44.64627], [5.20759, 44.64781], [5.21096, 44.65049], [5.21001, 44.65219], [5.2104, 44.65398], [5.20957, 44.65546], [5.21013, 44.65637], [5.20934, 44.66038], [5.21223, 44.6642]]}}, {"type": "Feature", "properties": {"nom": "Ruisseau de Rourebel", "importance": 5}, "geometry": {"type": "LineString", "coordinates": [[5.2275, 44.71399], [5.22483, 44.71294], [5.22432, 44.71161], [5.22212, 44.71063], [5.22126, 44.70646], [5.21957, 44.70393], [5.22084, 44.69316], [5.21949, 44.69198], [5.219, 44.69008]]}}, {"type": "Feature", "properties": {"nom": "Ruisseau de la Morouse", "importance": 5}, "geometry": {"type": "LineString", "coordinates": [[5.20388, 44.77242], [5.20226, 44.76766], [5.19893, 44.76763], [5.19762, 44.76646], [5.19548, 44.76634], [5.19406, 44.76734], [5.19159, 44.7674], [5.1888, 44.76869], [5.18614, 44.76848], [5.1835, 44.77005], [5.18007, 44.76792], [5.18021, 44.76561]]}}, {"type": "Feature", "properties": {"nom": "Ruisseau des Frayssin\u00e9s", "importance": 5}, "geometry": {"type": "LineString", "coordinates": [[5.25074, 44.71797], [5.2558, 44.716], [5.26171, 44.71583], [5.26468, 44.71487]]}}, {"type": "Feature", "properties": {"nom": "Torrent de Payanne", "importance": 5}, "geometry": {"type": "LineString", "coordinates": [[5.3295, 44.82657], [5.32623, 44.81593], [5.32452, 44.81363], [5.32442, 44.81141], [5.32244, 44.80897], [5.32249, 44.80699], [5.32338, 44.80609], [5.32204, 44.80159]]}}, {"type": "Feature", "properties": {"nom": "Ruisseau de Tr\u00e9bou", "importance": 5}, "geometry": {"type": "LineString", "coordinates": [[5.31029, 44.50565], [5.30756, 44.50771], [5.30366, 44.50851], [5.30006, 44.51169], [5.29959, 44.51408], [5.30074, 44.51558], [5.29919, 44.51851], [5.29804, 44.51944], [5.29437, 44.52012], [5.29249, 44.52162], [5.29225, 44.52522], [5.28956, 44.52774], [5.28791, 44.53253], [5.28286, 44.53523]]}}, {"type": "Feature", "properties": {"nom": "Ruisseau de Betton", "importance": 5}, "geometry": {"type": "LineString", "coordinates": [[5.24881, 44.64098], [5.24949, 44.64353], [5.24869, 44.64616], [5.24918, 44.6503], [5.25352, 44.65173], [5.25675, 44.65358], [5.25835, 44.65376], [5.25996, 44.65506], [5.26785, 44.6567], [5.26828, 44.658], [5.26736, 44.65966], [5.26799, 44.6608], [5.27083, 44.66252], [5.27169, 44.66281], [5.27251, 44.66219], [5.27621, 44.66174], [5.27755, 44.66207]]}}, {"type": "Feature", "properties": {"nom": "Ruisseau Cristin", "importance": 5}, "geometry": {"type": "LineString", "coordinates": [[5.31921, 44.67546], [5.31433, 44.6744], [5.31119, 44.67533], [5.3062, 44.67549], [5.29922, 44.67907], [5.29804, 44.68027], [5.29763, 44.68405], [5.29479, 44.69066], [5.29461, 44.69282]]}}, {"type": "Feature", "properties": {"nom": "Ruisseau des Barati\u00e8res", "importance": 5}, "geometry": {"type": "LineString", "coordinates": [[5.30432, 44.72852], [5.30231, 44.7298], [5.30003, 44.72995], [5.29756, 44.72863], [5.28992, 44.72794], [5.28863, 44.72749], [5.28717, 44.72467], [5.28492, 44.72467]]}}, {"type": "Feature", "properties": {"nom": "Ruisseau du Soulier", "importance": 5}, "geometry": {"type": "LineString", "coordinates": [[5.29744, 44.7429], [5.29941, 44.74092], [5.29995, 44.73924], [5.29634, 44.73668], [5.29115, 44.7313]]}}, {"type": "Feature", "properties": {"nom": "Ruisseau de Combal-Louis", "importance": 5}, "geometry": {"type": "LineString", "coordinates": [[5.42681, 44.71848], [5.42503, 44.71643], [5.42327, 44.71599], [5.42176, 44.7144], [5.41473, 44.71228], [5.41306, 44.71029], [5.41337, 44.70972]]}}, {"type": "Feature", "properties": {"nom": "Ruisseau de Marignac", "importance": 5}, "geometry": {"type": "LineString", "coordinates": [[5.29316, 44.81447], [5.29765, 44.81492], [5.30362, 44.81437], [5.30653, 44.81047], [5.3084, 44.81008], [5.31212, 44.80713], [5.31816, 44.80463], [5.3207, 44.80219], [5.32559, 44.80057], [5.32652, 44.80079], [5.33213, 44.79634], [5.34679, 44.79328], [5.3498, 44.79056], [5.35091, 44.7892], [5.34992, 44.78759], [5.35176, 44.78135], [5.35043, 44.77822], [5.3489, 44.77732], [5.34825, 44.77479], [5.33492, 44.76632]]}}, {"type": "Feature", "properties": {"nom": "Ruisseau de l'Infernet", "importance": 5}, "geometry": {"type": "LineString", "coordinates": [[5.30354, 44.90354], [5.30076, 44.8985], [5.30177, 44.89642], [5.30085, 44.89127], [5.30162, 44.8882], [5.30015, 44.88564], [5.3005, 44.88223], [5.29969, 44.87802], [5.29717, 44.87372], [5.29825, 44.87192], [5.29788, 44.86589], [5.2992, 44.86238], [5.29895, 44.85834]]}}, {"type": "Feature", "properties": {"nom": "Ruisseau de Bergu", "importance": 5}, "geometry": {"type": "LineString", "coordinates": [[5.39403, 44.78621], [5.39457, 44.78835], [5.39394, 44.79157], [5.3921, 44.792], [5.38689, 44.79505], [5.38326, 44.79548]]}}, {"type": "Feature", "properties": {"nom": "Ruisseau du Mas", "importance": 5}, "geometry": {"type": "LineString", "coordinates": [[5.38503, 44.65077], [5.38583, 44.65204], [5.38891, 44.65335], [5.39004, 44.65491], [5.39075, 44.6599]]}}, {"type": "Feature", "properties": {"nom": "Ruisseau du Lavoir", "importance": 5}, "geometry": {"type": "LineString", "coordinates": [[5.37031, 44.53968], [5.36778, 44.54035], [5.3662, 44.54381], [5.36273, 44.54741], [5.35396, 44.55228], [5.34804, 44.54979], [5.34419, 44.5466], [5.33972, 44.54417], [5.33616, 44.54317], [5.33352, 44.54349], [5.33269, 44.54272], [5.32671, 44.54208], [5.32193, 44.54341], [5.32081, 44.54425]]}}, {"type": "Feature", "properties": {"nom": "Ruisseau des Chanalettes", "importance": 5}, "geometry": {"type": "LineString", "coordinates": [[5.34707, 44.66561], [5.34807, 44.66644], [5.34813, 44.66774], [5.35003, 44.66931], [5.34988, 44.67066], [5.35112, 44.67239], [5.35223, 44.67274]]}}, {"type": "Feature", "properties": {"nom": "Ruisseau des Combes", "importance": 5}, "geometry": {"type": "LineString", "coordinates": [[5.40162, 44.64618], [5.4033, 44.64668], [5.40571, 44.64855], [5.40859, 44.64908], [5.41069, 44.65015], [5.412, 44.65308], [5.41161, 44.65496]]}}, {"type": "Feature", "properties": {"nom": "Ruisseau de Bourdiole", "importance": 5}, "geometry": {"type": "LineString", "coordinates": [[5.38909, 44.53829], [5.38941, 44.54133], [5.39159, 44.54433], [5.39461, 44.54653], [5.39493, 44.54848], [5.39763, 44.55005], [5.39891, 44.55387], [5.40377, 44.55553], [5.4062, 44.55853], [5.40619, 44.55996], [5.40702, 44.5601], [5.40843, 44.56424], [5.40864, 44.5686], [5.40801, 44.56985], [5.40924, 44.5719], [5.40929, 44.57406], [5.41043, 44.57479], [5.4104, 44.57635], [5.41122, 44.57711], [5.40957, 44.57906], [5.4097, 44.58349], [5.41321, 44.58602], [5.41303, 44.58716]]}}, {"type": "Feature", "properties": {"nom": "la Barnavette", "importance": 5}, "geometry": {"type": "LineString", "coordinates": [[5.3329, 44.64847], [5.3392, 44.64874], [5.34394, 44.6505], [5.34528, 44.65046], [5.34877, 44.65244], [5.34932, 44.65354], [5.35102, 44.65387], [5.35291, 44.65516], [5.35509, 44.65526], [5.35686, 44.65748], [5.35804, 44.65797], [5.3617, 44.65834], [5.36467, 44.65764], [5.36832, 44.6588], [5.36999, 44.65783], [5.3727, 44.65878], [5.37391, 44.66021], [5.37741, 44.66133], [5.37898, 44.66112], [5.38076, 44.6624], [5.38256, 44.66285], [5.38523, 44.66248], [5.38638, 44.66317], [5.38958, 44.66337]]}}, {"type": "Feature", "properties": {"nom": "Ruisseau de Malapez", "importance": 5}, "geometry": {"type": "LineString", "coordinates": [[5.44697, 44.56496], [5.44693, 44.56495]]}}, {"type": "Feature", "properties": {"nom": "Ruisseau de Mian", "importance": 5}, "geometry": {"type": "LineString", "coordinates": [[5.50792, 44.64932], [5.50435, 44.65005], [5.49862, 44.65286], [5.49637, 44.65626], [5.49294, 44.65871], [5.49194, 44.66108], [5.48992, 44.66184], [5.48796, 44.66714], [5.48639, 44.66867], [5.48413, 44.66955], [5.48398, 44.67152]]}}, {"type": "Feature", "properties": {"nom": "Ruisseau de Plainie", "importance": 5}, "geometry": {"type": "LineString", "coordinates": [[5.60105, 44.7309], [5.59814, 44.72938], [5.59586, 44.72888], [5.59473, 44.72924], [5.59281, 44.72671], [5.59268, 44.72544], [5.59132, 44.72401], [5.59116, 44.72219], [5.59211, 44.72092], [5.59085, 44.71663]]}}, {"type": "Feature", "properties": {"nom": "B\u00e9al de Pi\u00e9 Mottet", "importance": 5}, "geometry": {"type": "LineString", "coordinates": [[5.54171, 44.4876], [5.54306, 44.48991], [5.54337, 44.4956], [5.54584, 44.4989], [5.54833, 44.5006], [5.54871, 44.50196]]}}, {"type": "Feature", "properties": {"nom": "Ruisseau de Br\u00e9z\u00e8s", "importance": 5}, "geometry": {"type": "LineString", "coordinates": [[5.52377, 44.51754], [5.52776, 44.51571], [5.53388, 44.51507], [5.53724, 44.51532], [5.54028, 44.51692], [5.54295, 44.51727], [5.54965, 44.51479], [5.5518, 44.51273], [5.55998, 44.50916], [5.56533, 44.50482]]}}, {"type": "Feature", "properties": {"nom": "Ruisseau de Chauranne", "importance": 5}, "geometry": {"type": "LineString", "coordinates": [[5.59782, 44.54865], [5.58844, 44.55193], [5.58684, 44.55478], [5.58426, 44.5565], [5.58503, 44.5589], [5.5846, 44.56029], [5.57436, 44.56444], [5.5717, 44.56491], [5.56366, 44.56938], [5.55983, 44.57022], [5.55784, 44.5698]]}}, {"type": "Feature", "properties": {"nom": "Ruisseau de la Doux", "importance": 5}, "geometry": {"type": "LineString", "coordinates": [[5.60459, 44.46721], [5.6015, 44.46843], [5.60011, 44.46974], [5.59896, 44.47408], [5.59752, 44.4763], [5.59799, 44.47935], [5.59615, 44.48304], [5.5944, 44.49163], [5.59246, 44.4934], [5.58926, 44.49488], [5.58824, 44.49708], [5.58392, 44.50137]]}}, {"type": "Feature", "properties": {"nom": "B\u00e9al de Guigouman", "importance": 5}, "geometry": {"type": "LineString", "coordinates": [[5.59515, 44.47072], [5.59333, 44.47708], [5.58962, 44.48119], [5.5896, 44.48438], [5.59206, 44.48653], [5.59238, 44.48802], [5.59538, 44.48795]]}}, {"type": "Feature", "properties": {"nom": "Ruisseau du Ronchet", "importance": 5}, "geometry": {"type": "LineString", "coordinates": [[5.61426, 44.47421], [5.61114, 44.47806], [5.60911, 44.48264], [5.60901, 44.48759], [5.60376, 44.491], [5.5981, 44.49366], [5.59668, 44.4968], [5.5926, 44.49891], [5.58931, 44.50185]]}}, {"type": "Feature", "properties": {"nom": "Ruisseau de Clot Long", "importance": 5}, "geometry": {"type": "LineString", "coordinates": [[5.61873, 44.53194], [5.61668, 44.53151], [5.61173, 44.52777], [5.60989, 44.52428], [5.60768, 44.52269], [5.60545, 44.51605], [5.60609, 44.51455], [5.60564, 44.51368]]}}, {"type": "Feature", "properties": {"nom": "Rio Sourd", "importance": 5}, "geometry": {"type": "LineString", "coordinates": [[5.55928, 44.71158], [5.56331, 44.70807], [5.56491, 44.70369], [5.56711, 44.70153], [5.56652, 44.69951], [5.56439, 44.69683], [5.56573, 44.68969], [5.56964, 44.68557], [5.57274, 44.68412], [5.57347, 44.68301]]}}, {"type": "Feature", "properties": {"nom": "Ruisseau des Ayes", "importance": 5}, "geometry": {"type": "LineString", "coordinates": [[5.62491, 44.59491], [5.62245, 44.59413], [5.62115, 44.59282], [5.61697, 44.59154], [5.61399, 44.59138], [5.60843, 44.59256], [5.60171, 44.59226]]}}, {"type": "Feature", "properties": {"nom": "Ruisseau de Grimone", "importance": 5}, "geometry": {"type": "LineString", "coordinates": [[5.65101, 44.6925], [5.64822, 44.6935], [5.64645, 44.69568], [5.64453, 44.69633], [5.63756, 44.6958], [5.63483, 44.69455], [5.63177, 44.69526], [5.62999, 44.69416], [5.62548, 44.69531], [5.62332, 44.69447], [5.61918, 44.69615], [5.61646, 44.69588], [5.61417, 44.69551], [5.61059, 44.69393], [5.60252, 44.69291], [5.60104, 44.69205], [5.59947, 44.69225], [5.59908, 44.69135], [5.59676, 44.69002], [5.59687, 44.68853], [5.59451, 44.68473], [5.59482, 44.68402]]}}, {"type": "Feature", "properties": {"nom": "le Rays", "importance": 5}, "geometry": {"type": "LineString", "coordinates": [[5.45433, 44.7765], [5.45177, 44.77676], [5.44576, 44.77588], [5.43947, 44.7744], [5.43695, 44.77286], [5.42917, 44.77155], [5.42811, 44.77313], [5.42489, 44.77514], [5.42105, 44.77464], [5.41879, 44.77373], [5.41361, 44.77407], [5.40981, 44.77277], [5.4029, 44.77338]]}}, {"type": "Feature", "properties": {"nom": "la Bine", "importance": 5}, "geometry": {"type": "LineString", "coordinates": [[5.20179, 44.63174], [5.20186, 44.63138]]}}, {"type": "Feature", "properties": {"nom": "Ruisseau de Barry", "importance": 5}, "geometry": {"type": "LineString", "coordinates": [[5.24104, 44.72715], [5.2431, 44.72682], [5.24855, 44.72757], [5.25938, 44.72482], [5.26836, 44.7248]]}}, {"type": "Feature", "properties": {"nom": "Riou de Merdarel", "importance": 5}, "geometry": {"type": "LineString", "coordinates": [[5.28732, 44.70129], [5.28828, 44.69974], [5.28659, 44.69869], [5.28427, 44.69818], [5.27964, 44.69843], [5.27733, 44.69745], [5.27397, 44.69714], [5.269, 44.69496]]}}, {"type": "Feature", "properties": {"nom": "Ruisseau de Pas Lovas", "importance": 5}, "geometry": {"type": "LineString", "coordinates": [[5.31562, 44.74572], [5.31298, 44.74335], [5.30932, 44.74164], [5.30715, 44.74132], [5.30696, 44.74032], [5.30489, 44.73886], [5.30226, 44.73788], [5.29862, 44.7338], [5.29363, 44.7325], [5.29217, 44.73125], [5.28335, 44.73011], [5.28213, 44.72937], [5.27863, 44.73023], [5.27451, 44.7304]]}}, {"type": "Feature", "properties": {"nom": "Ruisseau de Riaille", "importance": 5}, "geometry": {"type": "LineString", "coordinates": [[4.98931, 44.78554], [4.98048, 44.78452], [4.97653, 44.78593], [4.97477, 44.78561], [4.97115, 44.78278], [4.96933, 44.77906], [4.96733, 44.77748], [4.96374, 44.77645], [4.96, 44.77621], [4.95274, 44.77156], [4.94858, 44.76313], [4.94093, 44.75227], [4.93687, 44.74358], [4.93347, 44.74442], [4.93144, 44.74428]]}}, {"type": "Feature", "properties": {"nom": "Ruisseau du Tuile", "importance": 5}, "geometry": {"type": "LineString", "coordinates": [[5.57436, 44.57514], [5.57458, 44.5728], [5.57282, 44.56984], [5.57125, 44.56777], [5.56893, 44.56652]]}}, {"type": "Feature", "properties": {"nom": "Ruisseau de Borne", "importance": 5}, "geometry": {"type": "LineString", "coordinates": [[5.62333, 44.74215], [5.62547, 44.74094], [5.62627, 44.73596], [5.62377, 44.73111], [5.62235, 44.72976], [5.62047, 44.72334], [5.61758, 44.72028], [5.61618, 44.71985], [5.61123, 44.72056], [5.61005, 44.72146], [5.60822, 44.72029], [5.60375, 44.71898], [5.59545, 44.71909], [5.59176, 44.71745], [5.58753, 44.71357], [5.58743, 44.71262], [5.58659, 44.71228], [5.58627, 44.70968], [5.58471, 44.7083], [5.58558, 44.70568], [5.58487, 44.70448], [5.58706, 44.70254], [5.58719, 44.6985], [5.58412, 44.69563], [5.58199, 44.69076], [5.57955, 44.68995], [5.57927, 44.68873], [5.57835, 44.68861]]}}, {"type": "Feature", "properties": {"nom": "Ravin des Mines", "importance": 5}, "geometry": {"type": "LineString", "coordinates": [[5.29689, 44.5967], [5.29045, 44.59645], [5.28344, 44.5985]]}}, {"type": "Feature", "properties": {"nom": "Ravin de la Lauze", "importance": 5}, "geometry": {"type": "LineString", "coordinates": [[5.53111, 44.54744], [5.53339, 44.54853], [5.53726, 44.54855]]}}, {"type": "Feature", "properties": {"nom": "Ruisseau des Mules", "importance": 5}, "geometry": {"type": "LineString", "coordinates": [[5.41167, 44.63077], [5.4129, 44.63015], [5.41513, 44.63013], [5.41856, 44.63281], [5.41858, 44.63491], [5.42634, 44.63721], [5.4266, 44.64302]]}}, {"type": "Feature", "properties": {"nom": "Ruisseau de Blanchon", "importance": 5}, "geometry": {"type": "LineString", "coordinates": [[5.50851, 44.6411], [5.50304, 44.64077], [5.50026, 44.64175], [5.49723, 44.64185], [5.49486, 44.64324], [5.48816, 44.64388], [5.48259, 44.64186], [5.48147, 44.63906], [5.47722, 44.63917], [5.47555, 44.64017], [5.47365, 44.63987], [5.4695, 44.64165], [5.46888, 44.64285], [5.46678, 44.6436], [5.46227, 44.65063], [5.45876, 44.65177], [5.45192, 44.65185], [5.44917, 44.64943], [5.44602, 44.64843], [5.44122, 44.64948], [5.43309, 44.64969], [5.42954, 44.65033], [5.42374, 44.6503], [5.42243, 44.64959]]}}, {"type": "Feature", "properties": {"nom": "Ruisseau de Saint-Sauveur", "importance": 5}, "geometry": {"type": "LineString", "coordinates": [[5.15227, 44.66668], [5.15232, 44.66861], [5.1547, 44.67115], [5.1552, 44.67291], [5.15414, 44.67463], [5.15261, 44.67535], [5.15227, 44.68189], [5.15301, 44.68398], [5.15624, 44.68659], [5.15697, 44.68832], [5.15448, 44.69223], [5.15611, 44.69435], [5.15543, 44.69621], [5.15261, 44.69716]]}}, {"type": "Feature", "properties": {"nom": "Ruisseau de Merdaris", "importance": 5}, "geometry": {"type": "LineString", "coordinates": [[4.88711, 44.72393], [4.88892, 44.72549], [4.89095, 44.72918], [4.89093, 44.73576], [4.88806, 44.73694], [4.88899, 44.74136], [4.89143, 44.74398], [4.89055, 44.7458]]}}, {"type": "Feature", "properties": {"nom": "Ruisseau de Fr\u00e9d\u00e9ret", "importance": 5}, "geometry": {"type": "LineString", "coordinates": [[5.32108, 44.73576], [5.31992, 44.7343], [5.3174, 44.73298], [5.30963, 44.73072], [5.30859, 44.73091], [5.30644, 44.73284], [5.29862, 44.7338]]}}, {"type": "Feature", "properties": {"nom": "Ruisseau du Villard", "importance": 5}, "geometry": {"type": "LineString", "coordinates": [[5.60879, 44.53214], [5.60468, 44.52935], [5.6042, 44.52835], [5.60159, 44.52768], [5.59865, 44.52421], [5.59673, 44.52343], [5.593, 44.5173], [5.59076, 44.51584], [5.59012, 44.51383], [5.58619, 44.51009], [5.58426, 44.5089], [5.58036, 44.50848], [5.57679, 44.50491]]}}, {"type": "Feature", "properties": {"nom": "Ruisseau du Vabre", "importance": 5}, "geometry": {"type": "LineString", "coordinates": [[5.59178, 44.60765], [5.58736, 44.61115], [5.58672, 44.61354], [5.58234, 44.61609], [5.58165, 44.61738], [5.58099, 44.6198], [5.58259, 44.621], [5.58269, 44.62195], [5.57936, 44.62938], [5.5804, 44.63104], [5.58045, 44.63374]]}}, {"type": "Feature", "properties": {"nom": "Ruisseau de Chamard", "importance": 5}, "geometry": {"type": "LineString", "coordinates": [[5.09552, 44.76331], [5.09262, 44.7607], [5.0905, 44.76008], [5.09025, 44.7592], [5.09203, 44.75511], [5.09422, 44.75279], [5.09402, 44.7514], [5.09558, 44.74912], [5.09543, 44.74757], [5.0962, 44.74704], [5.0968, 44.74419], [5.09596, 44.74228], [5.09854, 44.741], [5.09914, 44.73931], [5.09988, 44.73926], [5.09976, 44.73768], [5.10035, 44.73783], [5.10114, 44.73652], [5.09956, 44.73405], [5.1006, 44.73352], [5.10042, 44.73195], [5.10257, 44.73054], [5.10196, 44.72927]]}}, {"type": "Feature", "properties": {"nom": "Riou de la Cuill\u00e8re", "importance": 5}, "geometry": {"type": "LineString", "coordinates": [[5.21756, 44.72509], [5.21864, 44.7225], [5.21623, 44.7202], [5.21263, 44.72224], [5.20806, 44.72366], [5.20668, 44.72477], [5.20466, 44.72407], [5.20381, 44.72456]]}}, {"type": "Feature", "properties": {"nom": "Ruisseau du Labeau", "importance": 5}, "geometry": {"type": "LineString", "coordinates": [[5.31838, 44.72675], [5.3148, 44.72693], [5.31118, 44.72432], [5.30769, 44.72303], [5.30339, 44.72229], [5.30172, 44.72289], [5.2988, 44.72182]]}}, {"type": "Feature", "properties": {"nom": "Ravin de Martrou", "importance": 5}, "geometry": {"type": "LineString", "coordinates": [[5.40713, 44.62661], [5.41049, 44.62605], [5.41735, 44.62846], [5.42103, 44.62791], [5.42656, 44.63017], [5.42575, 44.63336], [5.42715, 44.63526], [5.42608, 44.63717]]}}, {"type": "Feature", "properties": {"nom": "Ruisseau de la Boirette", "importance": 5}, "geometry": {"type": "LineString", "coordinates": [[5.63152, 44.71479], [5.62845, 44.71201], [5.62381, 44.71093], [5.62126, 44.70962], [5.62057, 44.70622], [5.61785, 44.70296], [5.61834, 44.70175], [5.61735, 44.70087], [5.61637, 44.69586]]}}, {"type": "Feature", "properties": {"nom": "Ruisseau de Combau", "importance": 5}, "geometry": {"type": "LineString", "coordinates": [[5.5676, 44.77923], [5.57124, 44.77863], [5.57329, 44.7765], [5.57362, 44.77293], [5.57179, 44.76936], [5.57015, 44.76859], [5.56788, 44.76586], [5.56625, 44.76564], [5.56039, 44.76211], [5.55867, 44.75931], [5.55919, 44.75515], [5.55832, 44.75405], [5.55544, 44.75295], [5.54517, 44.75314], [5.54341, 44.75239], [5.54235, 44.75045], [5.54344, 44.74686], [5.54487, 44.74574], [5.5452, 44.74323], [5.54699, 44.74179], [5.54935, 44.73744], [5.54965, 44.73585], [5.54878, 44.73355], [5.55012, 44.73159], [5.54932, 44.73064], [5.54996, 44.72949], [5.54789, 44.72521], [5.54644, 44.72394], [5.54347, 44.72326], [5.54115, 44.72172], [5.53737, 44.7211], [5.53252, 44.71547], [5.52973, 44.71524], [5.52867, 44.71461]]}}, {"type": "Feature", "properties": {"nom": "Ravin du Buchiller", "importance": 5}, "geometry": {"type": "LineString", "coordinates": [[5.33054, 44.88078], [5.33008, 44.87877], [5.33095, 44.87768], [5.33061, 44.87659], [5.33182, 44.87526], [5.33033, 44.87228], [5.32911, 44.87182], [5.32029, 44.86319], [5.31817, 44.85971], [5.31098, 44.85629], [5.30956, 44.85373], [5.30635, 44.85332], [5.30235, 44.851]]}}, {"type": "Feature", "properties": {"nom": "la Chaumette", "importance": 5}, "geometry": {"type": "LineString", "coordinates": [[5.27636, 44.81363], [5.27555, 44.811], [5.27266, 44.80936], [5.26626, 44.80745], [5.26178, 44.80797]]}}, {"type": "Feature", "properties": {"nom": "Ruisseau de Colombe", "importance": 5}, "geometry": {"type": "LineString", "coordinates": [[5.34924, 44.69792], [5.34602, 44.69877], [5.34418, 44.69994], [5.34014, 44.69957], [5.33582, 44.70128], [5.33005, 44.70091], [5.3259, 44.6983], [5.31752, 44.69614], [5.31667, 44.69546], [5.31077, 44.69659], [5.30735, 44.69558], [5.30397, 44.69577], [5.30079, 44.69513], [5.29782, 44.69265], [5.29177, 44.69281], [5.28619, 44.69386], [5.28405, 44.69256], [5.27789, 44.69187], [5.27126, 44.69497], [5.26711, 44.6951], [5.26439, 44.69422], [5.26064, 44.69474]]}}, {"type": "Feature", "properties": {"nom": "le Grand Valat de Sauset", "importance": 5}, "geometry": {"type": "LineString", "coordinates": [[5.32886, 44.66698], [5.3266, 44.66865], [5.32139, 44.66736], [5.31274, 44.65984], [5.30695, 44.65713], [5.30158, 44.6562], [5.299, 44.65658], [5.29164, 44.65393], [5.28989, 44.6538], [5.28763, 44.65466], [5.28579, 44.6535]]}}, {"type": "Feature", "properties": {"nom": "Ruisseau de Bramevache", "importance": 5}, "geometry": {"type": "LineString", "coordinates": [[5.32548, 44.64699], [5.32032, 44.64641], [5.31576, 44.64758], [5.30893, 44.64754], [5.30305, 44.64831], [5.30079, 44.64793], [5.2999, 44.64834], [5.2975, 44.64729], [5.29269, 44.64815], [5.28909, 44.64682]]}}, {"type": "Feature", "properties": {"nom": "la Romane", "importance": 5}, "geometry": {"type": "LineString", "coordinates": [[5.10906, 44.76869], [5.11418, 44.76629], [5.11661, 44.76248], [5.1192, 44.7606], [5.11831, 44.75506], [5.11688, 44.75325], [5.11685, 44.75093], [5.11005, 44.74363], [5.11002, 44.74108], [5.10816, 44.73839], [5.10789, 44.73453], [5.1038, 44.7295], [5.10077, 44.72887], [5.09976, 44.72794], [5.10089, 44.72726], [5.09944, 44.72696], [5.0999, 44.72503], [5.0982, 44.72544], [5.0979, 44.72376], [5.09466, 44.71916], [5.0951, 44.71834]]}}, {"type": "Feature", "properties": {"nom": "Ruisseau de Chantemerle", "importance": 5}, "geometry": {"type": "LineString", "coordinates": [[5.1088, 44.78943], [5.10985, 44.78646], [5.11512, 44.78373], [5.11544, 44.7818], [5.11852, 44.77864], [5.11845, 44.77788], [5.11986, 44.77706], [5.12044, 44.77518], [5.12286, 44.77247], [5.1237, 44.76799], [5.12256, 44.76538], [5.12365, 44.76458], [5.12428, 44.76237], [5.12605, 44.76129], [5.12616, 44.75927], [5.12743, 44.75798], [5.12984, 44.75733], [5.13242, 44.75508]]}}, {"type": "Feature", "properties": {"nom": "Ruisseau de Saleine", "importance": 5}, "geometry": {"type": "LineString", "coordinates": [[5.0643, 44.77891], [5.06037, 44.77666], [5.05743, 44.77638], [5.05461, 44.77686], [5.05297, 44.77633], [5.049, 44.77288], [5.04665, 44.77293], [5.04404, 44.77157], [5.04172, 44.77243], [5.0379, 44.77228], [5.0358, 44.77014], [5.03551, 44.76755], [5.03425, 44.76677], [5.02827, 44.76602], [5.02659, 44.76714], [5.02266, 44.76708], [5.01784, 44.76531], [5.01521, 44.76597], [5.01385, 44.76576], [5.01374, 44.76467], [5.01111, 44.76234], [5.00831, 44.7577], [5.01119, 44.74978], [5.00885, 44.74568], [5.00713, 44.74443], [5.00663, 44.74193], [4.99786, 44.73079], [4.99679, 44.73054]]}}, {"type": "Feature", "properties": {"nom": "le Rif Noir", "importance": 5}, "geometry": {"type": "LineString", "coordinates": [[4.98869, 44.68914], [4.98965, 44.69075], [4.98886, 44.69398], [4.98921, 44.69665], [4.98868, 44.69835], [4.9863, 44.70088], [4.98895, 44.70496], [4.99001, 44.71169], [4.98798, 44.71315], [4.98317, 44.71371], [4.98413, 44.71722], [4.98232, 44.7191], [4.98191, 44.72228], [4.98056, 44.72323], [4.9805, 44.72436], [4.97951, 44.72463], [4.98011, 44.72521], [4.9791, 44.72895], [4.97426, 44.73016], [4.97319, 44.73129]]}}, {"type": "Feature", "properties": {"nom": "Ruisseau de Villeneuve", "importance": 5}, "geometry": {"type": "LineString", "coordinates": [[4.98081, 44.68736], [4.97899, 44.69221], [4.97667, 44.69568], [4.97324, 44.6995], [4.97037, 44.7009], [4.96994, 44.7036], [4.9666, 44.70584], [4.96451, 44.709], [4.96362, 44.71128], [4.9635, 44.71591], [4.96243, 44.71694], [4.96269, 44.71871], [4.95815, 44.72264], [4.95833, 44.72379], [4.9557, 44.72428], [4.95197, 44.72694], [4.95261, 44.72874], [4.95125, 44.73315], [4.95136, 44.73853], [4.94866, 44.74033], [4.9443, 44.7414]]}}, {"type": "Feature", "properties": {"nom": "Ruisseau de Rabibois", "importance": 5}, "geometry": {"type": "LineString", "coordinates": [[5.11551, 44.68208], [5.11175, 44.68537], [5.10929, 44.68937], [5.10777, 44.69021], [5.10915, 44.69225], [5.10858, 44.6952], [5.11198, 44.69837], [5.11299, 44.70186]]}}, {"type": "Feature", "properties": {"nom": "Ruisseau de Lausens", "importance": 5}, "geometry": {"type": "LineString", "coordinates": [[5.0487, 44.66015], [5.05457, 44.66085], [5.05845, 44.66202], [5.06375, 44.66083], [5.06797, 44.66104], [5.06966, 44.66153], [5.07013, 44.66331], [5.06902, 44.66469], [5.06888, 44.66726], [5.06765, 44.66905], [5.06563, 44.67616], [5.06198, 44.67892], [5.06171, 44.68082], [5.06055, 44.68119], [5.05948, 44.68401], [5.0577, 44.68516], [5.05796, 44.68867], [5.05411, 44.69167], [5.05483, 44.69311], [5.05328, 44.6936], [5.05417, 44.6962], [5.05685, 44.69738], [5.05596, 44.69895], [5.05808, 44.70154], [5.05716, 44.70227], [5.05883, 44.70326], [5.05869, 44.70592], [5.05582, 44.70906], [5.05652, 44.70956], [5.05482, 44.71143], [5.05508, 44.71292], [5.05337, 44.71404]]}}, {"type": "Feature", "properties": {"nom": "Ruisseau de l'Archiane", "importance": 5}, "geometry": {"type": "LineString", "coordinates": [[5.48146, 44.78432], [5.48181, 44.781], [5.48339, 44.77937], [5.48361, 44.77632], [5.48481, 44.77385], [5.48482, 44.77309], [5.48172, 44.77063], [5.48063, 44.76477], [5.48097, 44.7634], [5.4834, 44.76062], [5.48363, 44.75731], [5.48643, 44.75541], [5.48709, 44.75392], [5.48897, 44.7537], [5.49759, 44.74748], [5.49946, 44.7467], [5.50267, 44.7465], [5.50743, 44.74392], [5.50755, 44.74228], [5.509, 44.74084], [5.51021, 44.73465], [5.51285, 44.73297], [5.51378, 44.73161], [5.51751, 44.72965], [5.5195, 44.72655], [5.52144, 44.72678], [5.52356, 44.7255], [5.52514, 44.72343], [5.52505, 44.72008], [5.52625, 44.71952], [5.52658, 44.71799], [5.52807, 44.71707], [5.52893, 44.71066], [5.52772, 44.70602], [5.52916, 44.70394], [5.5262, 44.69992], [5.52373, 44.69858], [5.52241, 44.69299], [5.52078, 44.69233], [5.5184, 44.6885], [5.51568, 44.68752]]}}, {"type": "Feature", "properties": {"nom": "la V\u00e8bre", "importance": 5}, "geometry": {"type": "LineString", "coordinates": [[5.20112, 44.63987], [5.20025, 44.63983]]}}, {"type": "Feature", "properties": {"nom": "Ruisseau de Boulc", "importance": 5}, "geometry": {"type": "LineString", "coordinates": [[5.63654, 44.62078], [5.63389, 44.62324], [5.63444, 44.62545], [5.6336, 44.62695], [5.63165, 44.62861], [5.62516, 44.63184], [5.62353, 44.63182], [5.62067, 44.62985], [5.61872, 44.62973], [5.61793, 44.62899], [5.61295, 44.62831], [5.60808, 44.62465], [5.60696, 44.62545], [5.60559, 44.62538], [5.60501, 44.62606], [5.60237, 44.62667], [5.601, 44.62812], [5.59692, 44.62951], [5.59468, 44.63105], [5.59192, 44.63092], [5.58929, 44.63248], [5.58705, 44.63223], [5.58074, 44.63346], [5.57578, 44.63691], [5.57106, 44.64313], [5.5663, 44.64733], [5.56198, 44.64696], [5.56112, 44.64837], [5.55963, 44.64835], [5.55879, 44.65137], [5.55908, 44.6535], [5.55774, 44.65512], [5.55692, 44.65818], [5.5555, 44.6594], [5.55417, 44.65937], [5.55319, 44.66014], [5.55142, 44.65978], [5.54987, 44.66049], [5.54825, 44.66038], [5.54537, 44.66213], [5.5441, 44.6638], [5.54625, 44.66649]]}}, {"type": "Feature", "properties": {"nom": "Torrent de la B\u00e9ous", "importance": 5}, "geometry": {"type": "LineString", "coordinates": [[5.38873, 44.58761], [5.39512, 44.58805], [5.39858, 44.58688], [5.39962, 44.58564], [5.40293, 44.58484], [5.4052, 44.58584], [5.41134, 44.58583], [5.41498, 44.58884], [5.41676, 44.58943], [5.41663, 44.59019], [5.41792, 44.59152], [5.42089, 44.59263], [5.4215, 44.59854], [5.42316, 44.60245], [5.42294, 44.6045], [5.42443, 44.60554], [5.42771, 44.60649], [5.42868, 44.60797], [5.43051, 44.60864], [5.43152, 44.61179], [5.43438, 44.61382], [5.43524, 44.61643], [5.43834, 44.61823], [5.43973, 44.62077], [5.44243, 44.62164]]}}, {"type": "Feature", "properties": {"nom": "la S\u00e9pie", "importance": 5}, "geometry": {"type": "LineString", "coordinates": [[5.2374, 44.83314], [5.24025, 44.83147], [5.24133, 44.82961], [5.24074, 44.82741], [5.23956, 44.8265], [5.24083, 44.82241], [5.23944, 44.8208], [5.2324, 44.81654], [5.2306, 44.81477], [5.22758, 44.80662], [5.22439, 44.80433], [5.22219, 44.80404], [5.22, 44.80252], [5.21333, 44.80256], [5.21058, 44.80173], [5.20772, 44.80334], [5.20586, 44.8036], [5.20431, 44.8018], [5.19965, 44.80261], [5.19846, 44.80414], [5.19483, 44.80566], [5.19068, 44.80622], [5.19009, 44.80706], [5.18905, 44.80716], [5.18503, 44.80601], [5.18403, 44.8046], [5.18162, 44.80371], [5.17843, 44.80328], [5.17444, 44.80394]]}}, {"type": "Feature", "properties": {"nom": "Ruisseau de Charsac", "importance": 5}, "geometry": {"type": "LineString", "coordinates": [[5.19298, 44.75028], [5.1904, 44.7496], [5.18931, 44.74869], [5.18429, 44.74805], [5.18143, 44.74856], [5.17998, 44.74999], [5.17818, 44.75001], [5.17257, 44.74743], [5.17087, 44.74793], [5.16967, 44.7476], [5.16887, 44.74643], [5.1683, 44.74671], [5.16695, 44.74596], [5.16498, 44.74199], [5.16345, 44.74095], [5.15992, 44.7401], [5.15964, 44.73921], [5.15519, 44.73745], [5.15388, 44.73571], [5.15167, 44.7351], [5.15055, 44.73554], [5.15042, 44.73441], [5.14847, 44.7348], [5.1482, 44.73391], [5.14597, 44.73282], [5.1451, 44.73023], [5.14346, 44.72939], [5.14356, 44.72827], [5.1405, 44.72587], [5.13739, 44.72486], [5.1376, 44.72425], [5.13659, 44.72377], [5.13706, 44.72322], [5.13238, 44.7185], [5.13214, 44.71433], [5.12942, 44.71319], [5.12922, 44.71226], [5.12597, 44.71145], [5.12543, 44.71215], [5.12348, 44.71033], [5.12241, 44.7109], [5.12116, 44.70985], [5.12005, 44.71026], [5.11962, 44.70903], [5.11671, 44.70785], [5.11602, 44.70594], [5.11473, 44.70599], [5.1146, 44.70454], [5.11335, 44.70422], [5.11282, 44.70315], [5.11126, 44.70306]]}}, {"type": "Feature", "properties": {"nom": "Ruisseau de Merlet", "importance": 5}, "geometry": {"type": "LineString", "coordinates": [[5.5516, 44.61409], [5.55097, 44.61551], [5.55119, 44.61909], [5.55046, 44.61972], [5.55247, 44.6212], [5.55444, 44.62114], [5.55386, 44.62567], [5.55473, 44.62967], [5.55325, 44.63306], [5.55482, 44.63398], [5.55607, 44.63592], [5.55549, 44.63822], [5.55955, 44.64109], [5.5614, 44.64596], [5.55993, 44.64826]]}}, {"type": "Feature", "properties": {"nom": "Ravin de Baume", "importance": 5}, "geometry": {"type": "LineString", "coordinates": [[5.2243, 44.69891], [5.22263, 44.69123], [5.22158, 44.68992], [5.219, 44.69008]]}}, {"type": "Feature", "properties": {"nom": "Ruisseau des Houlettes", "importance": 5}, "geometry": {"type": "LineString", "coordinates": [[5.34458, 44.73016], [5.34233, 44.73295], [5.34234, 44.73809], [5.34141, 44.73958], [5.33952, 44.7407], [5.33996, 44.74286], [5.33868, 44.74595], [5.33504, 44.74959], [5.33504, 44.75234], [5.33174, 44.75487], [5.33037, 44.75831], [5.33097, 44.76123], [5.33001, 44.76233], [5.32949, 44.76575], [5.32978, 44.76668], [5.33058, 44.76686]]}}, {"type": "Feature", "properties": {"nom": "Ruisseau Viopis", "importance": 5}, "geometry": {"type": "LineString", "coordinates": [[5.33644, 44.71757], [5.3342, 44.71647], [5.32972, 44.71654], [5.32703, 44.71723], [5.32392, 44.71666], [5.32164, 44.71694], [5.31471, 44.71504], [5.31084, 44.71509], [5.30772, 44.71604], [5.30102, 44.72112], [5.29568, 44.72293], [5.2909, 44.72384], [5.28521, 44.72406], [5.28407, 44.72489], [5.28225, 44.72459], [5.27791, 44.72585], [5.27034, 44.72503]]}}, {"type": "Feature", "properties": {"nom": "le Maravel", "importance": 5}, "geometry": {"type": "LineString", "coordinates": [[5.61971, 44.60252], [5.61455, 44.60444], [5.61222, 44.60491], [5.61038, 44.60449], [5.60614, 44.60185], [5.60517, 44.5979], [5.60324, 44.59636], [5.60291, 44.59307], [5.59315, 44.58828], [5.59074, 44.5888], [5.58733, 44.58835], [5.58415, 44.58929], [5.57971, 44.58863], [5.57609, 44.59039], [5.57302, 44.59076], [5.56841, 44.59024], [5.56306, 44.58795], [5.5612, 44.58665], [5.56107, 44.58505], [5.55863, 44.58117], [5.56026, 44.5746], [5.5578, 44.57099], [5.5575, 44.56882], [5.55668, 44.56814], [5.55256, 44.56754], [5.54791, 44.56598], [5.54708, 44.56472], [5.54556, 44.56424], [5.5461, 44.56336], [5.54239, 44.56118], [5.54128, 44.55903], [5.54257, 44.55689], [5.53999, 44.55415], [5.53984, 44.55276], [5.5387, 44.55229], [5.53718, 44.54875]]}}]}